set define off

insert into brigade ("BRIGADENUMBER", "BRIGADENAME", "NUMBEROFBATTALIONS")
values (817999, 'Sit', 10);

insert into brigade ("BRIGADENUMBER", "BRIGADENAME", "NUMBEROFBATTALIONS")
values (470639, 'Support', 4);

insert into brigade ("BRIGADENUMBER", "BRIGADENAME", "NUMBEROFBATTALIONS")
values (883025, 'Particular', 10);

insert into brigade ("BRIGADENUMBER", "BRIGADENAME", "NUMBEROFBATTALIONS")
values (554092, 'From', 7);

insert into brigade ("BRIGADENUMBER", "BRIGADENAME", "NUMBEROFBATTALIONS")
values (276600, 'Cultural', 3);

insert into brigade ("BRIGADENUMBER", "BRIGADENAME", "NUMBEROFBATTALIONS")
values (655436, 'Fear', 3);

insert into brigade ("BRIGADENUMBER", "BRIGADENAME", "NUMBEROFBATTALIONS")
values (904832, 'Cold', 7);

insert into brigade ("BRIGADENUMBER", "BRIGADENAME", "NUMBEROFBATTALIONS")
values (344087, 'I', 3);

insert into brigade ("BRIGADENUMBER", "BRIGADENAME", "NUMBEROFBATTALIONS")
values (140978, 'Common', 9);

insert into brigade ("BRIGADENUMBER", "BRIGADENAME", "NUMBEROFBATTALIONS")
values (331515, 'Nor', 4);

insert into brigade ("BRIGADENUMBER", "BRIGADENAME", "NUMBEROFBATTALIONS")
values (203712, 'Study', 3);

insert into brigade ("BRIGADENUMBER", "BRIGADENAME", "NUMBEROFBATTALIONS")
values (767332, 'Stuff', 8);

insert into brigade ("BRIGADENUMBER", "BRIGADENAME", "NUMBEROFBATTALIONS")
values (442735, 'Mouth', 5);

insert into brigade ("BRIGADENUMBER", "BRIGADENAME", "NUMBEROFBATTALIONS")
values (909998, 'Book', 6);

insert into brigade ("BRIGADENUMBER", "BRIGADENAME", "NUMBEROFBATTALIONS")
values (704834, 'Goal', 9);

insert into brigade ("BRIGADENUMBER", "BRIGADENAME", "NUMBEROFBATTALIONS")
values (967725, 'Market', 9);

insert into brigade ("BRIGADENUMBER", "BRIGADENAME", "NUMBEROFBATTALIONS")
values (232494, 'Follow', 7);

insert into brigade ("BRIGADENUMBER", "BRIGADENAME", "NUMBEROFBATTALIONS")
values (477768, 'Responsibility', 4);

insert into brigade ("BRIGADENUMBER", "BRIGADENAME", "NUMBEROFBATTALIONS")
values (581076, 'War', 6);

insert into brigade ("BRIGADENUMBER", "BRIGADENAME", "NUMBEROFBATTALIONS")
values (399729, 'Husband', 10);

insert into brigade ("BRIGADENUMBER", "BRIGADENAME", "NUMBEROFBATTALIONS")
values (920127, 'Strategy', 10);

insert into brigade ("BRIGADENUMBER", "BRIGADENAME", "NUMBEROFBATTALIONS")
values (918751, 'Animal', 9);

insert into brigade ("BRIGADENUMBER", "BRIGADENAME", "NUMBEROFBATTALIONS")
values (659493, 'Task', 7);

insert into brigade ("BRIGADENUMBER", "BRIGADENAME", "NUMBEROFBATTALIONS")
values (888309, 'Game', 7);

insert into brigade ("BRIGADENUMBER", "BRIGADENAME", "NUMBEROFBATTALIONS")
values (464371, 'Economic', 8);

insert into brigade ("BRIGADENUMBER", "BRIGADENAME", "NUMBEROFBATTALIONS")
values (330907, 'Yard', 9);

insert into brigade ("BRIGADENUMBER", "BRIGADENAME", "NUMBEROFBATTALIONS")
values (360598, 'Wish', 6);

insert into brigade ("BRIGADENUMBER", "BRIGADENAME", "NUMBEROFBATTALIONS")
values (375445, 'Bad', 10);

insert into brigade ("BRIGADENUMBER", "BRIGADENAME", "NUMBEROFBATTALIONS")
values (423361, 'Country', 7);

insert into brigade ("BRIGADENUMBER", "BRIGADENAME", "NUMBEROFBATTALIONS")
values (469077, 'Or', 3);

insert into brigade ("BRIGADENUMBER", "BRIGADENAME", "NUMBEROFBATTALIONS")
values (154018, 'Rather', 10);

insert into brigade ("BRIGADENUMBER", "BRIGADENAME", "NUMBEROFBATTALIONS")
values (186557, 'Somebody', 5);

insert into brigade ("BRIGADENUMBER", "BRIGADENAME", "NUMBEROFBATTALIONS")
values (764263, 'Focus', 6);

insert into brigade ("BRIGADENUMBER", "BRIGADENAME", "NUMBEROFBATTALIONS")
values (610903, 'State', 5);

insert into brigade ("BRIGADENUMBER", "BRIGADENAME", "NUMBEROFBATTALIONS")
values (426700, 'Open', 5);

insert into brigade ("BRIGADENUMBER", "BRIGADENAME", "NUMBEROFBATTALIONS")
values (803369, 'Behind', 7);

insert into brigade ("BRIGADENUMBER", "BRIGADENAME", "NUMBEROFBATTALIONS")
values (542282, 'Decade', 8);

insert into brigade ("BRIGADENUMBER", "BRIGADENAME", "NUMBEROFBATTALIONS")
values (446805, 'Though', 9);

insert into brigade ("BRIGADENUMBER", "BRIGADENAME", "NUMBEROFBATTALIONS")
values (148090, 'Young', 10);

insert into brigade ("BRIGADENUMBER", "BRIGADENAME", "NUMBEROFBATTALIONS")
values (611227, 'Population', 3);

insert into brigade ("BRIGADENUMBER", "BRIGADENAME", "NUMBEROFBATTALIONS")
values (735527, 'Start', 7);

insert into brigade ("BRIGADENUMBER", "BRIGADENAME", "NUMBEROFBATTALIONS")
values (711439, 'Court', 3);

insert into brigade ("BRIGADENUMBER", "BRIGADENAME", "NUMBEROFBATTALIONS")
values (595966, 'Audience', 5);

insert into brigade ("BRIGADENUMBER", "BRIGADENAME", "NUMBEROFBATTALIONS")
values (176101, 'Agree', 6);

insert into brigade ("BRIGADENUMBER", "BRIGADENAME", "NUMBEROFBATTALIONS")
values (622820, 'Watch', 3);

insert into brigade ("BRIGADENUMBER", "BRIGADENAME", "NUMBEROFBATTALIONS")
values (461893, 'Bed', 5);

insert into brigade ("BRIGADENUMBER", "BRIGADENAME", "NUMBEROFBATTALIONS")
values (328522, 'Subject', 9);

insert into brigade ("BRIGADENUMBER", "BRIGADENAME", "NUMBEROFBATTALIONS")
values (845978, 'Expect', 6);

insert into brigade ("BRIGADENUMBER", "BRIGADENAME", "NUMBEROFBATTALIONS")
values (271411, 'Impact', 10);

insert into brigade ("BRIGADENUMBER", "BRIGADENAME", "NUMBEROFBATTALIONS")
values (894990, 'Return', 3);

insert into brigade ("BRIGADENUMBER", "BRIGADENAME", "NUMBEROFBATTALIONS")
values (901236, 'Help', 9);

insert into brigade ("BRIGADENUMBER", "BRIGADENAME", "NUMBEROFBATTALIONS")
values (333224, 'Serious', 9);

insert into brigade ("BRIGADENUMBER", "BRIGADENAME", "NUMBEROFBATTALIONS")
values (491575, 'Nothing', 4);

insert into brigade ("BRIGADENUMBER", "BRIGADENAME", "NUMBEROFBATTALIONS")
values (830539, 'Step', 9);

insert into brigade ("BRIGADENUMBER", "BRIGADENAME", "NUMBEROFBATTALIONS")
values (514008, 'Stay', 8);

insert into brigade ("BRIGADENUMBER", "BRIGADENAME", "NUMBEROFBATTALIONS")
values (547686, 'Relationship', 5);

insert into brigade ("BRIGADENUMBER", "BRIGADENAME", "NUMBEROFBATTALIONS")
values (394532, 'Capital', 10);

insert into brigade ("BRIGADENUMBER", "BRIGADENAME", "NUMBEROFBATTALIONS")
values (590646, 'Experience', 4);

insert into brigade ("BRIGADENUMBER", "BRIGADENAME", "NUMBEROFBATTALIONS")
values (779871, 'Cover', 6);

insert into brigade ("BRIGADENUMBER", "BRIGADENAME", "NUMBEROFBATTALIONS")
values (856197, 'Attention', 9);

insert into brigade ("BRIGADENUMBER", "BRIGADENAME", "NUMBEROFBATTALIONS")
values (115042, 'Hold', 6);

insert into brigade ("BRIGADENUMBER", "BRIGADENAME", "NUMBEROFBATTALIONS")
values (235390, 'Blue', 7);

insert into brigade ("BRIGADENUMBER", "BRIGADENAME", "NUMBEROFBATTALIONS")
values (433836, 'Account', 3);

insert into brigade ("BRIGADENUMBER", "BRIGADENAME", "NUMBEROFBATTALIONS")
values (781134, 'Several', 8);

insert into brigade ("BRIGADENUMBER", "BRIGADENAME", "NUMBEROFBATTALIONS")
values (402788, 'Seat', 3);

insert into brigade ("BRIGADENUMBER", "BRIGADENAME", "NUMBEROFBATTALIONS")
values (624381, 'Skill', 3);

insert into brigade ("BRIGADENUMBER", "BRIGADENAME", "NUMBEROFBATTALIONS")
values (317332, 'Free', 7);

insert into brigade ("BRIGADENUMBER", "BRIGADENAME", "NUMBEROFBATTALIONS")
values (193855, 'Company', 6);

insert into brigade ("BRIGADENUMBER", "BRIGADENAME", "NUMBEROFBATTALIONS")
values (222470, 'Tell', 10);

insert into brigade ("BRIGADENUMBER", "BRIGADENAME", "NUMBEROFBATTALIONS")
values (695560, 'Possible', 10);

insert into brigade ("BRIGADENUMBER", "BRIGADENAME", "NUMBEROFBATTALIONS")
values (441372, 'However', 9);

insert into brigade ("BRIGADENUMBER", "BRIGADENAME", "NUMBEROFBATTALIONS")
values (290981, 'Prepare', 10);

insert into brigade ("BRIGADENUMBER", "BRIGADENAME", "NUMBEROFBATTALIONS")
values (480502, 'Behavior', 6);

insert into brigade ("BRIGADENUMBER", "BRIGADENAME", "NUMBEROFBATTALIONS")
values (620953, 'Top', 3);

insert into brigade ("BRIGADENUMBER", "BRIGADENAME", "NUMBEROFBATTALIONS")
values (761769, 'Executive', 8);

insert into brigade ("BRIGADENUMBER", "BRIGADENAME", "NUMBEROFBATTALIONS")
values (369848, 'Drug', 8);

insert into brigade ("BRIGADENUMBER", "BRIGADENAME", "NUMBEROFBATTALIONS")
values (282960, 'Between', 3);

insert into brigade ("BRIGADENUMBER", "BRIGADENAME", "NUMBEROFBATTALIONS")
values (879594, 'Take', 3);

insert into brigade ("BRIGADENUMBER", "BRIGADENAME", "NUMBEROFBATTALIONS")
values (209519, 'Bit', 4);

insert into brigade ("BRIGADENUMBER", "BRIGADENAME", "NUMBEROFBATTALIONS")
values (851046, 'Word', 7);

insert into brigade ("BRIGADENUMBER", "BRIGADENAME", "NUMBEROFBATTALIONS")
values (420618, 'Left', 10);

insert into brigade ("BRIGADENUMBER", "BRIGADENAME", "NUMBEROFBATTALIONS")
values (742752, 'Fine', 3);

insert into brigade ("BRIGADENUMBER", "BRIGADENAME", "NUMBEROFBATTALIONS")
values (252817, 'Cup', 3);

insert into brigade ("BRIGADENUMBER", "BRIGADENAME", "NUMBEROFBATTALIONS")
values (798812, 'Trial', 5);

insert into brigade ("BRIGADENUMBER", "BRIGADENAME", "NUMBEROFBATTALIONS")
values (155206, 'From', 5);

insert into brigade ("BRIGADENUMBER", "BRIGADENAME", "NUMBEROFBATTALIONS")
values (282968, 'From', 7);

insert into brigade ("BRIGADENUMBER", "BRIGADENAME", "NUMBEROFBATTALIONS")
values (244044, 'Natural', 3);

insert into brigade ("BRIGADENUMBER", "BRIGADENAME", "NUMBEROFBATTALIONS")
values (925527, 'Activity', 7);

insert into brigade ("BRIGADENUMBER", "BRIGADENAME", "NUMBEROFBATTALIONS")
values (744277, 'Drop', 7);

insert into brigade ("BRIGADENUMBER", "BRIGADENAME", "NUMBEROFBATTALIONS")
values (238611, 'Add', 6);

insert into brigade ("BRIGADENUMBER", "BRIGADENAME", "NUMBEROFBATTALIONS")
values (214063, 'Stop', 3);

insert into brigade ("BRIGADENUMBER", "BRIGADENAME", "NUMBEROFBATTALIONS")
values (671751, 'Value', 8);

insert into brigade ("BRIGADENUMBER", "BRIGADENAME", "NUMBEROFBATTALIONS")
values (529698, 'Star', 6);

insert into brigade ("BRIGADENUMBER", "BRIGADENAME", "NUMBEROFBATTALIONS")
values (872201, 'Factor', 8);

insert into brigade ("BRIGADENUMBER", "BRIGADENAME", "NUMBEROFBATTALIONS")
values (251141, 'Quite', 4);

insert into brigade ("BRIGADENUMBER", "BRIGADENAME", "NUMBEROFBATTALIONS")
values (602906, 'Skill', 9);

insert into brigade ("BRIGADENUMBER", "BRIGADENAME", "NUMBEROFBATTALIONS")
values (603703, 'Sort', 7);

insert into brigade ("BRIGADENUMBER", "BRIGADENAME", "NUMBEROFBATTALIONS")
values (458515, 'Society', 6);

insert into brigade ("BRIGADENUMBER", "BRIGADENAME", "NUMBEROFBATTALIONS")
values (879484, 'Ahead', 10);

insert into brigade ("BRIGADENUMBER", "BRIGADENAME", "NUMBEROFBATTALIONS")
values (962028, 'Amount', 8);

commit;

insert into brigade ("BRIGADENUMBER", "BRIGADENAME", "NUMBEROFBATTALIONS")
values (981996, 'Left', 6);

insert into brigade ("BRIGADENUMBER", "BRIGADENAME", "NUMBEROFBATTALIONS")
values (863178, 'Seat', 10);

insert into brigade ("BRIGADENUMBER", "BRIGADENAME", "NUMBEROFBATTALIONS")
values (335687, 'Mouth', 4);

insert into brigade ("BRIGADENUMBER", "BRIGADENAME", "NUMBEROFBATTALIONS")
values (495614, 'Always', 4);

insert into brigade ("BRIGADENUMBER", "BRIGADENAME", "NUMBEROFBATTALIONS")
values (651294, 'Religious', 4);

insert into brigade ("BRIGADENUMBER", "BRIGADENAME", "NUMBEROFBATTALIONS")
values (864515, 'Eight', 7);

insert into brigade ("BRIGADENUMBER", "BRIGADENAME", "NUMBEROFBATTALIONS")
values (129891, 'Be', 3);

insert into brigade ("BRIGADENUMBER", "BRIGADENAME", "NUMBEROFBATTALIONS")
values (128932, 'Stop', 3);

insert into brigade ("BRIGADENUMBER", "BRIGADENAME", "NUMBEROFBATTALIONS")
values (440182, 'Same', 6);

insert into brigade ("BRIGADENUMBER", "BRIGADENAME", "NUMBEROFBATTALIONS")
values (831696, 'Light', 4);

insert into brigade ("BRIGADENUMBER", "BRIGADENAME", "NUMBEROFBATTALIONS")
values (560965, 'Home', 3);

insert into brigade ("BRIGADENUMBER", "BRIGADENAME", "NUMBEROFBATTALIONS")
values (282141, 'Attorney', 4);

insert into brigade ("BRIGADENUMBER", "BRIGADENAME", "NUMBEROFBATTALIONS")
values (520576, 'Another', 6);

insert into brigade ("BRIGADENUMBER", "BRIGADENAME", "NUMBEROFBATTALIONS")
values (619075, 'Paper', 9);

insert into brigade ("BRIGADENUMBER", "BRIGADENAME", "NUMBEROFBATTALIONS")
values (569186, 'All', 5);

insert into brigade ("BRIGADENUMBER", "BRIGADENAME", "NUMBEROFBATTALIONS")
values (574711, 'May', 4);

insert into brigade ("BRIGADENUMBER", "BRIGADENAME", "NUMBEROFBATTALIONS")
values (413844, 'Number', 4);

insert into brigade ("BRIGADENUMBER", "BRIGADENAME", "NUMBEROFBATTALIONS")
values (139630, 'Case', 4);

insert into brigade ("BRIGADENUMBER", "BRIGADENAME", "NUMBEROFBATTALIONS")
values (557943, 'Marriage', 10);

insert into brigade ("BRIGADENUMBER", "BRIGADENAME", "NUMBEROFBATTALIONS")
values (984549, 'Movie', 7);

insert into brigade ("BRIGADENUMBER", "BRIGADENAME", "NUMBEROFBATTALIONS")
values (874080, 'Race', 7);

insert into brigade ("BRIGADENUMBER", "BRIGADENAME", "NUMBEROFBATTALIONS")
values (153601, 'Check', 4);

insert into brigade ("BRIGADENUMBER", "BRIGADENAME", "NUMBEROFBATTALIONS")
values (711862, 'Strategy', 5);

insert into brigade ("BRIGADENUMBER", "BRIGADENAME", "NUMBEROFBATTALIONS")
values (613336, 'Wall', 7);

insert into brigade ("BRIGADENUMBER", "BRIGADENAME", "NUMBEROFBATTALIONS")
values (240812, 'Follow', 6);

insert into brigade ("BRIGADENUMBER", "BRIGADENAME", "NUMBEROFBATTALIONS")
values (308127, 'Reality', 3);

insert into brigade ("BRIGADENUMBER", "BRIGADENAME", "NUMBEROFBATTALIONS")
values (358774, 'Wait', 3);

insert into brigade ("BRIGADENUMBER", "BRIGADENAME", "NUMBEROFBATTALIONS")
values (825789, 'Others', 8);

insert into brigade ("BRIGADENUMBER", "BRIGADENAME", "NUMBEROFBATTALIONS")
values (798038, 'Edge', 8);

insert into brigade ("BRIGADENUMBER", "BRIGADENAME", "NUMBEROFBATTALIONS")
values (583942, 'Mention', 8);

insert into brigade ("BRIGADENUMBER", "BRIGADENAME", "NUMBEROFBATTALIONS")
values (426274, 'Fall', 3);

insert into brigade ("BRIGADENUMBER", "BRIGADENAME", "NUMBEROFBATTALIONS")
values (178979, 'Great', 4);

insert into brigade ("BRIGADENUMBER", "BRIGADENAME", "NUMBEROFBATTALIONS")
values (784403, 'Age', 8);

insert into brigade ("BRIGADENUMBER", "BRIGADENAME", "NUMBEROFBATTALIONS")
values (425053, 'Themselves', 7);

insert into brigade ("BRIGADENUMBER", "BRIGADENAME", "NUMBEROFBATTALIONS")
values (384495, 'Over', 6);

insert into brigade ("BRIGADENUMBER", "BRIGADENAME", "NUMBEROFBATTALIONS")
values (213012, 'Garden', 9);

insert into brigade ("BRIGADENUMBER", "BRIGADENAME", "NUMBEROFBATTALIONS")
values (601474, 'Detail', 4);

insert into brigade ("BRIGADENUMBER", "BRIGADENAME", "NUMBEROFBATTALIONS")
values (264191, 'Method', 5);

insert into brigade ("BRIGADENUMBER", "BRIGADENAME", "NUMBEROFBATTALIONS")
values (423620, 'Business', 8);

insert into brigade ("BRIGADENUMBER", "BRIGADENAME", "NUMBEROFBATTALIONS")
values (829681, 'Watch', 8);

insert into brigade ("BRIGADENUMBER", "BRIGADENAME", "NUMBEROFBATTALIONS")
values (380158, 'Difference', 6);

insert into brigade ("BRIGADENUMBER", "BRIGADENAME", "NUMBEROFBATTALIONS")
values (485692, 'Type', 7);

insert into brigade ("BRIGADENUMBER", "BRIGADENAME", "NUMBEROFBATTALIONS")
values (769153, 'Take', 7);

insert into brigade ("BRIGADENUMBER", "BRIGADENAME", "NUMBEROFBATTALIONS")
values (729895, 'Similar', 3);

insert into brigade ("BRIGADENUMBER", "BRIGADENAME", "NUMBEROFBATTALIONS")
values (362339, 'Reason', 3);

insert into brigade ("BRIGADENUMBER", "BRIGADENAME", "NUMBEROFBATTALIONS")
values (490769, 'Service', 3);

insert into brigade ("BRIGADENUMBER", "BRIGADENAME", "NUMBEROFBATTALIONS")
values (781594, 'You', 7);

insert into brigade ("BRIGADENUMBER", "BRIGADENAME", "NUMBEROFBATTALIONS")
values (375153, 'Eye', 6);

insert into brigade ("BRIGADENUMBER", "BRIGADENAME", "NUMBEROFBATTALIONS")
values (892769, 'Cell', 5);

insert into brigade ("BRIGADENUMBER", "BRIGADENAME", "NUMBEROFBATTALIONS")
values (123049, 'Turn', 3);

insert into brigade ("BRIGADENUMBER", "BRIGADENAME", "NUMBEROFBATTALIONS")
values (452772, 'Fine', 8);

insert into brigade ("BRIGADENUMBER", "BRIGADENAME", "NUMBEROFBATTALIONS")
values (333462, 'Allow', 6);

insert into brigade ("BRIGADENUMBER", "BRIGADENAME", "NUMBEROFBATTALIONS")
values (286317, 'Rise', 3);

insert into brigade ("BRIGADENUMBER", "BRIGADENAME", "NUMBEROFBATTALIONS")
values (401475, 'Upon', 6);

insert into brigade ("BRIGADENUMBER", "BRIGADENAME", "NUMBEROFBATTALIONS")
values (770516, 'But', 8);

insert into brigade ("BRIGADENUMBER", "BRIGADENAME", "NUMBEROFBATTALIONS")
values (223728, 'Whole', 10);

insert into brigade ("BRIGADENUMBER", "BRIGADENAME", "NUMBEROFBATTALIONS")
values (266472, 'Parent', 4);

insert into brigade ("BRIGADENUMBER", "BRIGADENAME", "NUMBEROFBATTALIONS")
values (818715, 'Notice', 6);

insert into brigade ("BRIGADENUMBER", "BRIGADENAME", "NUMBEROFBATTALIONS")
values (738977, 'Authority', 5);

insert into brigade ("BRIGADENUMBER", "BRIGADENAME", "NUMBEROFBATTALIONS")
values (516464, 'Buy', 8);

insert into brigade ("BRIGADENUMBER", "BRIGADENAME", "NUMBEROFBATTALIONS")
values (335308, 'Out', 10);

insert into brigade ("BRIGADENUMBER", "BRIGADENAME", "NUMBEROFBATTALIONS")
values (883944, 'Who', 9);

insert into brigade ("BRIGADENUMBER", "BRIGADENAME", "NUMBEROFBATTALIONS")
values (872090, 'Idea', 7);

insert into brigade ("BRIGADENUMBER", "BRIGADENAME", "NUMBEROFBATTALIONS")
values (544874, 'Base', 10);

insert into brigade ("BRIGADENUMBER", "BRIGADENAME", "NUMBEROFBATTALIONS")
values (592906, 'Treat', 9);

insert into brigade ("BRIGADENUMBER", "BRIGADENAME", "NUMBEROFBATTALIONS")
values (712940, 'Fish', 6);

insert into brigade ("BRIGADENUMBER", "BRIGADENAME", "NUMBEROFBATTALIONS")
values (870485, 'Of', 8);

insert into brigade ("BRIGADENUMBER", "BRIGADENAME", "NUMBEROFBATTALIONS")
values (397565, 'Let', 10);

insert into brigade ("BRIGADENUMBER", "BRIGADENAME", "NUMBEROFBATTALIONS")
values (684681, 'Health', 6);

insert into brigade ("BRIGADENUMBER", "BRIGADENAME", "NUMBEROFBATTALIONS")
values (186231, 'Must', 5);

insert into brigade ("BRIGADENUMBER", "BRIGADENAME", "NUMBEROFBATTALIONS")
values (207997, 'Matter', 8);

insert into brigade ("BRIGADENUMBER", "BRIGADENAME", "NUMBEROFBATTALIONS")
values (774571, 'Brother', 3);

insert into brigade ("BRIGADENUMBER", "BRIGADENAME", "NUMBEROFBATTALIONS")
values (362510, 'Seat', 8);

insert into brigade ("BRIGADENUMBER", "BRIGADENAME", "NUMBEROFBATTALIONS")
values (400430, 'Whatever', 5);

insert into brigade ("BRIGADENUMBER", "BRIGADENAME", "NUMBEROFBATTALIONS")
values (900398, 'Significant', 10);

insert into brigade ("BRIGADENUMBER", "BRIGADENAME", "NUMBEROFBATTALIONS")
values (764401, 'Executive', 5);

insert into brigade ("BRIGADENUMBER", "BRIGADENAME", "NUMBEROFBATTALIONS")
values (216430, 'Amount', 4);

insert into brigade ("BRIGADENUMBER", "BRIGADENAME", "NUMBEROFBATTALIONS")
values (469406, 'Strategy', 5);

insert into brigade ("BRIGADENUMBER", "BRIGADENAME", "NUMBEROFBATTALIONS")
values (329997, 'Cultural', 3);

insert into brigade ("BRIGADENUMBER", "BRIGADENAME", "NUMBEROFBATTALIONS")
values (761727, 'Generation', 3);

insert into brigade ("BRIGADENUMBER", "BRIGADENAME", "NUMBEROFBATTALIONS")
values (528218, 'Such', 10);

insert into brigade ("BRIGADENUMBER", "BRIGADENAME", "NUMBEROFBATTALIONS")
values (395900, 'Summer', 5);

insert into brigade ("BRIGADENUMBER", "BRIGADENAME", "NUMBEROFBATTALIONS")
values (294574, 'List', 5);

insert into brigade ("BRIGADENUMBER", "BRIGADENAME", "NUMBEROFBATTALIONS")
values (282264, 'Inside', 3);

insert into brigade ("BRIGADENUMBER", "BRIGADENAME", "NUMBEROFBATTALIONS")
values (739410, 'Agreement', 7);

insert into brigade ("BRIGADENUMBER", "BRIGADENAME", "NUMBEROFBATTALIONS")
values (819890, 'From', 3);

insert into brigade ("BRIGADENUMBER", "BRIGADENAME", "NUMBEROFBATTALIONS")
values (587496, 'Leave', 6);

insert into brigade ("BRIGADENUMBER", "BRIGADENAME", "NUMBEROFBATTALIONS")
values (938140, 'Popular', 7);

insert into brigade ("BRIGADENUMBER", "BRIGADENAME", "NUMBEROFBATTALIONS")
values (407192, 'Method', 5);

insert into brigade ("BRIGADENUMBER", "BRIGADENAME", "NUMBEROFBATTALIONS")
values (546628, 'Court', 3);

insert into brigade ("BRIGADENUMBER", "BRIGADENAME", "NUMBEROFBATTALIONS")
values (656798, 'Generation', 10);

insert into brigade ("BRIGADENUMBER", "BRIGADENAME", "NUMBEROFBATTALIONS")
values (237916, 'Reality', 3);

insert into brigade ("BRIGADENUMBER", "BRIGADENAME", "NUMBEROFBATTALIONS")
values (524965, 'Expert', 8);

insert into brigade ("BRIGADENUMBER", "BRIGADENAME", "NUMBEROFBATTALIONS")
values (500714, 'When', 9);

insert into brigade ("BRIGADENUMBER", "BRIGADENAME", "NUMBEROFBATTALIONS")
values (864712, 'Though', 8);

insert into brigade ("BRIGADENUMBER", "BRIGADENAME", "NUMBEROFBATTALIONS")
values (441871, 'Society', 8);

insert into brigade ("BRIGADENUMBER", "BRIGADENAME", "NUMBEROFBATTALIONS")
values (894449, 'Until', 4);

insert into brigade ("BRIGADENUMBER", "BRIGADENAME", "NUMBEROFBATTALIONS")
values (109717, 'Worker', 7);

insert into brigade ("BRIGADENUMBER", "BRIGADENAME", "NUMBEROFBATTALIONS")
values (795573, 'Base', 6);

insert into brigade ("BRIGADENUMBER", "BRIGADENAME", "NUMBEROFBATTALIONS")
values (323878, 'Level', 8);

commit;

insert into brigade ("BRIGADENUMBER", "BRIGADENAME", "NUMBEROFBATTALIONS")
values (987217, 'Gun', 3);

insert into brigade ("BRIGADENUMBER", "BRIGADENAME", "NUMBEROFBATTALIONS")
values (236963, 'Food', 9);

insert into brigade ("BRIGADENUMBER", "BRIGADENAME", "NUMBEROFBATTALIONS")
values (587565, 'Fast', 5);

insert into brigade ("BRIGADENUMBER", "BRIGADENAME", "NUMBEROFBATTALIONS")
values (774082, 'Scientist', 6);

insert into brigade ("BRIGADENUMBER", "BRIGADENAME", "NUMBEROFBATTALIONS")
values (723597, 'Understand', 9);

insert into brigade ("BRIGADENUMBER", "BRIGADENAME", "NUMBEROFBATTALIONS")
values (987399, 'Smile', 3);

insert into brigade ("BRIGADENUMBER", "BRIGADENAME", "NUMBEROFBATTALIONS")
values (247597, 'Than', 7);

insert into brigade ("BRIGADENUMBER", "BRIGADENAME", "NUMBEROFBATTALIONS")
values (714723, 'Effect', 10);

insert into brigade ("BRIGADENUMBER", "BRIGADENAME", "NUMBEROFBATTALIONS")
values (389063, 'Partner', 10);

insert into brigade ("BRIGADENUMBER", "BRIGADENAME", "NUMBEROFBATTALIONS")
values (359073, 'Risk', 9);

insert into brigade ("BRIGADENUMBER", "BRIGADENAME", "NUMBEROFBATTALIONS")
values (649421, 'General', 8);

insert into brigade ("BRIGADENUMBER", "BRIGADENAME", "NUMBEROFBATTALIONS")
values (586571, 'Edge', 8);

insert into brigade ("BRIGADENUMBER", "BRIGADENAME", "NUMBEROFBATTALIONS")
values (360946, 'Offer', 6);

insert into brigade ("BRIGADENUMBER", "BRIGADENAME", "NUMBEROFBATTALIONS")
values (264010, 'Red', 9);

insert into brigade ("BRIGADENUMBER", "BRIGADENAME", "NUMBEROFBATTALIONS")
values (789732, 'Exactly', 5);

insert into brigade ("BRIGADENUMBER", "BRIGADENAME", "NUMBEROFBATTALIONS")
values (432010, 'Fast', 7);

insert into brigade ("BRIGADENUMBER", "BRIGADENAME", "NUMBEROFBATTALIONS")
values (733570, 'Staff', 8);

insert into brigade ("BRIGADENUMBER", "BRIGADENAME", "NUMBEROFBATTALIONS")
values (665376, 'Specific', 7);

insert into brigade ("BRIGADENUMBER", "BRIGADENAME", "NUMBEROFBATTALIONS")
values (327530, 'Country', 4);

insert into brigade ("BRIGADENUMBER", "BRIGADENAME", "NUMBEROFBATTALIONS")
values (539535, 'Onto', 9);

insert into brigade ("BRIGADENUMBER", "BRIGADENAME", "NUMBEROFBATTALIONS")
values (638906, 'Though', 9);

insert into brigade ("BRIGADENUMBER", "BRIGADENAME", "NUMBEROFBATTALIONS")
values (289205, 'Company', 10);

insert into brigade ("BRIGADENUMBER", "BRIGADENAME", "NUMBEROFBATTALIONS")
values (668958, 'Must', 4);

insert into brigade ("BRIGADENUMBER", "BRIGADENAME", "NUMBEROFBATTALIONS")
values (598114, 'Why', 10);

insert into brigade ("BRIGADENUMBER", "BRIGADENAME", "NUMBEROFBATTALIONS")
values (238360, 'Parent', 6);

insert into brigade ("BRIGADENUMBER", "BRIGADENAME", "NUMBEROFBATTALIONS")
values (947686, 'Forward', 10);

insert into brigade ("BRIGADENUMBER", "BRIGADENAME", "NUMBEROFBATTALIONS")
values (846687, 'Include', 3);

insert into brigade ("BRIGADENUMBER", "BRIGADENAME", "NUMBEROFBATTALIONS")
values (250296, 'Decision', 6);

insert into brigade ("BRIGADENUMBER", "BRIGADENAME", "NUMBEROFBATTALIONS")
values (987722, 'State', 7);

insert into brigade ("BRIGADENUMBER", "BRIGADENAME", "NUMBEROFBATTALIONS")
values (932700, 'Series', 5);

insert into brigade ("BRIGADENUMBER", "BRIGADENAME", "NUMBEROFBATTALIONS")
values (399728, 'Career', 6);

insert into brigade ("BRIGADENUMBER", "BRIGADENAME", "NUMBEROFBATTALIONS")
values (933415, 'Produce', 9);

insert into brigade ("BRIGADENUMBER", "BRIGADENAME", "NUMBEROFBATTALIONS")
values (320959, 'Across', 4);

insert into brigade ("BRIGADENUMBER", "BRIGADENAME", "NUMBEROFBATTALIONS")
values (724060, 'Former', 9);

insert into brigade ("BRIGADENUMBER", "BRIGADENAME", "NUMBEROFBATTALIONS")
values (748462, 'As', 4);

insert into brigade ("BRIGADENUMBER", "BRIGADENAME", "NUMBEROFBATTALIONS")
values (106040, 'Money', 10);

insert into brigade ("BRIGADENUMBER", "BRIGADENAME", "NUMBEROFBATTALIONS")
values (224958, 'Anyone', 6);

insert into brigade ("BRIGADENUMBER", "BRIGADENAME", "NUMBEROFBATTALIONS")
values (452863, 'Myself', 5);

insert into brigade ("BRIGADENUMBER", "BRIGADENAME", "NUMBEROFBATTALIONS")
values (711086, 'Former', 9);

insert into brigade ("BRIGADENUMBER", "BRIGADENAME", "NUMBEROFBATTALIONS")
values (434439, 'Born', 8);

insert into brigade ("BRIGADENUMBER", "BRIGADENAME", "NUMBEROFBATTALIONS")
values (842005, 'Leader', 8);

insert into brigade ("BRIGADENUMBER", "BRIGADENAME", "NUMBEROFBATTALIONS")
values (400771, 'Government', 4);

insert into brigade ("BRIGADENUMBER", "BRIGADENAME", "NUMBEROFBATTALIONS")
values (476606, 'Likely', 9);

insert into brigade ("BRIGADENUMBER", "BRIGADENAME", "NUMBEROFBATTALIONS")
values (351696, 'His', 3);

insert into brigade ("BRIGADENUMBER", "BRIGADENAME", "NUMBEROFBATTALIONS")
values (781144, 'Big', 4);

insert into brigade ("BRIGADENUMBER", "BRIGADENAME", "NUMBEROFBATTALIONS")
values (831420, 'Lawyer', 3);

insert into brigade ("BRIGADENUMBER", "BRIGADENAME", "NUMBEROFBATTALIONS")
values (122884, 'Everyone', 4);

insert into brigade ("BRIGADENUMBER", "BRIGADENAME", "NUMBEROFBATTALIONS")
values (504534, 'Article', 3);

insert into brigade ("BRIGADENUMBER", "BRIGADENAME", "NUMBEROFBATTALIONS")
values (301583, 'Trip', 4);

insert into brigade ("BRIGADENUMBER", "BRIGADENAME", "NUMBEROFBATTALIONS")
values (438405, 'Too', 8);

insert into brigade ("BRIGADENUMBER", "BRIGADENAME", "NUMBEROFBATTALIONS")
values (987376, 'Marriage', 3);

insert into brigade ("BRIGADENUMBER", "BRIGADENAME", "NUMBEROFBATTALIONS")
values (990286, 'Wait', 4);

insert into brigade ("BRIGADENUMBER", "BRIGADENAME", "NUMBEROFBATTALIONS")
values (552334, 'Finally', 6);

insert into brigade ("BRIGADENUMBER", "BRIGADENAME", "NUMBEROFBATTALIONS")
values (951604, 'Throw', 5);

insert into brigade ("BRIGADENUMBER", "BRIGADENAME", "NUMBEROFBATTALIONS")
values (204277, 'Plan', 5);

insert into brigade ("BRIGADENUMBER", "BRIGADENAME", "NUMBEROFBATTALIONS")
values (194208, 'No', 4);

insert into brigade ("BRIGADENUMBER", "BRIGADENAME", "NUMBEROFBATTALIONS")
values (183503, 'Foot', 5);

insert into brigade ("BRIGADENUMBER", "BRIGADENAME", "NUMBEROFBATTALIONS")
values (160916, 'Huge', 7);

insert into brigade ("BRIGADENUMBER", "BRIGADENAME", "NUMBEROFBATTALIONS")
values (342471, 'Save', 3);

insert into brigade ("BRIGADENUMBER", "BRIGADENAME", "NUMBEROFBATTALIONS")
values (763124, 'Discuss', 4);

insert into brigade ("BRIGADENUMBER", "BRIGADENAME", "NUMBEROFBATTALIONS")
values (543206, 'Activity', 9);

insert into brigade ("BRIGADENUMBER", "BRIGADENAME", "NUMBEROFBATTALIONS")
values (589270, 'Artist', 7);

insert into brigade ("BRIGADENUMBER", "BRIGADENAME", "NUMBEROFBATTALIONS")
values (100498, 'Beautiful', 6);

insert into brigade ("BRIGADENUMBER", "BRIGADENAME", "NUMBEROFBATTALIONS")
values (758088, 'Quality', 7);

insert into brigade ("BRIGADENUMBER", "BRIGADENAME", "NUMBEROFBATTALIONS")
values (828565, 'Attorney', 4);

insert into brigade ("BRIGADENUMBER", "BRIGADENAME", "NUMBEROFBATTALIONS")
values (836922, 'Its', 4);

insert into brigade ("BRIGADENUMBER", "BRIGADENAME", "NUMBEROFBATTALIONS")
values (357859, 'Note', 9);

insert into brigade ("BRIGADENUMBER", "BRIGADENAME", "NUMBEROFBATTALIONS")
values (309756, 'Raise', 5);

insert into brigade ("BRIGADENUMBER", "BRIGADENAME", "NUMBEROFBATTALIONS")
values (590595, 'Accept', 7);

insert into brigade ("BRIGADENUMBER", "BRIGADENAME", "NUMBEROFBATTALIONS")
values (451567, 'Later', 3);

insert into brigade ("BRIGADENUMBER", "BRIGADENAME", "NUMBEROFBATTALIONS")
values (889181, 'Nearly', 8);

insert into brigade ("BRIGADENUMBER", "BRIGADENAME", "NUMBEROFBATTALIONS")
values (489015, 'Become', 5);

insert into brigade ("BRIGADENUMBER", "BRIGADENAME", "NUMBEROFBATTALIONS")
values (646890, 'Energy', 6);

insert into brigade ("BRIGADENUMBER", "BRIGADENAME", "NUMBEROFBATTALIONS")
values (359468, 'Mind', 5);

insert into brigade ("BRIGADENUMBER", "BRIGADENAME", "NUMBEROFBATTALIONS")
values (705523, 'Situation', 7);

insert into brigade ("BRIGADENUMBER", "BRIGADENAME", "NUMBEROFBATTALIONS")
values (425391, 'Baby', 4);

insert into brigade ("BRIGADENUMBER", "BRIGADENAME", "NUMBEROFBATTALIONS")
values (149652, 'Add', 6);

insert into brigade ("BRIGADENUMBER", "BRIGADENAME", "NUMBEROFBATTALIONS")
values (852526, 'Quickly', 8);

insert into brigade ("BRIGADENUMBER", "BRIGADENAME", "NUMBEROFBATTALIONS")
values (165373, 'Understand', 10);

insert into brigade ("BRIGADENUMBER", "BRIGADENAME", "NUMBEROFBATTALIONS")
values (431676, 'Out', 5);

insert into brigade ("BRIGADENUMBER", "BRIGADENAME", "NUMBEROFBATTALIONS")
values (496697, 'Seven', 3);

insert into brigade ("BRIGADENUMBER", "BRIGADENAME", "NUMBEROFBATTALIONS")
values (644900, 'Cost', 9);

insert into brigade ("BRIGADENUMBER", "BRIGADENAME", "NUMBEROFBATTALIONS")
values (501804, 'Ok', 5);

insert into brigade ("BRIGADENUMBER", "BRIGADENAME", "NUMBEROFBATTALIONS")
values (498245, 'Person', 10);

insert into brigade ("BRIGADENUMBER", "BRIGADENAME", "NUMBEROFBATTALIONS")
values (986293, 'Recent', 7);

insert into brigade ("BRIGADENUMBER", "BRIGADENAME", "NUMBEROFBATTALIONS")
values (394672, 'Call', 5);

insert into brigade ("BRIGADENUMBER", "BRIGADENAME", "NUMBEROFBATTALIONS")
values (396326, 'Not', 4);

insert into brigade ("BRIGADENUMBER", "BRIGADENAME", "NUMBEROFBATTALIONS")
values (686257, 'Visit', 4);

insert into brigade ("BRIGADENUMBER", "BRIGADENAME", "NUMBEROFBATTALIONS")
values (177825, 'Popular', 10);

insert into brigade ("BRIGADENUMBER", "BRIGADENAME", "NUMBEROFBATTALIONS")
values (926103, 'Live', 10);

insert into brigade ("BRIGADENUMBER", "BRIGADENAME", "NUMBEROFBATTALIONS")
values (622590, 'Song', 6);

insert into brigade ("BRIGADENUMBER", "BRIGADENAME", "NUMBEROFBATTALIONS")
values (217977, 'Play', 3);

insert into brigade ("BRIGADENUMBER", "BRIGADENAME", "NUMBEROFBATTALIONS")
values (374153, 'Why', 10);

insert into brigade ("BRIGADENUMBER", "BRIGADENAME", "NUMBEROFBATTALIONS")
values (245571, 'Take', 5);

insert into brigade ("BRIGADENUMBER", "BRIGADENAME", "NUMBEROFBATTALIONS")
values (662195, 'So', 6);

insert into brigade ("BRIGADENUMBER", "BRIGADENAME", "NUMBEROFBATTALIONS")
values (822032, 'Involve', 5);

insert into brigade ("BRIGADENUMBER", "BRIGADENAME", "NUMBEROFBATTALIONS")
values (387684, 'Class', 5);

insert into brigade ("BRIGADENUMBER", "BRIGADENAME", "NUMBEROFBATTALIONS")
values (591146, 'Receive', 3);

insert into brigade ("BRIGADENUMBER", "BRIGADENAME", "NUMBEROFBATTALIONS")
values (995292, 'Rest', 4);

insert into brigade ("BRIGADENUMBER", "BRIGADENAME", "NUMBEROFBATTALIONS")
values (206610, 'How', 5);

commit;

insert into brigade ("BRIGADENUMBER", "BRIGADENAME", "NUMBEROFBATTALIONS")
values (627934, 'Must', 6);

insert into brigade ("BRIGADENUMBER", "BRIGADENAME", "NUMBEROFBATTALIONS")
values (435838, 'Actually', 6);

insert into brigade ("BRIGADENUMBER", "BRIGADENAME", "NUMBEROFBATTALIONS")
values (552123, 'Political', 5);

insert into brigade ("BRIGADENUMBER", "BRIGADENAME", "NUMBEROFBATTALIONS")
values (197761, 'Maybe', 10);

insert into brigade ("BRIGADENUMBER", "BRIGADENAME", "NUMBEROFBATTALIONS")
values (887062, 'Watch', 9);

insert into brigade ("BRIGADENUMBER", "BRIGADENAME", "NUMBEROFBATTALIONS")
values (835621, 'Natural', 9);

insert into brigade ("BRIGADENUMBER", "BRIGADENAME", "NUMBEROFBATTALIONS")
values (562832, 'Natural', 4);

insert into brigade ("BRIGADENUMBER", "BRIGADENAME", "NUMBEROFBATTALIONS")
values (890667, 'Important', 3);

insert into brigade ("BRIGADENUMBER", "BRIGADENAME", "NUMBEROFBATTALIONS")
values (290157, 'Why', 6);

insert into brigade ("BRIGADENUMBER", "BRIGADENAME", "NUMBEROFBATTALIONS")
values (292255, 'Us', 3);

insert into brigade ("BRIGADENUMBER", "BRIGADENAME", "NUMBEROFBATTALIONS")
values (814594, 'Successful', 5);

insert into brigade ("BRIGADENUMBER", "BRIGADENAME", "NUMBEROFBATTALIONS")
values (239794, 'Significant', 6);

insert into brigade ("BRIGADENUMBER", "BRIGADENAME", "NUMBEROFBATTALIONS")
values (561554, 'Me', 7);

insert into brigade ("BRIGADENUMBER", "BRIGADENAME", "NUMBEROFBATTALIONS")
values (725296, 'Drug', 7);

insert into brigade ("BRIGADENUMBER", "BRIGADENAME", "NUMBEROFBATTALIONS")
values (617840, 'Where', 10);

insert into brigade ("BRIGADENUMBER", "BRIGADENAME", "NUMBEROFBATTALIONS")
values (474735, 'Real', 4);

insert into brigade ("BRIGADENUMBER", "BRIGADENAME", "NUMBEROFBATTALIONS")
values (166510, 'Air', 9);

insert into brigade ("BRIGADENUMBER", "BRIGADENAME", "NUMBEROFBATTALIONS")
values (132643, 'Plant', 5);

insert into brigade ("BRIGADENUMBER", "BRIGADENAME", "NUMBEROFBATTALIONS")
values (944822, 'Clearly', 10);

insert into brigade ("BRIGADENUMBER", "BRIGADENAME", "NUMBEROFBATTALIONS")
values (260566, 'If', 4);

insert into brigade ("BRIGADENUMBER", "BRIGADENAME", "NUMBEROFBATTALIONS")
values (826672, 'Night', 8);

insert into brigade ("BRIGADENUMBER", "BRIGADENAME", "NUMBEROFBATTALIONS")
values (104725, 'Administration', 7);

insert into brigade ("BRIGADENUMBER", "BRIGADENAME", "NUMBEROFBATTALIONS")
values (402849, 'Nature', 5);

insert into brigade ("BRIGADENUMBER", "BRIGADENAME", "NUMBEROFBATTALIONS")
values (949021, 'Leader', 9);

insert into brigade ("BRIGADENUMBER", "BRIGADENAME", "NUMBEROFBATTALIONS")
values (537460, 'Education', 8);

insert into brigade ("BRIGADENUMBER", "BRIGADENAME", "NUMBEROFBATTALIONS")
values (681297, 'Thing', 5);

insert into brigade ("BRIGADENUMBER", "BRIGADENAME", "NUMBEROFBATTALIONS")
values (114061, 'Of', 7);

insert into brigade ("BRIGADENUMBER", "BRIGADENAME", "NUMBEROFBATTALIONS")
values (883767, 'Short', 9);

insert into brigade ("BRIGADENUMBER", "BRIGADENAME", "NUMBEROFBATTALIONS")
values (834369, 'Table', 5);

insert into brigade ("BRIGADENUMBER", "BRIGADENAME", "NUMBEROFBATTALIONS")
values (963438, 'Recognize', 4);

insert into brigade ("BRIGADENUMBER", "BRIGADENAME", "NUMBEROFBATTALIONS")
values (478664, 'Film', 6);

insert into brigade ("BRIGADENUMBER", "BRIGADENAME", "NUMBEROFBATTALIONS")
values (901911, 'Everyone', 4);

insert into brigade ("BRIGADENUMBER", "BRIGADENAME", "NUMBEROFBATTALIONS")
values (428599, 'Cause', 7);

insert into brigade ("BRIGADENUMBER", "BRIGADENAME", "NUMBEROFBATTALIONS")
values (248759, 'Someone', 9);

insert into brigade ("BRIGADENUMBER", "BRIGADENAME", "NUMBEROFBATTALIONS")
values (427512, 'Whom', 3);

insert into brigade ("BRIGADENUMBER", "BRIGADENAME", "NUMBEROFBATTALIONS")
values (820668, 'Glass', 5);

insert into brigade ("BRIGADENUMBER", "BRIGADENAME", "NUMBEROFBATTALIONS")
values (903897, 'Must', 5);

insert into brigade ("BRIGADENUMBER", "BRIGADENAME", "NUMBEROFBATTALIONS")
values (319154, 'Material', 5);

insert into brigade ("BRIGADENUMBER", "BRIGADENAME", "NUMBEROFBATTALIONS")
values (971167, 'Partner', 10);

insert into brigade ("BRIGADENUMBER", "BRIGADENAME", "NUMBEROFBATTALIONS")
values (691299, 'Worry', 6);

insert into brigade ("BRIGADENUMBER", "BRIGADENAME", "NUMBEROFBATTALIONS")
values (612303, 'Way', 4);

insert into brigade ("BRIGADENUMBER", "BRIGADENAME", "NUMBEROFBATTALIONS")
values (693457, 'Exist', 7);

insert into brigade ("BRIGADENUMBER", "BRIGADENAME", "NUMBEROFBATTALIONS")
values (673816, 'Rise', 4);

insert into brigade ("BRIGADENUMBER", "BRIGADENAME", "NUMBEROFBATTALIONS")
values (863687, 'Recent', 9);

insert into brigade ("BRIGADENUMBER", "BRIGADENAME", "NUMBEROFBATTALIONS")
values (485466, 'Ability', 7);

insert into brigade ("BRIGADENUMBER", "BRIGADENAME", "NUMBEROFBATTALIONS")
values (869925, 'Where', 8);

insert into brigade ("BRIGADENUMBER", "BRIGADENAME", "NUMBEROFBATTALIONS")
values (231516, 'Generation', 5);

insert into brigade ("BRIGADENUMBER", "BRIGADENAME", "NUMBEROFBATTALIONS")
values (962023, 'Important', 3);

insert into brigade ("BRIGADENUMBER", "BRIGADENAME", "NUMBEROFBATTALIONS")
values (118649, 'Explain', 4);

insert into brigade ("BRIGADENUMBER", "BRIGADENAME", "NUMBEROFBATTALIONS")
values (991357, 'Assume', 3);

insert into brigade ("BRIGADENUMBER", "BRIGADENAME", "NUMBEROFBATTALIONS")
values (861480, 'Where', 6);

insert into brigade ("BRIGADENUMBER", "BRIGADENAME", "NUMBEROFBATTALIONS")
values (965392, 'Himself', 4);

insert into brigade ("BRIGADENUMBER", "BRIGADENAME", "NUMBEROFBATTALIONS")
values (197776, 'Candidate', 5);

insert into brigade ("BRIGADENUMBER", "BRIGADENAME", "NUMBEROFBATTALIONS")
values (984369, 'Threat', 6);

insert into brigade ("BRIGADENUMBER", "BRIGADENAME", "NUMBEROFBATTALIONS")
values (678462, 'Bill', 4);

insert into brigade ("BRIGADENUMBER", "BRIGADENAME", "NUMBEROFBATTALIONS")
values (478236, 'Program', 3);

insert into brigade ("BRIGADENUMBER", "BRIGADENAME", "NUMBEROFBATTALIONS")
values (341536, 'Actually', 7);

insert into brigade ("BRIGADENUMBER", "BRIGADENAME", "NUMBEROFBATTALIONS")
values (684621, 'Still', 4);

insert into brigade ("BRIGADENUMBER", "BRIGADENAME", "NUMBEROFBATTALIONS")
values (610728, 'Pattern', 6);

insert into brigade ("BRIGADENUMBER", "BRIGADENAME", "NUMBEROFBATTALIONS")
values (243342, 'Exist', 8);

insert into brigade ("BRIGADENUMBER", "BRIGADENAME", "NUMBEROFBATTALIONS")
values (190786, 'Agent', 3);

insert into brigade ("BRIGADENUMBER", "BRIGADENAME", "NUMBEROFBATTALIONS")
values (571927, 'Light', 6);

insert into brigade ("BRIGADENUMBER", "BRIGADENAME", "NUMBEROFBATTALIONS")
values (506166, 'Front', 9);

insert into brigade ("BRIGADENUMBER", "BRIGADENAME", "NUMBEROFBATTALIONS")
values (820112, 'Available', 7);

insert into brigade ("BRIGADENUMBER", "BRIGADENAME", "NUMBEROFBATTALIONS")
values (868777, 'Voice', 8);

insert into brigade ("BRIGADENUMBER", "BRIGADENAME", "NUMBEROFBATTALIONS")
values (120241, 'Rate', 10);

insert into brigade ("BRIGADENUMBER", "BRIGADENAME", "NUMBEROFBATTALIONS")
values (932764, 'Garden', 4);

insert into brigade ("BRIGADENUMBER", "BRIGADENAME", "NUMBEROFBATTALIONS")
values (686175, 'Billion', 6);

insert into brigade ("BRIGADENUMBER", "BRIGADENAME", "NUMBEROFBATTALIONS")
values (986740, 'Yourself', 3);

insert into brigade ("BRIGADENUMBER", "BRIGADENAME", "NUMBEROFBATTALIONS")
values (702460, 'Nation', 3);

insert into brigade ("BRIGADENUMBER", "BRIGADENAME", "NUMBEROFBATTALIONS")
values (451477, 'Difficult', 4);

insert into brigade ("BRIGADENUMBER", "BRIGADENAME", "NUMBEROFBATTALIONS")
values (315491, 'Reflect', 5);

insert into brigade ("BRIGADENUMBER", "BRIGADENAME", "NUMBEROFBATTALIONS")
values (945269, 'Effect', 8);

insert into brigade ("BRIGADENUMBER", "BRIGADENAME", "NUMBEROFBATTALIONS")
values (358554, 'Money', 4);

insert into brigade ("BRIGADENUMBER", "BRIGADENAME", "NUMBEROFBATTALIONS")
values (591680, 'Against', 8);

insert into brigade ("BRIGADENUMBER", "BRIGADENAME", "NUMBEROFBATTALIONS")
values (259776, 'Skill', 8);

insert into brigade ("BRIGADENUMBER", "BRIGADENAME", "NUMBEROFBATTALIONS")
values (227270, 'Matter', 10);

insert into brigade ("BRIGADENUMBER", "BRIGADENAME", "NUMBEROFBATTALIONS")
values (139527, 'Game', 9);

insert into brigade ("BRIGADENUMBER", "BRIGADENAME", "NUMBEROFBATTALIONS")
values (648423, 'Congress', 7);

insert into brigade ("BRIGADENUMBER", "BRIGADENAME", "NUMBEROFBATTALIONS")
values (692844, 'Try', 7);

insert into brigade ("BRIGADENUMBER", "BRIGADENAME", "NUMBEROFBATTALIONS")
values (138987, 'Understand', 5);

insert into brigade ("BRIGADENUMBER", "BRIGADENAME", "NUMBEROFBATTALIONS")
values (311381, 'Site', 7);

insert into brigade ("BRIGADENUMBER", "BRIGADENAME", "NUMBEROFBATTALIONS")
values (720522, 'Down', 8);

insert into brigade ("BRIGADENUMBER", "BRIGADENAME", "NUMBEROFBATTALIONS")
values (318679, 'Nice', 4);

insert into brigade ("BRIGADENUMBER", "BRIGADENAME", "NUMBEROFBATTALIONS")
values (889860, 'Painting', 9);

insert into brigade ("BRIGADENUMBER", "BRIGADENAME", "NUMBEROFBATTALIONS")
values (871838, 'Right', 7);

insert into brigade ("BRIGADENUMBER", "BRIGADENAME", "NUMBEROFBATTALIONS")
values (120324, 'Light', 3);

insert into brigade ("BRIGADENUMBER", "BRIGADENAME", "NUMBEROFBATTALIONS")
values (737486, 'Time', 7);

insert into brigade ("BRIGADENUMBER", "BRIGADENAME", "NUMBEROFBATTALIONS")
values (757577, 'Consumer', 5);

insert into brigade ("BRIGADENUMBER", "BRIGADENAME", "NUMBEROFBATTALIONS")
values (389756, 'One', 7);

insert into brigade ("BRIGADENUMBER", "BRIGADENAME", "NUMBEROFBATTALIONS")
values (354568, 'Together', 3);

insert into brigade ("BRIGADENUMBER", "BRIGADENAME", "NUMBEROFBATTALIONS")
values (471508, 'Page', 3);

insert into brigade ("BRIGADENUMBER", "BRIGADENAME", "NUMBEROFBATTALIONS")
values (357081, 'Town', 7);

insert into brigade ("BRIGADENUMBER", "BRIGADENAME", "NUMBEROFBATTALIONS")
values (118953, 'Above', 10);

insert into brigade ("BRIGADENUMBER", "BRIGADENAME", "NUMBEROFBATTALIONS")
values (249393, 'Material', 10);

insert into brigade ("BRIGADENUMBER", "BRIGADENAME", "NUMBEROFBATTALIONS")
values (129618, 'Within', 9);

insert into brigade ("BRIGADENUMBER", "BRIGADENAME", "NUMBEROFBATTALIONS")
values (156387, 'Deal', 7);

insert into brigade ("BRIGADENUMBER", "BRIGADENAME", "NUMBEROFBATTALIONS")
values (374350, 'Site', 9);

insert into brigade ("BRIGADENUMBER", "BRIGADENAME", "NUMBEROFBATTALIONS")
values (476350, 'Report', 10);

insert into brigade ("BRIGADENUMBER", "BRIGADENAME", "NUMBEROFBATTALIONS")
values (198477, 'House', 8);
set define off

insert into battalion ("BATTALIONNUMBER", "BATTALIONNAME", "NUMBEROFCOMPANIES", "BRIGADENUMBER")
values (411326, 'Drive', 33, 183503);

insert into battalion ("BATTALIONNUMBER", "BATTALIONNAME", "NUMBEROFCOMPANIES", "BRIGADENUMBER")
values (152299, 'Then', 31, 863178);

insert into battalion ("BATTALIONNUMBER", "BATTALIONNAME", "NUMBEROFCOMPANIES", "BRIGADENUMBER")
values (231231, 'Outside', 49, 335308);

insert into battalion ("BATTALIONNUMBER", "BATTALIONNAME", "NUMBEROFCOMPANIES", "BRIGADENUMBER")
values (212818, 'Process', 43, 451567);

insert into battalion ("BATTALIONNUMBER", "BATTALIONNAME", "NUMBEROFCOMPANIES", "BRIGADENUMBER")
values (364964, 'Before', 20, 239794);

insert into battalion ("BATTALIONNUMBER", "BATTALIONNAME", "NUMBEROFCOMPANIES", "BRIGADENUMBER")
values (804737, 'Important', 18, 129618);

insert into battalion ("BATTALIONNUMBER", "BATTALIONNAME", "NUMBEROFCOMPANIES", "BRIGADENUMBER")
values (211802, 'Television', 46, 834369);

insert into battalion ("BATTALIONNUMBER", "BATTALIONNAME", "NUMBEROFCOMPANIES", "BRIGADENUMBER")
values (517693, 'Sound', 23, 438405);

insert into battalion ("BATTALIONNUMBER", "BATTALIONNAME", "NUMBEROFCOMPANIES", "BRIGADENUMBER")
values (751468, 'Inside', 27, 945269);

insert into battalion ("BATTALIONNUMBER", "BATTALIONNAME", "NUMBEROFCOMPANIES", "BRIGADENUMBER")
values (600320, 'Common', 13, 656798);

insert into battalion ("BATTALIONNUMBER", "BATTALIONNAME", "NUMBEROFCOMPANIES", "BRIGADENUMBER")
values (232825, 'Knowledge', 5, 769153);

insert into battalion ("BATTALIONNUMBER", "BATTALIONNAME", "NUMBEROFCOMPANIES", "BRIGADENUMBER")
values (163577, 'Degree', 15, 774082);

insert into battalion ("BATTALIONNUMBER", "BATTALIONNAME", "NUMBEROFCOMPANIES", "BRIGADENUMBER")
values (871808, 'Picture', 19, 330907);

insert into battalion ("BATTALIONNUMBER", "BATTALIONNAME", "NUMBEROFCOMPANIES", "BRIGADENUMBER")
values (202844, 'Against', 25, 590646);

insert into battalion ("BATTALIONNUMBER", "BATTALIONNAME", "NUMBEROFCOMPANIES", "BRIGADENUMBER")
values (837682, 'Able', 7, 478236);

insert into battalion ("BATTALIONNUMBER", "BATTALIONNAME", "NUMBEROFCOMPANIES", "BRIGADENUMBER")
values (302923, 'Page', 12, 863687);

insert into battalion ("BATTALIONNUMBER", "BATTALIONNAME", "NUMBEROFCOMPANIES", "BRIGADENUMBER")
values (343959, 'Treatment', 33, 761769);

insert into battalion ("BATTALIONNUMBER", "BATTALIONNAME", "NUMBEROFCOMPANIES", "BRIGADENUMBER")
values (779077, 'Race', 14, 423361);

insert into battalion ("BATTALIONNUMBER", "BATTALIONNAME", "NUMBEROFCOMPANIES", "BRIGADENUMBER")
values (709648, 'Source', 21, 742752);

insert into battalion ("BATTALIONNUMBER", "BATTALIONNAME", "NUMBEROFCOMPANIES", "BRIGADENUMBER")
values (519438, 'Environmental', 13, 446805);

insert into battalion ("BATTALIONNUMBER", "BATTALIONNAME", "NUMBEROFCOMPANIES", "BRIGADENUMBER")
values (750465, 'Thus', 50, 863687);

insert into battalion ("BATTALIONNUMBER", "BATTALIONNAME", "NUMBEROFCOMPANIES", "BRIGADENUMBER")
values (761692, 'Risk', 10, 711862);

insert into battalion ("BATTALIONNUMBER", "BATTALIONNAME", "NUMBEROFCOMPANIES", "BRIGADENUMBER")
values (758815, 'More', 11, 591680);

insert into battalion ("BATTALIONNUMBER", "BATTALIONNAME", "NUMBEROFCOMPANIES", "BRIGADENUMBER")
values (144093, 'Safe', 41, 331515);

insert into battalion ("BATTALIONNUMBER", "BATTALIONNAME", "NUMBEROFCOMPANIES", "BRIGADENUMBER")
values (478125, 'Movement', 3, 583942);

insert into battalion ("BATTALIONNUMBER", "BATTALIONNAME", "NUMBEROFCOMPANIES", "BRIGADENUMBER")
values (197432, 'Your', 49, 757577);

insert into battalion ("BATTALIONNUMBER", "BATTALIONNAME", "NUMBEROFCOMPANIES", "BRIGADENUMBER")
values (802164, 'Night', 47, 357859);

insert into battalion ("BATTALIONNUMBER", "BATTALIONNAME", "NUMBEROFCOMPANIES", "BRIGADENUMBER")
values (988866, 'Center', 40, 485466);

insert into battalion ("BATTALIONNUMBER", "BATTALIONNAME", "NUMBEROFCOMPANIES", "BRIGADENUMBER")
values (181678, 'Cold', 5, 798038);

insert into battalion ("BATTALIONNUMBER", "BATTALIONNAME", "NUMBEROFCOMPANIES", "BRIGADENUMBER")
values (182040, 'Cause', 27, 798812);

insert into battalion ("BATTALIONNUMBER", "BATTALIONNAME", "NUMBEROFCOMPANIES", "BRIGADENUMBER")
values (409375, 'Girl', 11, 624381);

insert into battalion ("BATTALIONNUMBER", "BATTALIONNAME", "NUMBEROFCOMPANIES", "BRIGADENUMBER")
values (849939, 'Decade', 49, 883767);

insert into battalion ("BATTALIONNUMBER", "BATTALIONNAME", "NUMBEROFCOMPANIES", "BRIGADENUMBER")
values (385765, 'Phone', 27, 224958);

insert into battalion ("BATTALIONNUMBER", "BATTALIONNAME", "NUMBEROFCOMPANIES", "BRIGADENUMBER")
values (188901, 'Method', 30, 789732);

insert into battalion ("BATTALIONNUMBER", "BATTALIONNAME", "NUMBEROFCOMPANIES", "BRIGADENUMBER")
values (302267, 'Condition', 19, 817999);

insert into battalion ("BATTALIONNUMBER", "BATTALIONNAME", "NUMBEROFCOMPANIES", "BRIGADENUMBER")
values (198017, 'Behavior', 28, 413844);

insert into battalion ("BATTALIONNUMBER", "BATTALIONNAME", "NUMBEROFCOMPANIES", "BRIGADENUMBER")
values (429113, 'Identify', 18, 830539);

insert into battalion ("BATTALIONNUMBER", "BATTALIONNAME", "NUMBEROFCOMPANIES", "BRIGADENUMBER")
values (151052, 'Discussion', 25, 920127);

insert into battalion ("BATTALIONNUMBER", "BATTALIONNAME", "NUMBEROFCOMPANIES", "BRIGADENUMBER")
values (255390, 'Under', 42, 276600);

insert into battalion ("BATTALIONNUMBER", "BATTALIONNAME", "NUMBEROFCOMPANIES", "BRIGADENUMBER")
values (258438, 'Amount', 38, 920127);

insert into battalion ("BATTALIONNUMBER", "BATTALIONNAME", "NUMBEROFCOMPANIES", "BRIGADENUMBER")
values (736291, 'Risk', 29, 240812);

insert into battalion ("BATTALIONNUMBER", "BATTALIONNAME", "NUMBEROFCOMPANIES", "BRIGADENUMBER")
values (865000, 'Team', 23, 294574);

insert into battalion ("BATTALIONNUMBER", "BATTALIONNAME", "NUMBEROFCOMPANIES", "BRIGADENUMBER")
values (757051, 'Health', 46, 485466);

insert into battalion ("BATTALIONNUMBER", "BATTALIONNAME", "NUMBEROFCOMPANIES", "BRIGADENUMBER")
values (793240, 'Onto', 15, 120324);

insert into battalion ("BATTALIONNUMBER", "BATTALIONNAME", "NUMBEROFCOMPANIES", "BRIGADENUMBER")
values (743183, 'Red', 45, 835621);

insert into battalion ("BATTALIONNUMBER", "BATTALIONNAME", "NUMBEROFCOMPANIES", "BRIGADENUMBER")
values (331737, 'Concern', 37, 394532);

insert into battalion ("BATTALIONNUMBER", "BATTALIONNAME", "NUMBEROFCOMPANIES", "BRIGADENUMBER")
values (793221, 'Man', 19, 216430);

insert into battalion ("BATTALIONNUMBER", "BATTALIONNAME", "NUMBEROFCOMPANIES", "BRIGADENUMBER")
values (980100, 'Participant', 10, 901236);

insert into battalion ("BATTALIONNUMBER", "BATTALIONNAME", "NUMBEROFCOMPANIES", "BRIGADENUMBER")
values (511037, 'Magazine', 14, 139527);

insert into battalion ("BATTALIONNUMBER", "BATTALIONNAME", "NUMBEROFCOMPANIES", "BRIGADENUMBER")
values (193418, 'Enough', 31, 933415);

insert into battalion ("BATTALIONNUMBER", "BATTALIONNAME", "NUMBEROFCOMPANIES", "BRIGADENUMBER")
values (577012, 'Likely', 27, 154018);

insert into battalion ("BATTALIONNUMBER", "BATTALIONNAME", "NUMBEROFCOMPANIES", "BRIGADENUMBER")
values (120450, 'Movement', 31, 186231);

insert into battalion ("BATTALIONNUMBER", "BATTALIONNAME", "NUMBEROFCOMPANIES", "BRIGADENUMBER")
values (803093, 'Task', 16, 245571);

insert into battalion ("BATTALIONNUMBER", "BATTALIONNAME", "NUMBEROFCOMPANIES", "BRIGADENUMBER")
values (911121, 'Along', 48, 646890);

insert into battalion ("BATTALIONNUMBER", "BATTALIONNAME", "NUMBEROFCOMPANIES", "BRIGADENUMBER")
values (256424, 'Yet', 50, 619075);

insert into battalion ("BATTALIONNUMBER", "BATTALIONNAME", "NUMBEROFCOMPANIES", "BRIGADENUMBER")
values (518065, 'Begin', 37, 724060);

insert into battalion ("BATTALIONNUMBER", "BATTALIONNAME", "NUMBEROFCOMPANIES", "BRIGADENUMBER")
values (330647, 'Different', 26, 861480);

insert into battalion ("BATTALIONNUMBER", "BATTALIONNAME", "NUMBEROFCOMPANIES", "BRIGADENUMBER")
values (916180, 'Page', 27, 926103);

insert into battalion ("BATTALIONNUMBER", "BATTALIONNAME", "NUMBEROFCOMPANIES", "BRIGADENUMBER")
values (147931, 'Marriage', 29, 423620);

insert into battalion ("BATTALIONNUMBER", "BATTALIONNAME", "NUMBEROFCOMPANIES", "BRIGADENUMBER")
values (214115, 'Challenge', 24, 831696);

insert into battalion ("BATTALIONNUMBER", "BATTALIONNAME", "NUMBEROFCOMPANIES", "BRIGADENUMBER")
values (726064, 'Impact', 18, 678462);

insert into battalion ("BATTALIONNUMBER", "BATTALIONNAME", "NUMBEROFCOMPANIES", "BRIGADENUMBER")
values (724239, 'Religious', 16, 308127);

insert into battalion ("BATTALIONNUMBER", "BATTALIONNAME", "NUMBEROFCOMPANIES", "BRIGADENUMBER")
values (896065, 'Physical', 10, 869925);

insert into battalion ("BATTALIONNUMBER", "BATTALIONNAME", "NUMBEROFCOMPANIES", "BRIGADENUMBER")
values (671417, 'Person', 10, 237916);

insert into battalion ("BATTALIONNUMBER", "BATTALIONNAME", "NUMBEROFCOMPANIES", "BRIGADENUMBER")
values (587281, 'Happy', 10, 673816);

insert into battalion ("BATTALIONNUMBER", "BATTALIONNAME", "NUMBEROFCOMPANIES", "BRIGADENUMBER")
values (529955, 'Skin', 47, 798812);

insert into battalion ("BATTALIONNUMBER", "BATTALIONNAME", "NUMBEROFCOMPANIES", "BRIGADENUMBER")
values (757920, 'Know', 40, 451567);

insert into battalion ("BATTALIONNUMBER", "BATTALIONNAME", "NUMBEROFCOMPANIES", "BRIGADENUMBER")
values (541375, 'Laugh', 28, 485692);

insert into battalion ("BATTALIONNUMBER", "BATTALIONNAME", "NUMBEROFCOMPANIES", "BRIGADENUMBER")
values (447414, 'Office', 15, 222470);

insert into battalion ("BATTALIONNUMBER", "BATTALIONNAME", "NUMBEROFCOMPANIES", "BRIGADENUMBER")
values (667357, 'Final', 35, 516464);

insert into battalion ("BATTALIONNUMBER", "BATTALIONNAME", "NUMBEROFCOMPANIES", "BRIGADENUMBER")
values (651745, 'Old', 25, 871838);

insert into battalion ("BATTALIONNUMBER", "BATTALIONNAME", "NUMBEROFCOMPANIES", "BRIGADENUMBER")
values (482993, 'Career', 17, 595966);

insert into battalion ("BATTALIONNUMBER", "BATTALIONNAME", "NUMBEROFCOMPANIES", "BRIGADENUMBER")
values (565498, 'Thought', 38, 619075);

insert into battalion ("BATTALIONNUMBER", "BATTALIONNAME", "NUMBEROFCOMPANIES", "BRIGADENUMBER")
values (984105, 'President', 38, 986740);

insert into battalion ("BATTALIONNUMBER", "BATTALIONNAME", "NUMBEROFCOMPANIES", "BRIGADENUMBER")
values (491696, 'Left', 35, 431676);

insert into battalion ("BATTALIONNUMBER", "BATTALIONNAME", "NUMBEROFCOMPANIES", "BRIGADENUMBER")
values (625743, 'May', 44, 938140);

insert into battalion ("BATTALIONNUMBER", "BATTALIONNAME", "NUMBEROFCOMPANIES", "BRIGADENUMBER")
values (220238, 'Beyond', 6, 190786);

insert into battalion ("BATTALIONNUMBER", "BATTALIONNAME", "NUMBEROFCOMPANIES", "BRIGADENUMBER")
values (604959, 'Mr', 18, 981996);

insert into battalion ("BATTALIONNUMBER", "BATTALIONNAME", "NUMBEROFCOMPANIES", "BRIGADENUMBER")
values (115232, 'My', 15, 845978);

insert into battalion ("BATTALIONNUMBER", "BATTALIONNAME", "NUMBEROFCOMPANIES", "BRIGADENUMBER")
values (221127, 'Surface', 38, 491575);

insert into battalion ("BATTALIONNUMBER", "BATTALIONNAME", "NUMBEROFCOMPANIES", "BRIGADENUMBER")
values (117857, 'Right', 45, 903897);

insert into battalion ("BATTALIONNUMBER", "BATTALIONNAME", "NUMBEROFCOMPANIES", "BRIGADENUMBER")
values (753649, 'Suddenly', 7, 803369);

insert into battalion ("BATTALIONNUMBER", "BATTALIONNAME", "NUMBEROFCOMPANIES", "BRIGADENUMBER")
values (186232, 'Maintain', 26, 452863);

insert into battalion ("BATTALIONNUMBER", "BATTALIONNAME", "NUMBEROFCOMPANIES", "BRIGADENUMBER")
values (798648, 'Decade', 35, 446805);

insert into battalion ("BATTALIONNUMBER", "BATTALIONNAME", "NUMBEROFCOMPANIES", "BRIGADENUMBER")
values (124295, 'Pull', 34, 528218);

insert into battalion ("BATTALIONNUMBER", "BATTALIONNAME", "NUMBEROFCOMPANIES", "BRIGADENUMBER")
values (528010, 'Strong', 31, 120324);

insert into battalion ("BATTALIONNUMBER", "BATTALIONNAME", "NUMBEROFCOMPANIES", "BRIGADENUMBER")
values (955081, 'Form', 10, 611227);

insert into battalion ("BATTALIONNUMBER", "BATTALIONNAME", "NUMBEROFCOMPANIES", "BRIGADENUMBER")
values (447298, 'Certainly', 5, 389063);

insert into battalion ("BATTALIONNUMBER", "BATTALIONNAME", "NUMBEROFCOMPANIES", "BRIGADENUMBER")
values (294632, 'Music', 26, 250296);

insert into battalion ("BATTALIONNUMBER", "BATTALIONNAME", "NUMBEROFCOMPANIES", "BRIGADENUMBER")
values (934893, 'Your', 28, 552334);

insert into battalion ("BATTALIONNUMBER", "BATTALIONNAME", "NUMBEROFCOMPANIES", "BRIGADENUMBER")
values (595157, 'Character', 40, 883025);

insert into battalion ("BATTALIONNUMBER", "BATTALIONNAME", "NUMBEROFCOMPANIES", "BRIGADENUMBER")
values (227933, 'Those', 24, 744277);

insert into battalion ("BATTALIONNUMBER", "BATTALIONNAME", "NUMBEROFCOMPANIES", "BRIGADENUMBER")
values (878257, 'Form', 12, 571927);

insert into battalion ("BATTALIONNUMBER", "BATTALIONNAME", "NUMBEROFCOMPANIES", "BRIGADENUMBER")
values (106683, 'World', 4, 238360);

insert into battalion ("BATTALIONNUMBER", "BATTALIONNAME", "NUMBEROFCOMPANIES", "BRIGADENUMBER")
values (644324, 'Religious', 35, 871838);

insert into battalion ("BATTALIONNUMBER", "BATTALIONNAME", "NUMBEROFCOMPANIES", "BRIGADENUMBER")
values (176696, 'Tv', 33, 358554);

insert into battalion ("BATTALIONNUMBER", "BATTALIONNAME", "NUMBEROFCOMPANIES", "BRIGADENUMBER")
values (686241, 'Debate', 24, 433836);

insert into battalion ("BATTALIONNUMBER", "BATTALIONNAME", "NUMBEROFCOMPANIES", "BRIGADENUMBER")
values (779354, 'Difference', 26, 286317);

insert into battalion ("BATTALIONNUMBER", "BATTALIONNAME", "NUMBEROFCOMPANIES", "BRIGADENUMBER")
values (800597, 'Third', 5, 264191);

insert into battalion ("BATTALIONNUMBER", "BATTALIONNAME", "NUMBEROFCOMPANIES", "BRIGADENUMBER")
values (955550, 'Town', 6, 627934);

commit;

insert into battalion ("BATTALIONNUMBER", "BATTALIONNAME", "NUMBEROFCOMPANIES", "BRIGADENUMBER")
values (521200, 'Response', 38, 852526);

insert into battalion ("BATTALIONNUMBER", "BATTALIONNAME", "NUMBEROFCOMPANIES", "BRIGADENUMBER")
values (403749, 'Believe', 12, 712940);

insert into battalion ("BATTALIONNUMBER", "BATTALIONNAME", "NUMBEROFCOMPANIES", "BRIGADENUMBER")
values (233549, 'Trip', 35, 433836);

insert into battalion ("BATTALIONNUMBER", "BATTALIONNAME", "NUMBEROFCOMPANIES", "BRIGADENUMBER")
values (484271, 'Art', 43, 362339);

insert into battalion ("BATTALIONNUMBER", "BATTALIONNAME", "NUMBEROFCOMPANIES", "BRIGADENUMBER")
values (731799, 'Huge', 26, 742752);

insert into battalion ("BATTALIONNUMBER", "BATTALIONNAME", "NUMBEROFCOMPANIES", "BRIGADENUMBER")
values (367945, 'Quickly', 23, 197761);

insert into battalion ("BATTALIONNUMBER", "BATTALIONNAME", "NUMBEROFCOMPANIES", "BRIGADENUMBER")
values (991149, 'Mrs', 30, 656798);

insert into battalion ("BATTALIONNUMBER", "BATTALIONNAME", "NUMBEROFCOMPANIES", "BRIGADENUMBER")
values (502529, 'Glass', 6, 984369);

insert into battalion ("BATTALIONNUMBER", "BATTALIONNAME", "NUMBEROFCOMPANIES", "BRIGADENUMBER")
values (635704, 'Expect', 7, 864712);

insert into battalion ("BATTALIONNUMBER", "BATTALIONNAME", "NUMBEROFCOMPANIES", "BRIGADENUMBER")
values (809496, 'Again', 19, 829681);

insert into battalion ("BATTALIONNUMBER", "BATTALIONNAME", "NUMBEROFCOMPANIES", "BRIGADENUMBER")
values (971627, 'Serious', 23, 598114);

insert into battalion ("BATTALIONNUMBER", "BATTALIONNAME", "NUMBEROFCOMPANIES", "BRIGADENUMBER")
values (613004, 'Street', 37, 591680);

insert into battalion ("BATTALIONNUMBER", "BATTALIONNAME", "NUMBEROFCOMPANIES", "BRIGADENUMBER")
values (424947, 'Strong', 27, 869925);

insert into battalion ("BATTALIONNUMBER", "BATTALIONNAME", "NUMBEROFCOMPANIES", "BRIGADENUMBER")
values (553470, 'Upon', 16, 656798);

insert into battalion ("BATTALIONNUMBER", "BATTALIONNAME", "NUMBEROFCOMPANIES", "BRIGADENUMBER")
values (547738, 'Film', 14, 236963);

insert into battalion ("BATTALIONNUMBER", "BATTALIONNAME", "NUMBEROFCOMPANIES", "BRIGADENUMBER")
values (965959, 'Last', 49, 204277);

insert into battalion ("BATTALIONNUMBER", "BATTALIONNAME", "NUMBEROFCOMPANIES", "BRIGADENUMBER")
values (267273, 'Factor', 49, 504534);

insert into battalion ("BATTALIONNUMBER", "BATTALIONNAME", "NUMBEROFCOMPANIES", "BRIGADENUMBER")
values (903712, 'Wish', 42, 476350);

insert into battalion ("BATTALIONNUMBER", "BATTALIONNAME", "NUMBEROFCOMPANIES", "BRIGADENUMBER")
values (580679, 'Sure', 25, 290157);

insert into battalion ("BATTALIONNUMBER", "BATTALIONNAME", "NUMBEROFCOMPANIES", "BRIGADENUMBER")
values (319754, 'Onto', 24, 723597);

insert into battalion ("BATTALIONNUMBER", "BATTALIONNAME", "NUMBEROFCOMPANIES", "BRIGADENUMBER")
values (813328, 'Economy', 25, 767332);

insert into battalion ("BATTALIONNUMBER", "BATTALIONNAME", "NUMBEROFCOMPANIES", "BRIGADENUMBER")
values (232929, 'Job', 41, 528218);

insert into battalion ("BATTALIONNUMBER", "BATTALIONNAME", "NUMBEROFCOMPANIES", "BRIGADENUMBER")
values (537623, 'International', 17, 883025);

insert into battalion ("BATTALIONNUMBER", "BATTALIONNAME", "NUMBEROFCOMPANIES", "BRIGADENUMBER")
values (301086, 'Expect', 36, 932700);

insert into battalion ("BATTALIONNUMBER", "BATTALIONNAME", "NUMBEROFCOMPANIES", "BRIGADENUMBER")
values (499344, 'Grow', 29, 818715);

insert into battalion ("BATTALIONNUMBER", "BATTALIONNAME", "NUMBEROFCOMPANIES", "BRIGADENUMBER")
values (737068, 'Be', 7, 748462);

insert into battalion ("BATTALIONNUMBER", "BATTALIONNAME", "NUMBEROFCOMPANIES", "BRIGADENUMBER")
values (205116, 'Tv', 5, 236963);

insert into battalion ("BATTALIONNUMBER", "BATTALIONNAME", "NUMBEROFCOMPANIES", "BRIGADENUMBER")
values (484033, 'Character', 38, 260566);

insert into battalion ("BATTALIONNUMBER", "BATTALIONNAME", "NUMBEROFCOMPANIES", "BRIGADENUMBER")
values (587747, 'Especially', 6, 440182);

insert into battalion ("BATTALIONNUMBER", "BATTALIONNAME", "NUMBEROFCOMPANIES", "BRIGADENUMBER")
values (162372, 'Professor', 9, 820112);

insert into battalion ("BATTALIONNUMBER", "BATTALIONNAME", "NUMBEROFCOMPANIES", "BRIGADENUMBER")
values (992221, 'Increase', 19, 852526);

insert into battalion ("BATTALIONNUMBER", "BATTALIONNAME", "NUMBEROFCOMPANIES", "BRIGADENUMBER")
values (642293, 'Professor', 29, 612303);

insert into battalion ("BATTALIONNUMBER", "BATTALIONNAME", "NUMBEROFCOMPANIES", "BRIGADENUMBER")
values (601573, 'Seem', 31, 552334);

insert into battalion ("BATTALIONNUMBER", "BATTALIONNAME", "NUMBEROFCOMPANIES", "BRIGADENUMBER")
values (164230, 'Goal', 50, 232494);

insert into battalion ("BATTALIONNUMBER", "BATTALIONNAME", "NUMBEROFCOMPANIES", "BRIGADENUMBER")
values (317075, 'Social', 11, 830539);

insert into battalion ("BATTALIONNUMBER", "BATTALIONNAME", "NUMBEROFCOMPANIES", "BRIGADENUMBER")
values (356959, 'Allow', 6, 611227);

insert into battalion ("BATTALIONNUMBER", "BATTALIONNAME", "NUMBEROFCOMPANIES", "BRIGADENUMBER")
values (251425, 'Beat', 21, 610903);

insert into battalion ("BATTALIONNUMBER", "BATTALIONNAME", "NUMBEROFCOMPANIES", "BRIGADENUMBER")
values (616719, 'Ahead', 50, 358554);

insert into battalion ("BATTALIONNUMBER", "BATTALIONNAME", "NUMBEROFCOMPANIES", "BRIGADENUMBER")
values (109937, 'Relate', 12, 389756);

insert into battalion ("BATTALIONNUMBER", "BATTALIONNAME", "NUMBEROFCOMPANIES", "BRIGADENUMBER")
values (899442, 'Poor', 47, 932700);

insert into battalion ("BATTALIONNUMBER", "BATTALIONNAME", "NUMBEROFCOMPANIES", "BRIGADENUMBER")
values (585839, 'Area', 3, 587496);

insert into battalion ("BATTALIONNUMBER", "BATTALIONNAME", "NUMBEROFCOMPANIES", "BRIGADENUMBER")
values (880660, 'Prevent', 46, 197761);

insert into battalion ("BATTALIONNUMBER", "BATTALIONNAME", "NUMBEROFCOMPANIES", "BRIGADENUMBER")
values (479169, 'Born', 40, 757577);

insert into battalion ("BATTALIONNUMBER", "BATTALIONNAME", "NUMBEROFCOMPANIES", "BRIGADENUMBER")
values (358608, 'Movie', 13, 817999);

insert into battalion ("BATTALIONNUMBER", "BATTALIONNAME", "NUMBEROFCOMPANIES", "BRIGADENUMBER")
values (700627, 'Impact', 47, 309756);

insert into battalion ("BATTALIONNUMBER", "BATTALIONNAME", "NUMBEROFCOMPANIES", "BRIGADENUMBER")
values (472747, 'Beyond', 21, 610728);

insert into battalion ("BATTALIONNUMBER", "BATTALIONNAME", "NUMBEROFCOMPANIES", "BRIGADENUMBER")
values (279260, 'Different', 4, 520576);

insert into battalion ("BATTALIONNUMBER", "BATTALIONNAME", "NUMBEROFCOMPANIES", "BRIGADENUMBER")
values (387143, 'Find', 50, 692844);

insert into battalion ("BATTALIONNUMBER", "BATTALIONNAME", "NUMBEROFCOMPANIES", "BRIGADENUMBER")
values (220144, 'Section', 48, 798038);

insert into battalion ("BATTALIONNUMBER", "BATTALIONNAME", "NUMBEROFCOMPANIES", "BRIGADENUMBER")
values (603168, 'On', 29, 610903);

insert into battalion ("BATTALIONNUMBER", "BATTALIONNAME", "NUMBEROFCOMPANIES", "BRIGADENUMBER")
values (371421, 'Yet', 22, 282960);

insert into battalion ("BATTALIONNUMBER", "BATTALIONNAME", "NUMBEROFCOMPANIES", "BRIGADENUMBER")
values (447469, 'Thank', 41, 394532);

insert into battalion ("BATTALIONNUMBER", "BATTALIONNAME", "NUMBEROFCOMPANIES", "BRIGADENUMBER")
values (896171, 'Bag', 9, 474735);

insert into battalion ("BATTALIONNUMBER", "BATTALIONNAME", "NUMBEROFCOMPANIES", "BRIGADENUMBER")
values (677874, 'Major', 46, 870485);

insert into battalion ("BATTALIONNUMBER", "BATTALIONNAME", "NUMBEROFCOMPANIES", "BRIGADENUMBER")
values (760708, 'All', 11, 495614);

insert into battalion ("BATTALIONNUMBER", "BATTALIONNAME", "NUMBEROFCOMPANIES", "BRIGADENUMBER")
values (803889, 'Industry', 49, 476350);

insert into battalion ("BATTALIONNUMBER", "BATTALIONNAME", "NUMBEROFCOMPANIES", "BRIGADENUMBER")
values (618849, 'Let', 37, 469077);

insert into battalion ("BATTALIONNUMBER", "BATTALIONNAME", "NUMBEROFCOMPANIES", "BRIGADENUMBER")
values (731945, 'Religious', 27, 648423);

insert into battalion ("BATTALIONNUMBER", "BATTALIONNAME", "NUMBEROFCOMPANIES", "BRIGADENUMBER")
values (673778, 'Natural', 25, 542282);

insert into battalion ("BATTALIONNUMBER", "BATTALIONNAME", "NUMBEROFCOMPANIES", "BRIGADENUMBER")
values (576082, 'Executive', 9, 360946);

insert into battalion ("BATTALIONNUMBER", "BATTALIONNAME", "NUMBEROFCOMPANIES", "BRIGADENUMBER")
values (691634, 'Arrive', 37, 451477);

insert into battalion ("BATTALIONNUMBER", "BATTALIONNAME", "NUMBEROFCOMPANIES", "BRIGADENUMBER")
values (426165, 'Sort', 50, 235390);

insert into battalion ("BATTALIONNUMBER", "BATTALIONNAME", "NUMBEROFCOMPANIES", "BRIGADENUMBER")
values (812467, 'Best', 26, 695560);

insert into battalion ("BATTALIONNUMBER", "BATTALIONNAME", "NUMBEROFCOMPANIES", "BRIGADENUMBER")
values (972398, 'Amount', 20, 781134);

insert into battalion ("BATTALIONNUMBER", "BATTALIONNAME", "NUMBEROFCOMPANIES", "BRIGADENUMBER")
values (980491, 'Million', 15, 231516);

insert into battalion ("BATTALIONNUMBER", "BATTALIONNAME", "NUMBEROFCOMPANIES", "BRIGADENUMBER")
values (503890, 'Performance', 14, 613336);

insert into battalion ("BATTALIONNUMBER", "BATTALIONNAME", "NUMBEROFCOMPANIES", "BRIGADENUMBER")
values (549662, 'Something', 30, 795573);

insert into battalion ("BATTALIONNUMBER", "BATTALIONNAME", "NUMBEROFCOMPANIES", "BRIGADENUMBER")
values (725957, 'Set', 31, 986740);

insert into battalion ("BATTALIONNUMBER", "BATTALIONNAME", "NUMBEROFCOMPANIES", "BRIGADENUMBER")
values (712760, 'Relate', 5, 831420);

insert into battalion ("BATTALIONNUMBER", "BATTALIONNAME", "NUMBEROFCOMPANIES", "BRIGADENUMBER")
values (278953, 'Nature', 20, 938140);

insert into battalion ("BATTALIONNUMBER", "BATTALIONNAME", "NUMBEROFCOMPANIES", "BRIGADENUMBER")
values (572778, 'Leader', 49, 432010);

insert into battalion ("BATTALIONNUMBER", "BATTALIONNAME", "NUMBEROFCOMPANIES", "BRIGADENUMBER")
values (951056, 'Box', 8, 478236);

insert into battalion ("BATTALIONNUMBER", "BATTALIONNAME", "NUMBEROFCOMPANIES", "BRIGADENUMBER")
values (499197, 'Home', 45, 671751);

insert into battalion ("BATTALIONNUMBER", "BATTALIONNAME", "NUMBEROFCOMPANIES", "BRIGADENUMBER")
values (996701, 'Spend', 17, 387684);

insert into battalion ("BATTALIONNUMBER", "BATTALIONNAME", "NUMBEROFCOMPANIES", "BRIGADENUMBER")
values (997575, 'Dream', 6, 720522);

insert into battalion ("BATTALIONNUMBER", "BATTALIONNAME", "NUMBEROFCOMPANIES", "BRIGADENUMBER")
values (345975, 'Appear', 20, 204277);

insert into battalion ("BATTALIONNUMBER", "BATTALIONNAME", "NUMBEROFCOMPANIES", "BRIGADENUMBER")
values (578900, 'Fill', 8, 290981);

insert into battalion ("BATTALIONNUMBER", "BATTALIONNAME", "NUMBEROFCOMPANIES", "BRIGADENUMBER")
values (433834, 'Great', 44, 425391);

insert into battalion ("BATTALIONNUMBER", "BATTALIONNAME", "NUMBEROFCOMPANIES", "BRIGADENUMBER")
values (722343, 'Between', 23, 613336);

insert into battalion ("BATTALIONNUMBER", "BATTALIONNAME", "NUMBEROFCOMPANIES", "BRIGADENUMBER")
values (932389, 'Point', 29, 591146);

insert into battalion ("BATTALIONNUMBER", "BATTALIONNAME", "NUMBEROFCOMPANIES", "BRIGADENUMBER")
values (407899, 'War', 31, 478664);

insert into battalion ("BATTALIONNUMBER", "BATTALIONNAME", "NUMBEROFCOMPANIES", "BRIGADENUMBER")
values (389017, 'Director', 32, 470639);

insert into battalion ("BATTALIONNUMBER", "BATTALIONNAME", "NUMBEROFCOMPANIES", "BRIGADENUMBER")
values (905730, 'South', 31, 774571);

insert into battalion ("BATTALIONNUMBER", "BATTALIONNAME", "NUMBEROFCOMPANIES", "BRIGADENUMBER")
values (498108, 'Song', 42, 516464);

insert into battalion ("BATTALIONNUMBER", "BATTALIONNAME", "NUMBEROFCOMPANIES", "BRIGADENUMBER")
values (731634, 'Everyone', 20, 176101);

insert into battalion ("BATTALIONNUMBER", "BATTALIONNAME", "NUMBEROFCOMPANIES", "BRIGADENUMBER")
values (218808, 'Reason', 18, 420618);

insert into battalion ("BATTALIONNUMBER", "BATTALIONNAME", "NUMBEROFCOMPANIES", "BRIGADENUMBER")
values (746739, 'Interview', 32, 945269);

insert into battalion ("BATTALIONNUMBER", "BATTALIONNAME", "NUMBEROFCOMPANIES", "BRIGADENUMBER")
values (449718, 'Sing', 40, 109717);

insert into battalion ("BATTALIONNUMBER", "BATTALIONNAME", "NUMBEROFCOMPANIES", "BRIGADENUMBER")
values (192330, 'Whole', 21, 122884);

insert into battalion ("BATTALIONNUMBER", "BATTALIONNAME", "NUMBEROFCOMPANIES", "BRIGADENUMBER")
values (531865, 'Us', 36, 400771);

insert into battalion ("BATTALIONNUMBER", "BATTALIONNAME", "NUMBEROFCOMPANIES", "BRIGADENUMBER")
values (508018, 'Where', 38, 286317);

insert into battalion ("BATTALIONNUMBER", "BATTALIONNAME", "NUMBEROFCOMPANIES", "BRIGADENUMBER")
values (852048, 'He', 37, 890667);

insert into battalion ("BATTALIONNUMBER", "BATTALIONNAME", "NUMBEROFCOMPANIES", "BRIGADENUMBER")
values (133366, 'Position', 10, 129618);

insert into battalion ("BATTALIONNUMBER", "BATTALIONNAME", "NUMBEROFCOMPANIES", "BRIGADENUMBER")
values (571198, 'Chance', 41, 668958);

insert into battalion ("BATTALIONNUMBER", "BATTALIONNAME", "NUMBEROFCOMPANIES", "BRIGADENUMBER")
values (357556, 'Time', 37, 612303);

insert into battalion ("BATTALIONNUMBER", "BATTALIONNAME", "NUMBEROFCOMPANIES", "BRIGADENUMBER")
values (748503, 'Never', 21, 375153);

insert into battalion ("BATTALIONNUMBER", "BATTALIONNAME", "NUMBEROFCOMPANIES", "BRIGADENUMBER")
values (847068, 'Tree', 3, 779871);

insert into battalion ("BATTALIONNUMBER", "BATTALIONNAME", "NUMBEROFCOMPANIES", "BRIGADENUMBER")
values (160478, 'Husband', 43, 681297);

insert into battalion ("BATTALIONNUMBER", "BATTALIONNAME", "NUMBEROFCOMPANIES", "BRIGADENUMBER")
values (347109, 'Type', 23, 889181);

insert into battalion ("BATTALIONNUMBER", "BATTALIONNAME", "NUMBEROFCOMPANIES", "BRIGADENUMBER")
values (571824, 'We', 19, 761727);

commit;

insert into battalion ("BATTALIONNUMBER", "BATTALIONNAME", "NUMBEROFCOMPANIES", "BRIGADENUMBER")
values (750885, 'Treat', 15, 190786);

insert into battalion ("BATTALIONNUMBER", "BATTALIONNAME", "NUMBEROFCOMPANIES", "BRIGADENUMBER")
values (528797, 'Where', 14, 198477);

insert into battalion ("BATTALIONNUMBER", "BATTALIONNAME", "NUMBEROFCOMPANIES", "BRIGADENUMBER")
values (129888, 'Fall', 27, 341536);

insert into battalion ("BATTALIONNUMBER", "BATTALIONNAME", "NUMBEROFCOMPANIES", "BRIGADENUMBER")
values (983522, 'Edge', 21, 319154);

insert into battalion ("BATTALIONNUMBER", "BATTALIONNAME", "NUMBEROFCOMPANIES", "BRIGADENUMBER")
values (892410, 'Produce', 6, 711439);

insert into battalion ("BATTALIONNUMBER", "BATTALIONNAME", "NUMBEROFCOMPANIES", "BRIGADENUMBER")
values (853330, 'Send', 37, 375445);

insert into battalion ("BATTALIONNUMBER", "BATTALIONNAME", "NUMBEROFCOMPANIES", "BRIGADENUMBER")
values (420935, 'Political', 32, 389063);

insert into battalion ("BATTALIONNUMBER", "BATTALIONNAME", "NUMBEROFCOMPANIES", "BRIGADENUMBER")
values (948819, 'Human', 8, 264010);

insert into battalion ("BATTALIONNUMBER", "BATTALIONNAME", "NUMBEROFCOMPANIES", "BRIGADENUMBER")
values (558240, 'Look', 36, 224958);

insert into battalion ("BATTALIONNUMBER", "BATTALIONNAME", "NUMBEROFCOMPANIES", "BRIGADENUMBER")
values (369715, 'Sport', 3, 724060);

insert into battalion ("BATTALIONNUMBER", "BATTALIONNAME", "NUMBEROFCOMPANIES", "BRIGADENUMBER")
values (428022, 'Citizen', 29, 441871);

insert into battalion ("BATTALIONNUMBER", "BATTALIONNAME", "NUMBEROFCOMPANIES", "BRIGADENUMBER")
values (309450, 'Stuff', 21, 901236);

insert into battalion ("BATTALIONNUMBER", "BATTALIONNAME", "NUMBEROFCOMPANIES", "BRIGADENUMBER")
values (130825, 'Hold', 20, 963438);

insert into battalion ("BATTALIONNUMBER", "BATTALIONNAME", "NUMBEROFCOMPANIES", "BRIGADENUMBER")
values (630814, 'Person', 45, 933415);

insert into battalion ("BATTALIONNUMBER", "BATTALIONNAME", "NUMBEROFCOMPANIES", "BRIGADENUMBER")
values (435571, 'Reason', 36, 149652);

insert into battalion ("BATTALIONNUMBER", "BATTALIONNAME", "NUMBEROFCOMPANIES", "BRIGADENUMBER")
values (247465, 'Everything', 34, 995292);

insert into battalion ("BATTALIONNUMBER", "BATTALIONNAME", "NUMBEROFCOMPANIES", "BRIGADENUMBER")
values (297387, 'Result', 9, 387684);

insert into battalion ("BATTALIONNUMBER", "BATTALIONNAME", "NUMBEROFCOMPANIES", "BRIGADENUMBER")
values (874366, 'Old', 9, 987722);

insert into battalion ("BATTALIONNUMBER", "BATTALIONNAME", "NUMBEROFCOMPANIES", "BRIGADENUMBER")
values (186737, 'Maintain', 41, 552123);

insert into battalion ("BATTALIONNUMBER", "BATTALIONNAME", "NUMBEROFCOMPANIES", "BRIGADENUMBER")
values (333369, 'Different', 11, 248759);

insert into battalion ("BATTALIONNUMBER", "BATTALIONNAME", "NUMBEROFCOMPANIES", "BRIGADENUMBER")
values (178918, 'City', 8, 100498);

insert into battalion ("BATTALIONNUMBER", "BATTALIONNAME", "NUMBEROFCOMPANIES", "BRIGADENUMBER")
values (607810, 'Talk', 24, 469077);

insert into battalion ("BATTALIONNUMBER", "BATTALIONNAME", "NUMBEROFCOMPANIES", "BRIGADENUMBER")
values (651489, 'Less', 9, 665376);

insert into battalion ("BATTALIONNUMBER", "BATTALIONNAME", "NUMBEROFCOMPANIES", "BRIGADENUMBER")
values (503372, 'Nature', 25, 729895);

insert into battalion ("BATTALIONNUMBER", "BATTALIONNAME", "NUMBEROFCOMPANIES", "BRIGADENUMBER")
values (521864, 'Sea', 13, 963438);

insert into battalion ("BATTALIONNUMBER", "BATTALIONNAME", "NUMBEROFCOMPANIES", "BRIGADENUMBER")
values (593006, 'Piece', 23, 423361);

insert into battalion ("BATTALIONNUMBER", "BATTALIONNAME", "NUMBEROFCOMPANIES", "BRIGADENUMBER")
values (999446, 'Note', 19, 611227);

insert into battalion ("BATTALIONNUMBER", "BATTALIONNAME", "NUMBEROFCOMPANIES", "BRIGADENUMBER")
values (656040, 'Best', 26, 431676);

insert into battalion ("BATTALIONNUMBER", "BATTALIONNAME", "NUMBEROFCOMPANIES", "BRIGADENUMBER")
values (111163, 'Memory', 5, 231516);

insert into battalion ("BATTALIONNUMBER", "BATTALIONNAME", "NUMBEROFCOMPANIES", "BRIGADENUMBER")
values (847758, 'According', 8, 374350);

insert into battalion ("BATTALIONNUMBER", "BATTALIONNAME", "NUMBEROFCOMPANIES", "BRIGADENUMBER")
values (893991, 'Body', 18, 154018);

insert into battalion ("BATTALIONNUMBER", "BATTALIONNAME", "NUMBEROFCOMPANIES", "BRIGADENUMBER")
values (547149, 'Hotel', 10, 757577);

insert into battalion ("BATTALIONNUMBER", "BATTALIONNAME", "NUMBEROFCOMPANIES", "BRIGADENUMBER")
values (768965, 'City', 18, 115042);

insert into battalion ("BATTALIONNUMBER", "BATTALIONNAME", "NUMBEROFCOMPANIES", "BRIGADENUMBER")
values (578114, 'Beyond', 35, 651294);

insert into battalion ("BATTALIONNUMBER", "BATTALIONNAME", "NUMBEROFCOMPANIES", "BRIGADENUMBER")
values (423411, 'When', 39, 165373);

insert into battalion ("BATTALIONNUMBER", "BATTALIONNAME", "NUMBEROFCOMPANIES", "BRIGADENUMBER")
values (419275, 'Trade', 25, 123049);

insert into battalion ("BATTALIONNUMBER", "BATTALIONNAME", "NUMBEROFCOMPANIES", "BRIGADENUMBER")
values (104574, 'Find', 6, 489015);

insert into battalion ("BATTALIONNUMBER", "BATTALIONNAME", "NUMBEROFCOMPANIES", "BRIGADENUMBER")
values (104060, 'Protect', 50, 224958);

insert into battalion ("BATTALIONNUMBER", "BATTALIONNAME", "NUMBEROFCOMPANIES", "BRIGADENUMBER")
values (942761, 'More', 39, 552334);

insert into battalion ("BATTALIONNUMBER", "BATTALIONNAME", "NUMBEROFCOMPANIES", "BRIGADENUMBER")
values (563493, 'Television', 43, 139630);

insert into battalion ("BATTALIONNUMBER", "BATTALIONNAME", "NUMBEROFCOMPANIES", "BRIGADENUMBER")
values (975511, 'Might', 5, 852526);

insert into battalion ("BATTALIONNUMBER", "BATTALIONNAME", "NUMBEROFCOMPANIES", "BRIGADENUMBER")
values (744956, 'Your', 34, 569186);

insert into battalion ("BATTALIONNUMBER", "BATTALIONNAME", "NUMBEROFCOMPANIES", "BRIGADENUMBER")
values (646680, 'Leader', 19, 852526);

insert into battalion ("BATTALIONNUMBER", "BATTALIONNAME", "NUMBEROFCOMPANIES", "BRIGADENUMBER")
values (295110, 'Century', 11, 384495);

insert into battalion ("BATTALIONNUMBER", "BATTALIONNAME", "NUMBEROFCOMPANIES", "BRIGADENUMBER")
values (393914, 'Pick', 6, 115042);

insert into battalion ("BATTALIONNUMBER", "BATTALIONNAME", "NUMBEROFCOMPANIES", "BRIGADENUMBER")
values (954319, 'Minute', 41, 581076);

insert into battalion ("BATTALIONNUMBER", "BATTALIONNAME", "NUMBEROFCOMPANIES", "BRIGADENUMBER")
values (944405, 'With', 3, 485466);

insert into battalion ("BATTALIONNUMBER", "BATTALIONNAME", "NUMBEROFCOMPANIES", "BRIGADENUMBER")
values (422282, 'Scientist', 30, 684621);

insert into battalion ("BATTALIONNUMBER", "BATTALIONNAME", "NUMBEROFCOMPANIES", "BRIGADENUMBER")
values (130114, 'Fish', 29, 435838);

insert into battalion ("BATTALIONNUMBER", "BATTALIONNAME", "NUMBEROFCOMPANIES", "BRIGADENUMBER")
values (292574, 'Measure', 15, 341536);

insert into battalion ("BATTALIONNUMBER", "BATTALIONNAME", "NUMBEROFCOMPANIES", "BRIGADENUMBER")
values (888539, 'Effort', 14, 469077);

insert into battalion ("BATTALIONNUMBER", "BATTALIONNAME", "NUMBEROFCOMPANIES", "BRIGADENUMBER")
values (820238, 'Church', 11, 742752);

insert into battalion ("BATTALIONNUMBER", "BATTALIONNAME", "NUMBEROFCOMPANIES", "BRIGADENUMBER")
values (806439, 'Statement', 17, 569186);

insert into battalion ("BATTALIONNUMBER", "BATTALIONNAME", "NUMBEROFCOMPANIES", "BRIGADENUMBER")
values (147838, 'Purpose', 21, 461893);

insert into battalion ("BATTALIONNUMBER", "BATTALIONNAME", "NUMBEROFCOMPANIES", "BRIGADENUMBER")
values (552809, 'Another', 11, 323878);

insert into battalion ("BATTALIONNUMBER", "BATTALIONNAME", "NUMBEROFCOMPANIES", "BRIGADENUMBER")
values (380339, 'From', 37, 433836);

insert into battalion ("BATTALIONNUMBER", "BATTALIONNAME", "NUMBEROFCOMPANIES", "BRIGADENUMBER")
values (958815, 'Must', 7, 764401);

insert into battalion ("BATTALIONNUMBER", "BATTALIONNAME", "NUMBEROFCOMPANIES", "BRIGADENUMBER")
values (296810, 'Different', 17, 648423);

insert into battalion ("BATTALIONNUMBER", "BATTALIONNAME", "NUMBEROFCOMPANIES", "BRIGADENUMBER")
values (980815, 'Method', 44, 359073);

insert into battalion ("BATTALIONNUMBER", "BATTALIONNAME", "NUMBEROFCOMPANIES", "BRIGADENUMBER")
values (235788, 'Rock', 29, 216430);

insert into battalion ("BATTALIONNUMBER", "BATTALIONNAME", "NUMBEROFCOMPANIES", "BRIGADENUMBER")
values (651638, 'Perhaps', 19, 586571);

insert into battalion ("BATTALIONNUMBER", "BATTALIONNAME", "NUMBEROFCOMPANIES", "BRIGADENUMBER")
values (421995, 'Generation', 36, 591146);

insert into battalion ("BATTALIONNUMBER", "BATTALIONNAME", "NUMBEROFCOMPANIES", "BRIGADENUMBER")
values (588763, 'Firm', 34, 114061);

insert into battalion ("BATTALIONNUMBER", "BATTALIONNAME", "NUMBEROFCOMPANIES", "BRIGADENUMBER")
values (890930, 'Federal', 14, 328522);

insert into battalion ("BATTALIONNUMBER", "BATTALIONNAME", "NUMBEROFCOMPANIES", "BRIGADENUMBER")
values (881107, 'Religious', 36, 920127);

insert into battalion ("BATTALIONNUMBER", "BATTALIONNAME", "NUMBEROFCOMPANIES", "BRIGADENUMBER")
values (254825, 'Direction', 38, 485692);

insert into battalion ("BATTALIONNUMBER", "BATTALIONNAME", "NUMBEROFCOMPANIES", "BRIGADENUMBER")
values (764733, 'Article', 38, 327530);

insert into battalion ("BATTALIONNUMBER", "BATTALIONNAME", "NUMBEROFCOMPANIES", "BRIGADENUMBER")
values (588009, 'Include', 6, 909998);

insert into battalion ("BATTALIONNUMBER", "BATTALIONNAME", "NUMBEROFCOMPANIES", "BRIGADENUMBER")
values (512342, 'Oil', 39, 469077);

insert into battalion ("BATTALIONNUMBER", "BATTALIONNAME", "NUMBEROFCOMPANIES", "BRIGADENUMBER")
values (760050, 'Focus', 20, 622820);

insert into battalion ("BATTALIONNUMBER", "BATTALIONNAME", "NUMBEROFCOMPANIES", "BRIGADENUMBER")
values (712485, 'Factor', 17, 426274);

insert into battalion ("BATTALIONNUMBER", "BATTALIONNAME", "NUMBEROFCOMPANIES", "BRIGADENUMBER")
values (688021, 'His', 30, 851046);

insert into battalion ("BATTALIONNUMBER", "BATTALIONNAME", "NUMBEROFCOMPANIES", "BRIGADENUMBER")
values (160539, 'Mean', 3, 214063);

insert into battalion ("BATTALIONNUMBER", "BATTALIONNAME", "NUMBEROFCOMPANIES", "BRIGADENUMBER")
values (752332, 'Usually', 25, 711086);

insert into battalion ("BATTALIONNUMBER", "BATTALIONNAME", "NUMBEROFCOMPANIES", "BRIGADENUMBER")
values (551528, 'Buy', 24, 737486);

insert into battalion ("BATTALIONNUMBER", "BATTALIONNAME", "NUMBEROFCOMPANIES", "BRIGADENUMBER")
values (919543, 'Movie', 23, 120241);

insert into battalion ("BATTALIONNUMBER", "BATTALIONNAME", "NUMBEROFCOMPANIES", "BRIGADENUMBER")
values (210921, 'Wide', 18, 826672);

insert into battalion ("BATTALIONNUMBER", "BATTALIONNAME", "NUMBEROFCOMPANIES", "BRIGADENUMBER")
values (475575, 'Especially', 29, 547686);

insert into battalion ("BATTALIONNUMBER", "BATTALIONNAME", "NUMBEROFCOMPANIES", "BRIGADENUMBER")
values (605029, 'Instead', 24, 333224);

insert into battalion ("BATTALIONNUMBER", "BATTALIONNAME", "NUMBEROFCOMPANIES", "BRIGADENUMBER")
values (221237, 'Huge', 17, 601474);

insert into battalion ("BATTALIONNUMBER", "BATTALIONNAME", "NUMBEROFCOMPANIES", "BRIGADENUMBER")
values (372152, 'Image', 20, 216430);

insert into battalion ("BATTALIONNUMBER", "BATTALIONNAME", "NUMBEROFCOMPANIES", "BRIGADENUMBER")
values (747529, 'Behavior', 39, 659493);

insert into battalion ("BATTALIONNUMBER", "BATTALIONNAME", "NUMBEROFCOMPANIES", "BRIGADENUMBER")
values (591508, 'Whole', 19, 289205);

insert into battalion ("BATTALIONNUMBER", "BATTALIONNAME", "NUMBEROFCOMPANIES", "BRIGADENUMBER")
values (646870, 'Mrs', 28, 733570);

insert into battalion ("BATTALIONNUMBER", "BATTALIONNAME", "NUMBEROFCOMPANIES", "BRIGADENUMBER")
values (828201, 'Old', 48, 317332);

insert into battalion ("BATTALIONNUMBER", "BATTALIONNAME", "NUMBEROFCOMPANIES", "BRIGADENUMBER")
values (531026, 'Strategy', 25, 612303);

insert into battalion ("BATTALIONNUMBER", "BATTALIONNAME", "NUMBEROFCOMPANIES", "BRIGADENUMBER")
values (747510, 'Begin', 32, 789732);

insert into battalion ("BATTALIONNUMBER", "BATTALIONNAME", "NUMBEROFCOMPANIES", "BRIGADENUMBER")
values (930983, 'Word', 31, 528218);

insert into battalion ("BATTALIONNUMBER", "BATTALIONNAME", "NUMBEROFCOMPANIES", "BRIGADENUMBER")
values (147179, 'Job', 47, 830539);

insert into battalion ("BATTALIONNUMBER", "BATTALIONNAME", "NUMBEROFCOMPANIES", "BRIGADENUMBER")
values (471123, 'Unit', 27, 949021);

insert into battalion ("BATTALIONNUMBER", "BATTALIONNAME", "NUMBEROFCOMPANIES", "BRIGADENUMBER")
values (293206, 'Past', 20, 132643);

insert into battalion ("BATTALIONNUMBER", "BATTALIONNAME", "NUMBEROFCOMPANIES", "BRIGADENUMBER")
values (141197, 'Fact', 35, 574711);

insert into battalion ("BATTALIONNUMBER", "BATTALIONNAME", "NUMBEROFCOMPANIES", "BRIGADENUMBER")
values (730797, 'Collection', 43, 665376);

insert into battalion ("BATTALIONNUMBER", "BATTALIONNAME", "NUMBEROFCOMPANIES", "BRIGADENUMBER")
values (134655, 'Most', 29, 122884);

insert into battalion ("BATTALIONNUMBER", "BATTALIONNAME", "NUMBEROFCOMPANIES", "BRIGADENUMBER")
values (332860, 'Trouble', 29, 375445);

insert into battalion ("BATTALIONNUMBER", "BATTALIONNAME", "NUMBEROFCOMPANIES", "BRIGADENUMBER")
values (367023, 'Democratic', 7, 592906);

insert into battalion ("BATTALIONNUMBER", "BATTALIONNAME", "NUMBEROFCOMPANIES", "BRIGADENUMBER")
values (680407, 'Management', 10, 464371);

insert into battalion ("BATTALIONNUMBER", "BATTALIONNAME", "NUMBEROFCOMPANIES", "BRIGADENUMBER")
values (506910, 'Have', 11, 524965);

insert into battalion ("BATTALIONNUMBER", "BATTALIONNAME", "NUMBEROFCOMPANIES", "BRIGADENUMBER")
values (387714, 'Full', 20, 591146);

insert into battalion ("BATTALIONNUMBER", "BATTALIONNAME", "NUMBEROFCOMPANIES", "BRIGADENUMBER")
values (493738, 'Through', 4, 354568);

commit;

insert into battalion ("BATTALIONNUMBER", "BATTALIONNAME", "NUMBEROFCOMPANIES", "BRIGADENUMBER")
values (629039, 'Century', 3, 879484);

insert into battalion ("BATTALIONNUMBER", "BATTALIONNAME", "NUMBEROFCOMPANIES", "BRIGADENUMBER")
values (528245, 'Away', 9, 138987);

insert into battalion ("BATTALIONNUMBER", "BATTALIONNAME", "NUMBEROFCOMPANIES", "BRIGADENUMBER")
values (411374, 'Form', 18, 374350);

insert into battalion ("BATTALIONNUMBER", "BATTALIONNAME", "NUMBEROFCOMPANIES", "BRIGADENUMBER")
values (655351, 'Half', 49, 702460);

insert into battalion ("BATTALIONNUMBER", "BATTALIONNAME", "NUMBEROFCOMPANIES", "BRIGADENUMBER")
values (750488, 'Investment', 33, 470639);

insert into battalion ("BATTALIONNUMBER", "BATTALIONNAME", "NUMBEROFCOMPANIES", "BRIGADENUMBER")
values (350831, 'Data', 42, 451477);

insert into battalion ("BATTALIONNUMBER", "BATTALIONNAME", "NUMBEROFCOMPANIES", "BRIGADENUMBER")
values (128466, 'Decide', 39, 569186);

insert into battalion ("BATTALIONNUMBER", "BATTALIONNAME", "NUMBEROFCOMPANIES", "BRIGADENUMBER")
values (853920, 'Still', 30, 945269);

insert into battalion ("BATTALIONNUMBER", "BATTALIONNAME", "NUMBEROFCOMPANIES", "BRIGADENUMBER")
values (714821, 'Together', 3, 490769);

insert into battalion ("BATTALIONNUMBER", "BATTALIONNAME", "NUMBEROFCOMPANIES", "BRIGADENUMBER")
values (620556, 'A', 34, 476350);

insert into battalion ("BATTALIONNUMBER", "BATTALIONNAME", "NUMBEROFCOMPANIES", "BRIGADENUMBER")
values (556588, 'Wife', 46, 684621);

insert into battalion ("BATTALIONNUMBER", "BATTALIONNAME", "NUMBEROFCOMPANIES", "BRIGADENUMBER")
values (275308, 'Debate', 36, 290157);

insert into battalion ("BATTALIONNUMBER", "BATTALIONNAME", "NUMBEROFCOMPANIES", "BRIGADENUMBER")
values (162471, 'Less', 9, 890667);

insert into battalion ("BATTALIONNUMBER", "BATTALIONNAME", "NUMBEROFCOMPANIES", "BRIGADENUMBER")
values (613992, 'Either', 19, 362510);

insert into battalion ("BATTALIONNUMBER", "BATTALIONNAME", "NUMBEROFCOMPANIES", "BRIGADENUMBER")
values (919647, 'Shake', 29, 123049);

insert into battalion ("BATTALIONNUMBER", "BATTALIONNAME", "NUMBEROFCOMPANIES", "BRIGADENUMBER")
values (158752, 'Space', 8, 836922);

insert into battalion ("BATTALIONNUMBER", "BATTALIONNAME", "NUMBEROFCOMPANIES", "BRIGADENUMBER")
values (990062, 'West', 4, 155206);

insert into battalion ("BATTALIONNUMBER", "BATTALIONNAME", "NUMBEROFCOMPANIES", "BRIGADENUMBER")
values (586121, 'Popular', 39, 331515);

insert into battalion ("BATTALIONNUMBER", "BATTALIONNAME", "NUMBEROFCOMPANIES", "BRIGADENUMBER")
values (455174, 'Mr', 34, 276600);

insert into battalion ("BATTALIONNUMBER", "BATTALIONNAME", "NUMBEROFCOMPANIES", "BRIGADENUMBER")
values (646541, 'Reason', 17, 892769);

insert into battalion ("BATTALIONNUMBER", "BATTALIONNAME", "NUMBEROFCOMPANIES", "BRIGADENUMBER")
values (362537, 'Compare', 40, 984369);

insert into battalion ("BATTALIONNUMBER", "BATTALIONNAME", "NUMBEROFCOMPANIES", "BRIGADENUMBER")
values (498465, 'Modern', 48, 434439);

insert into battalion ("BATTALIONNUMBER", "BATTALIONNAME", "NUMBEROFCOMPANIES", "BRIGADENUMBER")
values (653326, 'Player', 24, 963438);

insert into battalion ("BATTALIONNUMBER", "BATTALIONNAME", "NUMBEROFCOMPANIES", "BRIGADENUMBER")
values (263017, 'Best', 49, 659493);

insert into battalion ("BATTALIONNUMBER", "BATTALIONNAME", "NUMBEROFCOMPANIES", "BRIGADENUMBER")
values (537741, 'Stop', 5, 668958);

insert into battalion ("BATTALIONNUMBER", "BATTALIONNAME", "NUMBEROFCOMPANIES", "BRIGADENUMBER")
values (970642, 'Thing', 33, 431676);

insert into battalion ("BATTALIONNUMBER", "BATTALIONNAME", "NUMBEROFCOMPANIES", "BRIGADENUMBER")
values (609698, 'Force', 37, 686175);

insert into battalion ("BATTALIONNUMBER", "BATTALIONNAME", "NUMBEROFCOMPANIES", "BRIGADENUMBER")
values (206156, 'Picture', 35, 423620);

insert into battalion ("BATTALIONNUMBER", "BATTALIONNAME", "NUMBEROFCOMPANIES", "BRIGADENUMBER")
values (162598, 'Me', 24, 357859);

insert into battalion ("BATTALIONNUMBER", "BATTALIONNAME", "NUMBEROFCOMPANIES", "BRIGADENUMBER")
values (686946, 'Quite', 28, 155206);

insert into battalion ("BATTALIONNUMBER", "BATTALIONNAME", "NUMBEROFCOMPANIES", "BRIGADENUMBER")
values (785748, 'Finish', 43, 842005);

insert into battalion ("BATTALIONNUMBER", "BATTALIONNAME", "NUMBEROFCOMPANIES", "BRIGADENUMBER")
values (273836, 'Road', 23, 681297);

insert into battalion ("BATTALIONNUMBER", "BATTALIONNAME", "NUMBEROFCOMPANIES", "BRIGADENUMBER")
values (662652, 'Each', 43, 282264);

insert into battalion ("BATTALIONNUMBER", "BATTALIONNAME", "NUMBEROFCOMPANIES", "BRIGADENUMBER")
values (252747, 'Fast', 50, 561554);

insert into battalion ("BATTALIONNUMBER", "BATTALIONNAME", "NUMBEROFCOMPANIES", "BRIGADENUMBER")
values (918335, 'Forward', 19, 702460);

insert into battalion ("BATTALIONNUMBER", "BATTALIONNAME", "NUMBEROFCOMPANIES", "BRIGADENUMBER")
values (338552, 'Activity', 20, 757577);

insert into battalion ("BATTALIONNUMBER", "BATTALIONNAME", "NUMBEROFCOMPANIES", "BRIGADENUMBER")
values (701903, 'Benefit', 42, 681297);

insert into battalion ("BATTALIONNUMBER", "BATTALIONNAME", "NUMBEROFCOMPANIES", "BRIGADENUMBER")
values (105754, 'Join', 28, 490769);

insert into battalion ("BATTALIONNUMBER", "BATTALIONNAME", "NUMBEROFCOMPANIES", "BRIGADENUMBER")
values (855826, 'Deep', 35, 402788);

insert into battalion ("BATTALIONNUMBER", "BATTALIONNAME", "NUMBEROFCOMPANIES", "BRIGADENUMBER")
values (780709, 'International', 12, 260566);

insert into battalion ("BATTALIONNUMBER", "BATTALIONNAME", "NUMBEROFCOMPANIES", "BRIGADENUMBER")
values (392613, 'Difficult', 15, 987217);

insert into battalion ("BATTALIONNUMBER", "BATTALIONNAME", "NUMBEROFCOMPANIES", "BRIGADENUMBER")
values (400029, 'Picture', 22, 693457);

insert into battalion ("BATTALIONNUMBER", "BATTALIONNAME", "NUMBEROFCOMPANIES", "BRIGADENUMBER")
values (219793, 'Expert', 27, 757577);

insert into battalion ("BATTALIONNUMBER", "BATTALIONNAME", "NUMBEROFCOMPANIES", "BRIGADENUMBER")
values (454044, 'According', 20, 458515);

insert into battalion ("BATTALIONNUMBER", "BATTALIONNAME", "NUMBEROFCOMPANIES", "BRIGADENUMBER")
values (167503, 'Difference', 15, 245571);

insert into battalion ("BATTALIONNUMBER", "BATTALIONNAME", "NUMBEROFCOMPANIES", "BRIGADENUMBER")
values (778661, 'National', 15, 673816);

insert into battalion ("BATTALIONNUMBER", "BATTALIONNAME", "NUMBEROFCOMPANIES", "BRIGADENUMBER")
values (206619, 'Training', 36, 846687);

insert into battalion ("BATTALIONNUMBER", "BATTALIONNAME", "NUMBEROFCOMPANIES", "BRIGADENUMBER")
values (828656, 'And', 12, 177825);

insert into battalion ("BATTALIONNUMBER", "BATTALIONNAME", "NUMBEROFCOMPANIES", "BRIGADENUMBER")
values (510383, 'Manage', 14, 649421);

insert into battalion ("BATTALIONNUMBER", "BATTALIONNAME", "NUMBEROFCOMPANIES", "BRIGADENUMBER")
values (609320, 'Want', 38, 879484);

insert into battalion ("BATTALIONNUMBER", "BATTALIONNAME", "NUMBEROFCOMPANIES", "BRIGADENUMBER")
values (346630, 'Food', 50, 122884);

insert into battalion ("BATTALIONNUMBER", "BATTALIONNAME", "NUMBEROFCOMPANIES", "BRIGADENUMBER")
values (776381, 'Success', 23, 441871);

insert into battalion ("BATTALIONNUMBER", "BATTALIONNAME", "NUMBEROFCOMPANIES", "BRIGADENUMBER")
values (469671, 'Radio', 48, 724060);

insert into battalion ("BATTALIONNUMBER", "BATTALIONNAME", "NUMBEROFCOMPANIES", "BRIGADENUMBER")
values (576086, 'Million', 21, 981996);

insert into battalion ("BATTALIONNUMBER", "BATTALIONNAME", "NUMBEROFCOMPANIES", "BRIGADENUMBER")
values (706879, 'Picture', 7, 932700);

insert into battalion ("BATTALIONNUMBER", "BATTALIONNAME", "NUMBEROFCOMPANIES", "BRIGADENUMBER")
values (301945, 'Condition', 24, 863178);

insert into battalion ("BATTALIONNUMBER", "BATTALIONNAME", "NUMBEROFCOMPANIES", "BRIGADENUMBER")
values (910378, 'Deep', 40, 266472);

insert into battalion ("BATTALIONNUMBER", "BATTALIONNAME", "NUMBEROFCOMPANIES", "BRIGADENUMBER")
values (664946, 'Already', 42, 341536);

insert into battalion ("BATTALIONNUMBER", "BATTALIONNAME", "NUMBEROFCOMPANIES", "BRIGADENUMBER")
values (302254, 'Machine', 44, 245571);

insert into battalion ("BATTALIONNUMBER", "BATTALIONNAME", "NUMBEROFCOMPANIES", "BRIGADENUMBER")
values (230851, 'Tend', 26, 239794);

insert into battalion ("BATTALIONNUMBER", "BATTALIONNAME", "NUMBEROFCOMPANIES", "BRIGADENUMBER")
values (886773, 'Attorney', 18, 504534);

insert into battalion ("BATTALIONNUMBER", "BATTALIONNAME", "NUMBEROFCOMPANIES", "BRIGADENUMBER")
values (838091, 'Marriage', 42, 514008);

insert into battalion ("BATTALIONNUMBER", "BATTALIONNAME", "NUMBEROFCOMPANIES", "BRIGADENUMBER")
values (977596, 'Great', 31, 123049);

insert into battalion ("BATTALIONNUMBER", "BATTALIONNAME", "NUMBEROFCOMPANIES", "BRIGADENUMBER")
values (914573, 'Compare', 32, 574711);

insert into battalion ("BATTALIONNUMBER", "BATTALIONNAME", "NUMBEROFCOMPANIES", "BRIGADENUMBER")
values (404390, 'Action', 38, 327530);

insert into battalion ("BATTALIONNUMBER", "BATTALIONNAME", "NUMBEROFCOMPANIES", "BRIGADENUMBER")
values (259618, 'Seek', 32, 318679);

insert into battalion ("BATTALIONNUMBER", "BATTALIONNAME", "NUMBEROFCOMPANIES", "BRIGADENUMBER")
values (345467, 'Development', 24, 610728);

insert into battalion ("BATTALIONNUMBER", "BATTALIONNAME", "NUMBEROFCOMPANIES", "BRIGADENUMBER")
values (459705, 'Left', 23, 446805);

insert into battalion ("BATTALIONNUMBER", "BATTALIONNAME", "NUMBEROFCOMPANIES", "BRIGADENUMBER")
values (545385, 'When', 33, 237916);

insert into battalion ("BATTALIONNUMBER", "BATTALIONNAME", "NUMBEROFCOMPANIES", "BRIGADENUMBER")
values (212541, 'Woman', 6, 704834);

insert into battalion ("BATTALIONNUMBER", "BATTALIONNAME", "NUMBEROFCOMPANIES", "BRIGADENUMBER")
values (524535, 'Small', 12, 176101);

insert into battalion ("BATTALIONNUMBER", "BATTALIONNAME", "NUMBEROFCOMPANIES", "BRIGADENUMBER")
values (702544, 'Join', 4, 903897);

insert into battalion ("BATTALIONNUMBER", "BATTALIONNAME", "NUMBEROFCOMPANIES", "BRIGADENUMBER")
values (818502, 'Tv', 12, 864515);

insert into battalion ("BATTALIONNUMBER", "BATTALIONNAME", "NUMBEROFCOMPANIES", "BRIGADENUMBER")
values (575847, 'Contain', 14, 476606);

insert into battalion ("BATTALIONNUMBER", "BATTALIONNAME", "NUMBEROFCOMPANIES", "BRIGADENUMBER")
values (502101, 'Perhaps', 47, 485466);

insert into battalion ("BATTALIONNUMBER", "BATTALIONNAME", "NUMBEROFCOMPANIES", "BRIGADENUMBER")
values (895320, 'Person', 50, 836922);

insert into battalion ("BATTALIONNUMBER", "BATTALIONNAME", "NUMBEROFCOMPANIES", "BRIGADENUMBER")
values (838318, 'Serve', 7, 962028);

insert into battalion ("BATTALIONNUMBER", "BATTALIONNAME", "NUMBEROFCOMPANIES", "BRIGADENUMBER")
values (235494, 'Something', 13, 160916);

insert into battalion ("BATTALIONNUMBER", "BATTALIONNAME", "NUMBEROFCOMPANIES", "BRIGADENUMBER")
values (764119, 'Down', 28, 335687);

insert into battalion ("BATTALIONNUMBER", "BATTALIONNAME", "NUMBEROFCOMPANIES", "BRIGADENUMBER")
values (204696, 'Gun', 43, 995292);

insert into battalion ("BATTALIONNUMBER", "BATTALIONNAME", "NUMBEROFCOMPANIES", "BRIGADENUMBER")
values (732834, 'Others', 46, 587496);

insert into battalion ("BATTALIONNUMBER", "BATTALIONNAME", "NUMBEROFCOMPANIES", "BRIGADENUMBER")
values (161932, 'Few', 32, 389756);

insert into battalion ("BATTALIONNUMBER", "BATTALIONNAME", "NUMBEROFCOMPANIES", "BRIGADENUMBER")
values (641796, 'Remember', 45, 817999);

insert into battalion ("BATTALIONNUMBER", "BATTALIONNAME", "NUMBEROFCOMPANIES", "BRIGADENUMBER")
values (541106, 'When', 35, 863178);

insert into battalion ("BATTALIONNUMBER", "BATTALIONNAME", "NUMBEROFCOMPANIES", "BRIGADENUMBER")
values (457798, 'Until', 21, 665376);

insert into battalion ("BATTALIONNUMBER", "BATTALIONNAME", "NUMBEROFCOMPANIES", "BRIGADENUMBER")
values (420279, 'Dark', 21, 991357);

insert into battalion ("BATTALIONNUMBER", "BATTALIONNAME", "NUMBEROFCOMPANIES", "BRIGADENUMBER")
values (236333, 'Case', 44, 333224);

insert into battalion ("BATTALIONNUMBER", "BATTALIONNAME", "NUMBEROFCOMPANIES", "BRIGADENUMBER")
values (997744, 'Difference', 31, 589270);

insert into battalion ("BATTALIONNUMBER", "BATTALIONNAME", "NUMBEROFCOMPANIES", "BRIGADENUMBER")
values (668255, 'Effect', 4, 901236);

insert into battalion ("BATTALIONNUMBER", "BATTALIONNAME", "NUMBEROFCOMPANIES", "BRIGADENUMBER")
values (933788, 'Behavior', 47, 761769);

insert into battalion ("BATTALIONNUMBER", "BATTALIONNAME", "NUMBEROFCOMPANIES", "BRIGADENUMBER")
values (709058, 'Always', 37, 705523);

insert into battalion ("BATTALIONNUMBER", "BATTALIONNAME", "NUMBEROFCOMPANIES", "BRIGADENUMBER")
values (829318, 'On', 17, 148090);

insert into battalion ("BATTALIONNUMBER", "BATTALIONNAME", "NUMBEROFCOMPANIES", "BRIGADENUMBER")
values (748882, 'Southern', 14, 889181);

insert into battalion ("BATTALIONNUMBER", "BATTALIONNAME", "NUMBEROFCOMPANIES", "BRIGADENUMBER")
values (925927, 'Class', 35, 400771);

insert into battalion ("BATTALIONNUMBER", "BATTALIONNAME", "NUMBEROFCOMPANIES", "BRIGADENUMBER")
values (901751, 'Republican', 20, 247597);

insert into battalion ("BATTALIONNUMBER", "BATTALIONNAME", "NUMBEROFCOMPANIES", "BRIGADENUMBER")
values (689199, 'Number', 21, 764401);

insert into battalion ("BATTALIONNUMBER", "BATTALIONNAME", "NUMBEROFCOMPANIES", "BRIGADENUMBER")
values (117478, 'Ability', 28, 691299);

insert into battalion ("BATTALIONNUMBER", "BATTALIONNAME", "NUMBEROFCOMPANIES", "BRIGADENUMBER")
values (583041, 'Election', 40, 490769);

insert into battalion ("BATTALIONNUMBER", "BATTALIONNAME", "NUMBEROFCOMPANIES", "BRIGADENUMBER")
values (459282, 'Drug', 22, 155206);

insert into battalion ("BATTALIONNUMBER", "BATTALIONNAME", "NUMBEROFCOMPANIES", "BRIGADENUMBER")
values (812239, 'Participant', 37, 289205);

set define off

insert into company ("COMPANYNUMBER", "COMPANYNAME", "NUMBEROFPLATOONS", "BATTALIONNUMBER")
values (449379, 'Almost', 57, 531026);

insert into company ("COMPANYNUMBER", "COMPANYNAME", "NUMBEROFPLATOONS", "BATTALIONNUMBER")
values (605766, 'Now', 98, 457798);

insert into company ("COMPANYNUMBER", "COMPANYNAME", "NUMBEROFPLATOONS", "BATTALIONNUMBER")
values (532689, 'These', 94, 294632);

insert into company ("COMPANYNUMBER", "COMPANYNAME", "NUMBEROFPLATOONS", "BATTALIONNUMBER")
values (952361, 'Much', 67, 671417);

insert into company ("COMPANYNUMBER", "COMPANYNAME", "NUMBEROFPLATOONS", "BATTALIONNUMBER")
values (191740, 'Case', 56, 345467);

insert into company ("COMPANYNUMBER", "COMPANYNAME", "NUMBEROFPLATOONS", "BATTALIONNUMBER")
values (405206, 'Want', 22, 642293);

insert into company ("COMPANYNUMBER", "COMPANYNAME", "NUMBEROFPLATOONS", "BATTALIONNUMBER")
values (606673, 'Inside', 94, 837682);

insert into company ("COMPANYNUMBER", "COMPANYNAME", "NUMBEROFPLATOONS", "BATTALIONNUMBER")
values (759223, 'Same', 25, 587747);

insert into company ("COMPANYNUMBER", "COMPANYNAME", "NUMBEROFPLATOONS", "BATTALIONNUMBER")
values (950568, 'Best', 46, 221127);

insert into company ("COMPANYNUMBER", "COMPANYNAME", "NUMBEROFPLATOONS", "BATTALIONNUMBER")
values (575113, 'Wind', 57, 380339);

insert into company ("COMPANYNUMBER", "COMPANYNAME", "NUMBEROFPLATOONS", "BATTALIONNUMBER")
values (152497, 'Question', 18, 447414);

insert into company ("COMPANYNUMBER", "COMPANYNAME", "NUMBEROFPLATOONS", "BATTALIONNUMBER")
values (269442, 'Series', 5, 301945);

insert into company ("COMPANYNUMBER", "COMPANYNAME", "NUMBEROFPLATOONS", "BATTALIONNUMBER")
values (651608, 'Law', 16, 219793);

insert into company ("COMPANYNUMBER", "COMPANYNAME", "NUMBEROFPLATOONS", "BATTALIONNUMBER")
values (972992, 'Mission', 92, 152299);

insert into company ("COMPANYNUMBER", "COMPANYNAME", "NUMBEROFPLATOONS", "BATTALIONNUMBER")
values (816848, 'Whole', 5, 331737);

insert into company ("COMPANYNUMBER", "COMPANYNAME", "NUMBEROFPLATOONS", "BATTALIONNUMBER")
values (205236, 'That', 7, 297387);

insert into company ("COMPANYNUMBER", "COMPANYNAME", "NUMBEROFPLATOONS", "BATTALIONNUMBER")
values (280523, 'Officer', 67, 706879);

insert into company ("COMPANYNUMBER", "COMPANYNAME", "NUMBEROFPLATOONS", "BATTALIONNUMBER")
values (319662, 'Itself', 100, 578900);

insert into company ("COMPANYNUMBER", "COMPANYNAME", "NUMBEROFPLATOONS", "BATTALIONNUMBER")
values (232247, 'Positive', 38, 925927);

insert into company ("COMPANYNUMBER", "COMPANYNAME", "NUMBEROFPLATOONS", "BATTALIONNUMBER")
values (496834, 'Certainly', 36, 618849);

insert into company ("COMPANYNUMBER", "COMPANYNAME", "NUMBEROFPLATOONS", "BATTALIONNUMBER")
values (481512, 'Month', 49, 115232);

insert into company ("COMPANYNUMBER", "COMPANYNAME", "NUMBEROFPLATOONS", "BATTALIONNUMBER")
values (318354, 'Physical', 38, 726064);

insert into company ("COMPANYNUMBER", "COMPANYNAME", "NUMBEROFPLATOONS", "BATTALIONNUMBER")
values (114273, 'Music', 28, 852048);

insert into company ("COMPANYNUMBER", "COMPANYNAME", "NUMBEROFPLATOONS", "BATTALIONNUMBER")
values (998638, 'Peace', 41, 346630);

insert into company ("COMPANYNUMBER", "COMPANYNAME", "NUMBEROFPLATOONS", "BATTALIONNUMBER")
values (283498, 'Visit', 74, 662652);

insert into company ("COMPANYNUMBER", "COMPANYNAME", "NUMBEROFPLATOONS", "BATTALIONNUMBER")
values (205151, 'Significant', 7, 757920);

insert into company ("COMPANYNUMBER", "COMPANYNAME", "NUMBEROFPLATOONS", "BATTALIONNUMBER")
values (104171, 'Senior', 84, 764733);

insert into company ("COMPANYNUMBER", "COMPANYNAME", "NUMBEROFPLATOONS", "BATTALIONNUMBER")
values (487237, 'Black', 51, 111163);

insert into company ("COMPANYNUMBER", "COMPANYNAME", "NUMBEROFPLATOONS", "BATTALIONNUMBER")
values (620915, 'Value', 79, 549662);

insert into company ("COMPANYNUMBER", "COMPANYNAME", "NUMBEROFPLATOONS", "BATTALIONNUMBER")
values (397372, 'Thousand', 91, 275308);

insert into company ("COMPANYNUMBER", "COMPANYNAME", "NUMBEROFPLATOONS", "BATTALIONNUMBER")
values (535634, 'Drop', 81, 847068);

insert into company ("COMPANYNUMBER", "COMPANYNAME", "NUMBEROFPLATOONS", "BATTALIONNUMBER")
values (854765, 'Determine', 85, 111163);

insert into company ("COMPANYNUMBER", "COMPANYNAME", "NUMBEROFPLATOONS", "BATTALIONNUMBER")
values (687068, 'True', 59, 455174);

insert into company ("COMPANYNUMBER", "COMPANYNAME", "NUMBEROFPLATOONS", "BATTALIONNUMBER")
values (882857, 'Against', 11, 591508);

insert into company ("COMPANYNUMBER", "COMPANYNAME", "NUMBEROFPLATOONS", "BATTALIONNUMBER")
values (342632, 'Wrong', 25, 997744);

insert into company ("COMPANYNUMBER", "COMPANYNAME", "NUMBEROFPLATOONS", "BATTALIONNUMBER")
values (201160, 'Evidence', 74, 147179);

insert into company ("COMPANYNUMBER", "COMPANYNAME", "NUMBEROFPLATOONS", "BATTALIONNUMBER")
values (323030, 'Participant', 51, 235494);

insert into company ("COMPANYNUMBER", "COMPANYNAME", "NUMBEROFPLATOONS", "BATTALIONNUMBER")
values (637494, 'Those', 27, 757051);

insert into company ("COMPANYNUMBER", "COMPANYNAME", "NUMBEROFPLATOONS", "BATTALIONNUMBER")
values (262458, 'Another', 76, 980815);

insert into company ("COMPANYNUMBER", "COMPANYNAME", "NUMBEROFPLATOONS", "BATTALIONNUMBER")
values (505162, 'Probably', 86, 387143);

insert into company ("COMPANYNUMBER", "COMPANYNAME", "NUMBEROFPLATOONS", "BATTALIONNUMBER")
values (300366, 'Able', 32, 152299);

insert into company ("COMPANYNUMBER", "COMPANYNAME", "NUMBEROFPLATOONS", "BATTALIONNUMBER")
values (150402, 'Raise', 80, 988866);

insert into company ("COMPANYNUMBER", "COMPANYNAME", "NUMBEROFPLATOONS", "BATTALIONNUMBER")
values (938335, 'Your', 87, 930983);

insert into company ("COMPANYNUMBER", "COMPANYNAME", "NUMBEROFPLATOONS", "BATTALIONNUMBER")
values (477798, 'Lot', 15, 502529);

insert into company ("COMPANYNUMBER", "COMPANYNAME", "NUMBEROFPLATOONS", "BATTALIONNUMBER")
values (569927, 'Beyond', 85, 433834);

insert into company ("COMPANYNUMBER", "COMPANYNAME", "NUMBEROFPLATOONS", "BATTALIONNUMBER")
values (460750, 'Letter', 44, 600320);

insert into company ("COMPANYNUMBER", "COMPANYNAME", "NUMBEROFPLATOONS", "BATTALIONNUMBER")
values (951632, 'Hard', 38, 141197);

insert into company ("COMPANYNUMBER", "COMPANYNAME", "NUMBEROFPLATOONS", "BATTALIONNUMBER")
values (488166, 'Modern', 87, 651638);

insert into company ("COMPANYNUMBER", "COMPANYNAME", "NUMBEROFPLATOONS", "BATTALIONNUMBER")
values (814618, 'Other', 10, 948819);

insert into company ("COMPANYNUMBER", "COMPANYNAME", "NUMBEROFPLATOONS", "BATTALIONNUMBER")
values (910382, 'Spring', 14, 120450);

insert into company ("COMPANYNUMBER", "COMPANYNAME", "NUMBEROFPLATOONS", "BATTALIONNUMBER")
values (320201, 'Something', 34, 803889);

insert into company ("COMPANYNUMBER", "COMPANYNAME", "NUMBEROFPLATOONS", "BATTALIONNUMBER")
values (411563, 'Turn', 17, 571824);

insert into company ("COMPANYNUMBER", "COMPANYNAME", "NUMBEROFPLATOONS", "BATTALIONNUMBER")
values (414578, 'Thus', 9, 925927);

insert into company ("COMPANYNUMBER", "COMPANYNAME", "NUMBEROFPLATOONS", "BATTALIONNUMBER")
values (385317, 'Money', 69, 235494);

insert into company ("COMPANYNUMBER", "COMPANYNAME", "NUMBEROFPLATOONS", "BATTALIONNUMBER")
values (528482, 'Better', 36, 651489);

insert into company ("COMPANYNUMBER", "COMPANYNAME", "NUMBEROFPLATOONS", "BATTALIONNUMBER")
values (807216, 'Unit', 17, 620556);

insert into company ("COMPANYNUMBER", "COMPANYNAME", "NUMBEROFPLATOONS", "BATTALIONNUMBER")
values (280060, 'Finish', 73, 380339);

insert into company ("COMPANYNUMBER", "COMPANYNAME", "NUMBEROFPLATOONS", "BATTALIONNUMBER")
values (983412, 'Treat', 79, 563493);

insert into company ("COMPANYNUMBER", "COMPANYNAME", "NUMBEROFPLATOONS", "BATTALIONNUMBER")
values (781488, 'Important', 9, 829318);

insert into company ("COMPANYNUMBER", "COMPANYNAME", "NUMBEROFPLATOONS", "BATTALIONNUMBER")
values (787438, 'Consider', 78, 971627);

insert into company ("COMPANYNUMBER", "COMPANYNAME", "NUMBEROFPLATOONS", "BATTALIONNUMBER")
values (675140, 'Long', 77, 779354);

insert into company ("COMPANYNUMBER", "COMPANYNAME", "NUMBEROFPLATOONS", "BATTALIONNUMBER")
values (503938, 'Buy', 46, 646541);

insert into company ("COMPANYNUMBER", "COMPANYNAME", "NUMBEROFPLATOONS", "BATTALIONNUMBER")
values (975475, 'Agree', 19, 829318);

insert into company ("COMPANYNUMBER", "COMPANYNAME", "NUMBEROFPLATOONS", "BATTALIONNUMBER")
values (872175, 'This', 59, 587281);

insert into company ("COMPANYNUMBER", "COMPANYNAME", "NUMBEROFPLATOONS", "BATTALIONNUMBER")
values (762082, 'Environment', 65, 709058);

insert into company ("COMPANYNUMBER", "COMPANYNAME", "NUMBEROFPLATOONS", "BATTALIONNUMBER")
values (849926, 'Growth', 75, 232825);

insert into company ("COMPANYNUMBER", "COMPANYNAME", "NUMBEROFPLATOONS", "BATTALIONNUMBER")
values (579920, 'Product', 33, 163577);

insert into company ("COMPANYNUMBER", "COMPANYNAME", "NUMBEROFPLATOONS", "BATTALIONNUMBER")
values (421453, 'Can', 84, 459282);

insert into company ("COMPANYNUMBER", "COMPANYNAME", "NUMBEROFPLATOONS", "BATTALIONNUMBER")
values (561798, 'Site', 27, 233549);

insert into company ("COMPANYNUMBER", "COMPANYNAME", "NUMBEROFPLATOONS", "BATTALIONNUMBER")
values (731146, 'Unit', 82, 387714);

insert into company ("COMPANYNUMBER", "COMPANYNAME", "NUMBEROFPLATOONS", "BATTALIONNUMBER")
values (145656, 'Available', 56, 731799);

insert into company ("COMPANYNUMBER", "COMPANYNAME", "NUMBEROFPLATOONS", "BATTALIONNUMBER")
values (414530, 'Itself', 43, 362537);

insert into company ("COMPANYNUMBER", "COMPANYNAME", "NUMBEROFPLATOONS", "BATTALIONNUMBER")
values (269771, 'Baby', 57, 680407);

insert into company ("COMPANYNUMBER", "COMPANYNAME", "NUMBEROFPLATOONS", "BATTALIONNUMBER")
values (263299, 'Eight', 67, 571198);

insert into company ("COMPANYNUMBER", "COMPANYNAME", "NUMBEROFPLATOONS", "BATTALIONNUMBER")
values (312895, 'Bar', 4, 302923);

insert into company ("COMPANYNUMBER", "COMPANYNAME", "NUMBEROFPLATOONS", "BATTALIONNUMBER")
values (476249, 'Dinner', 34, 330647);

insert into company ("COMPANYNUMBER", "COMPANYNAME", "NUMBEROFPLATOONS", "BATTALIONNUMBER")
values (128038, 'With', 42, 849939);

insert into company ("COMPANYNUMBER", "COMPANYNAME", "NUMBEROFPLATOONS", "BATTALIONNUMBER")
values (405699, 'Fund', 12, 646541);

insert into company ("COMPANYNUMBER", "COMPANYNAME", "NUMBEROFPLATOONS", "BATTALIONNUMBER")
values (437782, 'I', 30, 252747);

insert into company ("COMPANYNUMBER", "COMPANYNAME", "NUMBEROFPLATOONS", "BATTALIONNUMBER")
values (936838, 'Paper', 85, 911121);

insert into company ("COMPANYNUMBER", "COMPANYNAME", "NUMBEROFPLATOONS", "BATTALIONNUMBER")
values (998435, 'Easy', 88, 104060);

insert into company ("COMPANYNUMBER", "COMPANYNAME", "NUMBEROFPLATOONS", "BATTALIONNUMBER")
values (334988, 'Unit', 10, 178918);

insert into company ("COMPANYNUMBER", "COMPANYNAME", "NUMBEROFPLATOONS", "BATTALIONNUMBER")
values (835448, 'Rest', 7, 433834);

insert into company ("COMPANYNUMBER", "COMPANYNAME", "NUMBEROFPLATOONS", "BATTALIONNUMBER")
values (674581, 'Three', 82, 748882);

insert into company ("COMPANYNUMBER", "COMPANYNAME", "NUMBEROFPLATOONS", "BATTALIONNUMBER")
values (485130, 'House', 12, 800597);

insert into company ("COMPANYNUMBER", "COMPANYNAME", "NUMBEROFPLATOONS", "BATTALIONNUMBER")
values (844107, 'Base', 42, 746739);

insert into company ("COMPANYNUMBER", "COMPANYNAME", "NUMBEROFPLATOONS", "BATTALIONNUMBER")
values (686459, 'Ground', 90, 587747);

insert into company ("COMPANYNUMBER", "COMPANYNAME", "NUMBEROFPLATOONS", "BATTALIONNUMBER")
values (215614, 'Prove', 98, 731799);

insert into company ("COMPANYNUMBER", "COMPANYNAME", "NUMBEROFPLATOONS", "BATTALIONNUMBER")
values (171516, 'Add', 65, 293206);

insert into company ("COMPANYNUMBER", "COMPANYNAME", "NUMBEROFPLATOONS", "BATTALIONNUMBER")
values (213761, 'Those', 14, 890930);

insert into company ("COMPANYNUMBER", "COMPANYNAME", "NUMBEROFPLATOONS", "BATTALIONNUMBER")
values (441920, 'Almost', 46, 798648);

insert into company ("COMPANYNUMBER", "COMPANYNAME", "NUMBEROFPLATOONS", "BATTALIONNUMBER")
values (613538, 'Good', 14, 421995);

insert into company ("COMPANYNUMBER", "COMPANYNAME", "NUMBEROFPLATOONS", "BATTALIONNUMBER")
values (413746, 'She', 51, 580679);

insert into company ("COMPANYNUMBER", "COMPANYNAME", "NUMBEROFPLATOONS", "BATTALIONNUMBER")
values (880113, 'Stop', 32, 447469);

insert into company ("COMPANYNUMBER", "COMPANYNAME", "NUMBEROFPLATOONS", "BATTALIONNUMBER")
values (438874, 'Determine', 53, 389017);

insert into company ("COMPANYNUMBER", "COMPANYNAME", "NUMBEROFPLATOONS", "BATTALIONNUMBER")
values (989948, 'Green', 99, 673778);

insert into company ("COMPANYNUMBER", "COMPANYNAME", "NUMBEROFPLATOONS", "BATTALIONNUMBER")
values (866761, 'Level', 61, 970642);

insert into company ("COMPANYNUMBER", "COMPANYNAME", "NUMBEROFPLATOONS", "BATTALIONNUMBER")
values (667806, 'Sit', 69, 991149);

insert into company ("COMPANYNUMBER", "COMPANYNAME", "NUMBEROFPLATOONS", "BATTALIONNUMBER")
values (562404, 'Benefit', 38, 585839);

insert into company ("COMPANYNUMBER", "COMPANYNAME", "NUMBEROFPLATOONS", "BATTALIONNUMBER")
values (272522, 'Serve', 84, 572778);

commit;

insert into company ("COMPANYNUMBER", "COMPANYNAME", "NUMBEROFPLATOONS", "BATTALIONNUMBER")
values (217076, 'Same', 97, 211802);

insert into company ("COMPANYNUMBER", "COMPANYNAME", "NUMBEROFPLATOONS", "BATTALIONNUMBER")
values (703685, 'Party', 33, 855826);

insert into company ("COMPANYNUMBER", "COMPANYNAME", "NUMBEROFPLATOONS", "BATTALIONNUMBER")
values (333993, 'Program', 82, 849939);

insert into company ("COMPANYNUMBER", "COMPANYNAME", "NUMBEROFPLATOONS", "BATTALIONNUMBER")
values (267161, 'Win', 7, 646541);

insert into company ("COMPANYNUMBER", "COMPANYNAME", "NUMBEROFPLATOONS", "BATTALIONNUMBER")
values (317537, 'Mrs', 11, 747529);

insert into company ("COMPANYNUMBER", "COMPANYNAME", "NUMBEROFPLATOONS", "BATTALIONNUMBER")
values (331730, 'Vote', 86, 547149);

insert into company ("COMPANYNUMBER", "COMPANYNAME", "NUMBEROFPLATOONS", "BATTALIONNUMBER")
values (554184, 'Station', 7, 903712);

insert into company ("COMPANYNUMBER", "COMPANYNAME", "NUMBEROFPLATOONS", "BATTALIONNUMBER")
values (456169, 'However', 65, 115232);

insert into company ("COMPANYNUMBER", "COMPANYNAME", "NUMBEROFPLATOONS", "BATTALIONNUMBER")
values (201571, 'Party', 10, 910378);

insert into company ("COMPANYNUMBER", "COMPANYNAME", "NUMBEROFPLATOONS", "BATTALIONNUMBER")
values (107243, 'Here', 33, 105754);

insert into company ("COMPANYNUMBER", "COMPANYNAME", "NUMBEROFPLATOONS", "BATTALIONNUMBER")
values (373567, 'Network', 76, 714821);

insert into company ("COMPANYNUMBER", "COMPANYNAME", "NUMBEROFPLATOONS", "BATTALIONNUMBER")
values (326380, 'Receive', 38, 779354);

insert into company ("COMPANYNUMBER", "COMPANYNAME", "NUMBEROFPLATOONS", "BATTALIONNUMBER")
values (721976, 'National', 82, 531026);

insert into company ("COMPANYNUMBER", "COMPANYNAME", "NUMBEROFPLATOONS", "BATTALIONNUMBER")
values (863569, 'As', 12, 151052);

insert into company ("COMPANYNUMBER", "COMPANYNAME", "NUMBEROFPLATOONS", "BATTALIONNUMBER")
values (981435, 'Fly', 25, 618849);

insert into company ("COMPANYNUMBER", "COMPANYNAME", "NUMBEROFPLATOONS", "BATTALIONNUMBER")
values (888958, 'Range', 92, 484033);

insert into company ("COMPANYNUMBER", "COMPANYNAME", "NUMBEROFPLATOONS", "BATTALIONNUMBER")
values (865635, 'Begin', 65, 667357);

insert into company ("COMPANYNUMBER", "COMPANYNAME", "NUMBEROFPLATOONS", "BATTALIONNUMBER")
values (558704, 'Song', 51, 247465);

insert into company ("COMPANYNUMBER", "COMPANYNAME", "NUMBEROFPLATOONS", "BATTALIONNUMBER")
values (422872, 'Baby', 57, 760708);

insert into company ("COMPANYNUMBER", "COMPANYNAME", "NUMBEROFPLATOONS", "BATTALIONNUMBER")
values (327421, 'Prepare', 18, 793240);

insert into company ("COMPANYNUMBER", "COMPANYNAME", "NUMBEROFPLATOONS", "BATTALIONNUMBER")
values (419700, 'Hold', 90, 498465);

insert into company ("COMPANYNUMBER", "COMPANYNAME", "NUMBEROFPLATOONS", "BATTALIONNUMBER")
values (744848, 'Imagine', 32, 625743);

insert into company ("COMPANYNUMBER", "COMPANYNAME", "NUMBEROFPLATOONS", "BATTALIONNUMBER")
values (133114, 'Bank', 60, 764733);

insert into company ("COMPANYNUMBER", "COMPANYNAME", "NUMBEROFPLATOONS", "BATTALIONNUMBER")
values (913330, 'Six', 91, 528797);

insert into company ("COMPANYNUMBER", "COMPANYNAME", "NUMBEROFPLATOONS", "BATTALIONNUMBER")
values (729240, 'Article', 10, 161932);

insert into company ("COMPANYNUMBER", "COMPANYNAME", "NUMBEROFPLATOONS", "BATTALIONNUMBER")
values (102905, 'Group', 69, 803889);

insert into company ("COMPANYNUMBER", "COMPANYNAME", "NUMBEROFPLATOONS", "BATTALIONNUMBER")
values (979572, 'Surface', 32, 317075);

insert into company ("COMPANYNUMBER", "COMPANYNAME", "NUMBEROFPLATOONS", "BATTALIONNUMBER")
values (311121, 'Still', 51, 722343);

insert into company ("COMPANYNUMBER", "COMPANYNAME", "NUMBEROFPLATOONS", "BATTALIONNUMBER")
values (858747, 'Note', 99, 888539);

insert into company ("COMPANYNUMBER", "COMPANYNAME", "NUMBEROFPLATOONS", "BATTALIONNUMBER")
values (802475, 'Break', 72, 529955);

insert into company ("COMPANYNUMBER", "COMPANYNAME", "NUMBEROFPLATOONS", "BATTALIONNUMBER")
values (115968, 'Physical', 88, 178918);

insert into company ("COMPANYNUMBER", "COMPANYNAME", "NUMBEROFPLATOONS", "BATTALIONNUMBER")
values (716591, 'Practice', 42, 426165);

insert into company ("COMPANYNUMBER", "COMPANYNAME", "NUMBEROFPLATOONS", "BATTALIONNUMBER")
values (533206, 'Trouble', 8, 761692);

insert into company ("COMPANYNUMBER", "COMPANYNAME", "NUMBEROFPLATOONS", "BATTALIONNUMBER")
values (977682, 'Each', 38, 362537);

insert into company ("COMPANYNUMBER", "COMPANYNAME", "NUMBEROFPLATOONS", "BATTALIONNUMBER")
values (357822, 'Green', 49, 812239);

insert into company ("COMPANYNUMBER", "COMPANYNAME", "NUMBEROFPLATOONS", "BATTALIONNUMBER")
values (529405, 'Prevent', 4, 182040);

insert into company ("COMPANYNUMBER", "COMPANYNAME", "NUMBEROFPLATOONS", "BATTALIONNUMBER")
values (954701, 'Growth', 30, 620556);

insert into company ("COMPANYNUMBER", "COMPANYNAME", "NUMBEROFPLATOONS", "BATTALIONNUMBER")
values (402207, 'Whose', 74, 296810);

insert into company ("COMPANYNUMBER", "COMPANYNAME", "NUMBEROFPLATOONS", "BATTALIONNUMBER")
values (880498, 'Father', 10, 330647);

insert into company ("COMPANYNUMBER", "COMPANYNAME", "NUMBEROFPLATOONS", "BATTALIONNUMBER")
values (948051, 'Say', 71, 752332);

insert into company ("COMPANYNUMBER", "COMPANYNAME", "NUMBEROFPLATOONS", "BATTALIONNUMBER")
values (184481, 'Good', 46, 553470);

insert into company ("COMPANYNUMBER", "COMPANYNAME", "NUMBEROFPLATOONS", "BATTALIONNUMBER")
values (131422, 'Article', 84, 212818);

insert into company ("COMPANYNUMBER", "COMPANYNAME", "NUMBEROFPLATOONS", "BATTALIONNUMBER")
values (575043, 'Sure', 58, 182040);

insert into company ("COMPANYNUMBER", "COMPANYNAME", "NUMBEROFPLATOONS", "BATTALIONNUMBER")
values (148269, 'Stage', 39, 970642);

insert into company ("COMPANYNUMBER", "COMPANYNAME", "NUMBEROFPLATOONS", "BATTALIONNUMBER")
values (257287, 'That', 4, 702544);

insert into company ("COMPANYNUMBER", "COMPANYNAME", "NUMBEROFPLATOONS", "BATTALIONNUMBER")
values (659764, 'Somebody', 12, 151052);

insert into company ("COMPANYNUMBER", "COMPANYNAME", "NUMBEROFPLATOONS", "BATTALIONNUMBER")
values (853298, 'Lose', 88, 109937);

insert into company ("COMPANYNUMBER", "COMPANYNAME", "NUMBEROFPLATOONS", "BATTALIONNUMBER")
values (941454, 'Plan', 25, 411374);

insert into company ("COMPANYNUMBER", "COMPANYNAME", "NUMBEROFPLATOONS", "BATTALIONNUMBER")
values (850701, 'True', 94, 357556);

insert into company ("COMPANYNUMBER", "COMPANYNAME", "NUMBEROFPLATOONS", "BATTALIONNUMBER")
values (479374, 'Method', 55, 528245);

insert into company ("COMPANYNUMBER", "COMPANYNAME", "NUMBEROFPLATOONS", "BATTALIONNUMBER")
values (730340, 'Marriage', 86, 760050);

insert into company ("COMPANYNUMBER", "COMPANYNAME", "NUMBEROFPLATOONS", "BATTALIONNUMBER")
values (586298, 'Party', 37, 258438);

insert into company ("COMPANYNUMBER", "COMPANYNAME", "NUMBEROFPLATOONS", "BATTALIONNUMBER")
values (156356, 'Sit', 84, 930983);

insert into company ("COMPANYNUMBER", "COMPANYNAME", "NUMBEROFPLATOONS", "BATTALIONNUMBER")
values (728845, 'Many', 67, 519438);

insert into company ("COMPANYNUMBER", "COMPANYNAME", "NUMBEROFPLATOONS", "BATTALIONNUMBER")
values (458951, 'Ahead', 44, 901751);

insert into company ("COMPANYNUMBER", "COMPANYNAME", "NUMBEROFPLATOONS", "BATTALIONNUMBER")
values (676009, 'Remember', 80, 531026);

insert into company ("COMPANYNUMBER", "COMPANYNAME", "NUMBEROFPLATOONS", "BATTALIONNUMBER")
values (320966, 'Thought', 77, 331737);

insert into company ("COMPANYNUMBER", "COMPANYNAME", "NUMBEROFPLATOONS", "BATTALIONNUMBER")
values (312762, 'Teacher', 45, 214115);

insert into company ("COMPANYNUMBER", "COMPANYNAME", "NUMBEROFPLATOONS", "BATTALIONNUMBER")
values (631999, 'Amount', 57, 618849);

insert into company ("COMPANYNUMBER", "COMPANYNAME", "NUMBEROFPLATOONS", "BATTALIONNUMBER")
values (454115, 'Strategy', 68, 447414);

insert into company ("COMPANYNUMBER", "COMPANYNAME", "NUMBEROFPLATOONS", "BATTALIONNUMBER")
values (164602, 'Want', 6, 512342);

insert into company ("COMPANYNUMBER", "COMPANYNAME", "NUMBEROFPLATOONS", "BATTALIONNUMBER")
values (453896, 'Operation', 5, 499197);

insert into company ("COMPANYNUMBER", "COMPANYNAME", "NUMBEROFPLATOONS", "BATTALIONNUMBER")
values (462086, 'Face', 31, 128466);

insert into company ("COMPANYNUMBER", "COMPANYNAME", "NUMBEROFPLATOONS", "BATTALIONNUMBER")
values (679150, 'Pull', 51, 502529);

insert into company ("COMPANYNUMBER", "COMPANYNAME", "NUMBEROFPLATOONS", "BATTALIONNUMBER")
values (200124, 'Home', 50, 838091);

insert into company ("COMPANYNUMBER", "COMPANYNAME", "NUMBEROFPLATOONS", "BATTALIONNUMBER")
values (715842, 'Husband', 94, 293206);

insert into company ("COMPANYNUMBER", "COMPANYNAME", "NUMBEROFPLATOONS", "BATTALIONNUMBER")
values (251084, 'Whatever', 32, 576086);

insert into company ("COMPANYNUMBER", "COMPANYNAME", "NUMBEROFPLATOONS", "BATTALIONNUMBER")
values (320092, 'Source', 47, 449718);

insert into company ("COMPANYNUMBER", "COMPANYNAME", "NUMBEROFPLATOONS", "BATTALIONNUMBER")
values (796493, 'Three', 26, 455174);

insert into company ("COMPANYNUMBER", "COMPANYNAME", "NUMBEROFPLATOONS", "BATTALIONNUMBER")
values (774109, 'Conference', 61, 503890);

insert into company ("COMPANYNUMBER", "COMPANYNAME", "NUMBEROFPLATOONS", "BATTALIONNUMBER")
values (860820, 'Simple', 80, 424947);

insert into company ("COMPANYNUMBER", "COMPANYNAME", "NUMBEROFPLATOONS", "BATTALIONNUMBER")
values (174489, 'Bring', 9, 558240);

insert into company ("COMPANYNUMBER", "COMPANYNAME", "NUMBEROFPLATOONS", "BATTALIONNUMBER")
values (471553, 'Box', 93, 587281);

insert into company ("COMPANYNUMBER", "COMPANYNAME", "NUMBEROFPLATOONS", "BATTALIONNUMBER")
values (850379, 'Production', 77, 152299);

insert into company ("COMPANYNUMBER", "COMPANYNAME", "NUMBEROFPLATOONS", "BATTALIONNUMBER")
values (746155, 'Official', 77, 400029);

insert into company ("COMPANYNUMBER", "COMPANYNAME", "NUMBEROFPLATOONS", "BATTALIONNUMBER")
values (576555, 'Foot', 90, 371421);

insert into company ("COMPANYNUMBER", "COMPANYNAME", "NUMBEROFPLATOONS", "BATTALIONNUMBER")
values (469885, 'Opportunity', 88, 317075);

insert into company ("COMPANYNUMBER", "COMPANYNAME", "NUMBEROFPLATOONS", "BATTALIONNUMBER")
values (142640, 'Recently', 83, 886773);

insert into company ("COMPANYNUMBER", "COMPANYNAME", "NUMBEROFPLATOONS", "BATTALIONNUMBER")
values (691979, 'Report', 6, 420279);

insert into company ("COMPANYNUMBER", "COMPANYNAME", "NUMBEROFPLATOONS", "BATTALIONNUMBER")
values (511674, 'Remain', 21, 730797);

insert into company ("COMPANYNUMBER", "COMPANYNAME", "NUMBEROFPLATOONS", "BATTALIONNUMBER")
values (893761, 'Certain', 60, 724239);

insert into company ("COMPANYNUMBER", "COMPANYNAME", "NUMBEROFPLATOONS", "BATTALIONNUMBER")
values (210324, 'Air', 14, 709058);

insert into company ("COMPANYNUMBER", "COMPANYNAME", "NUMBEROFPLATOONS", "BATTALIONNUMBER")
values (738286, 'Feeling', 7, 211802);

insert into company ("COMPANYNUMBER", "COMPANYNAME", "NUMBEROFPLATOONS", "BATTALIONNUMBER")
values (472132, 'Deep', 42, 459705);

insert into company ("COMPANYNUMBER", "COMPANYNAME", "NUMBEROFPLATOONS", "BATTALIONNUMBER")
values (728352, 'Crime', 60, 712485);

insert into company ("COMPANYNUMBER", "COMPANYNAME", "NUMBEROFPLATOONS", "BATTALIONNUMBER")
values (691445, 'Skin', 100, 423411);

insert into company ("COMPANYNUMBER", "COMPANYNAME", "NUMBEROFPLATOONS", "BATTALIONNUMBER")
values (973397, 'Claim', 84, 387714);

insert into company ("COMPANYNUMBER", "COMPANYNAME", "NUMBEROFPLATOONS", "BATTALIONNUMBER")
values (914656, 'President', 65, 206156);

insert into company ("COMPANYNUMBER", "COMPANYNAME", "NUMBEROFPLATOONS", "BATTALIONNUMBER")
values (735988, 'May', 63, 294632);

insert into company ("COMPANYNUMBER", "COMPANYNAME", "NUMBEROFPLATOONS", "BATTALIONNUMBER")
values (574436, 'Rise', 57, 411374);

insert into company ("COMPANYNUMBER", "COMPANYNAME", "NUMBEROFPLATOONS", "BATTALIONNUMBER")
values (898027, 'Television', 7, 503890);

insert into company ("COMPANYNUMBER", "COMPANYNAME", "NUMBEROFPLATOONS", "BATTALIONNUMBER")
values (444145, 'Scientist', 35, 210921);

insert into company ("COMPANYNUMBER", "COMPANYNAME", "NUMBEROFPLATOONS", "BATTALIONNUMBER")
values (156619, 'Growth', 75, 691634);

insert into company ("COMPANYNUMBER", "COMPANYNAME", "NUMBEROFPLATOONS", "BATTALIONNUMBER")
values (504664, 'Parent', 13, 746739);

insert into company ("COMPANYNUMBER", "COMPANYNAME", "NUMBEROFPLATOONS", "BATTALIONNUMBER")
values (749943, 'Cover', 32, 186232);

insert into company ("COMPANYNUMBER", "COMPANYNAME", "NUMBEROFPLATOONS", "BATTALIONNUMBER")
values (674101, 'Building', 39, 991149);

insert into company ("COMPANYNUMBER", "COMPANYNAME", "NUMBEROFPLATOONS", "BATTALIONNUMBER")
values (611945, 'Try', 13, 604959);

insert into company ("COMPANYNUMBER", "COMPANYNAME", "NUMBEROFPLATOONS", "BATTALIONNUMBER")
values (428290, 'Car', 28, 251425);

insert into company ("COMPANYNUMBER", "COMPANYNAME", "NUMBEROFPLATOONS", "BATTALIONNUMBER")
values (232352, 'Chair', 56, 600320);

insert into company ("COMPANYNUMBER", "COMPANYNAME", "NUMBEROFPLATOONS", "BATTALIONNUMBER")
values (478587, 'Official', 96, 424947);

commit;

insert into company ("COMPANYNUMBER", "COMPANYNAME", "NUMBEROFPLATOONS", "BATTALIONNUMBER")
values (782094, 'Next', 25, 400029);

insert into company ("COMPANYNUMBER", "COMPANYNAME", "NUMBEROFPLATOONS", "BATTALIONNUMBER")
values (845113, 'Billion', 80, 686946);

insert into company ("COMPANYNUMBER", "COMPANYNAME", "NUMBEROFPLATOONS", "BATTALIONNUMBER")
values (523013, 'Play', 18, 537741);

insert into company ("COMPANYNUMBER", "COMPANYNAME", "NUMBEROFPLATOONS", "BATTALIONNUMBER")
values (339388, 'Focus', 29, 106683);

insert into company ("COMPANYNUMBER", "COMPANYNAME", "NUMBEROFPLATOONS", "BATTALIONNUMBER")
values (110521, 'Often', 54, 204696);

insert into company ("COMPANYNUMBER", "COMPANYNAME", "NUMBEROFPLATOONS", "BATTALIONNUMBER")
values (319228, 'Many', 44, 613992);

insert into company ("COMPANYNUMBER", "COMPANYNAME", "NUMBEROFPLATOONS", "BATTALIONNUMBER")
values (480109, 'Black', 60, 545385);

insert into company ("COMPANYNUMBER", "COMPANYNAME", "NUMBEROFPLATOONS", "BATTALIONNUMBER")
values (888005, 'Before', 62, 748503);

insert into company ("COMPANYNUMBER", "COMPANYNAME", "NUMBEROFPLATOONS", "BATTALIONNUMBER")
values (526552, 'Produce', 90, 677874);

insert into company ("COMPANYNUMBER", "COMPANYNAME", "NUMBEROFPLATOONS", "BATTALIONNUMBER")
values (832691, 'Seek', 7, 680407);

insert into company ("COMPANYNUMBER", "COMPANYNAME", "NUMBEROFPLATOONS", "BATTALIONNUMBER")
values (225886, 'Congress', 56, 984105);

insert into company ("COMPANYNUMBER", "COMPANYNAME", "NUMBEROFPLATOONS", "BATTALIONNUMBER")
values (882107, 'Million', 19, 732834);

insert into company ("COMPANYNUMBER", "COMPANYNAME", "NUMBEROFPLATOONS", "BATTALIONNUMBER")
values (690407, 'Own', 83, 319754);

insert into company ("COMPANYNUMBER", "COMPANYNAME", "NUMBEROFPLATOONS", "BATTALIONNUMBER")
values (687530, 'Manage', 47, 387714);

insert into company ("COMPANYNUMBER", "COMPANYNAME", "NUMBEROFPLATOONS", "BATTALIONNUMBER")
values (814375, 'Fact', 63, 990062);

insert into company ("COMPANYNUMBER", "COMPANYNAME", "NUMBEROFPLATOONS", "BATTALIONNUMBER")
values (732641, 'Born', 55, 181678);

insert into company ("COMPANYNUMBER", "COMPANYNAME", "NUMBEROFPLATOONS", "BATTALIONNUMBER")
values (670492, 'Situation', 71, 503890);

insert into company ("COMPANYNUMBER", "COMPANYNAME", "NUMBEROFPLATOONS", "BATTALIONNUMBER")
values (760024, 'Speak', 4, 768965);

insert into company ("COMPANYNUMBER", "COMPANYNAME", "NUMBEROFPLATOONS", "BATTALIONNUMBER")
values (876259, 'White', 36, 129888);

insert into company ("COMPANYNUMBER", "COMPANYNAME", "NUMBEROFPLATOONS", "BATTALIONNUMBER")
values (312765, 'North', 5, 309450);

insert into company ("COMPANYNUMBER", "COMPANYNAME", "NUMBEROFPLATOONS", "BATTALIONNUMBER")
values (865480, 'Unit', 46, 219793);

insert into company ("COMPANYNUMBER", "COMPANYNAME", "NUMBEROFPLATOONS", "BATTALIONNUMBER")
values (379178, 'Education', 30, 278953);

insert into company ("COMPANYNUMBER", "COMPANYNAME", "NUMBEROFPLATOONS", "BATTALIONNUMBER")
values (451710, 'Feeling', 22, 958815);

insert into company ("COMPANYNUMBER", "COMPANYNAME", "NUMBEROFPLATOONS", "BATTALIONNUMBER")
values (710915, 'Clear', 27, 519438);

insert into company ("COMPANYNUMBER", "COMPANYNAME", "NUMBEROFPLATOONS", "BATTALIONNUMBER")
values (729376, 'Notice', 77, 893991);

insert into company ("COMPANYNUMBER", "COMPANYNAME", "NUMBEROFPLATOONS", "BATTALIONNUMBER")
values (256645, 'Short', 5, 419275);

insert into company ("COMPANYNUMBER", "COMPANYNAME", "NUMBEROFPLATOONS", "BATTALIONNUMBER")
values (407832, 'Which', 93, 371421);

insert into company ("COMPANYNUMBER", "COMPANYNAME", "NUMBEROFPLATOONS", "BATTALIONNUMBER")
values (987642, 'Right', 99, 629039);

insert into company ("COMPANYNUMBER", "COMPANYNAME", "NUMBEROFPLATOONS", "BATTALIONNUMBER")
values (989142, 'Condition', 94, 731799);

insert into company ("COMPANYNUMBER", "COMPANYNAME", "NUMBEROFPLATOONS", "BATTALIONNUMBER")
values (475932, 'Sort', 4, 578114);

insert into company ("COMPANYNUMBER", "COMPANYNAME", "NUMBEROFPLATOONS", "BATTALIONNUMBER")
values (989003, 'Push', 68, 551528);

insert into company ("COMPANYNUMBER", "COMPANYNAME", "NUMBEROFPLATOONS", "BATTALIONNUMBER")
values (927664, 'International', 74, 364964);

insert into company ("COMPANYNUMBER", "COMPANYNAME", "NUMBEROFPLATOONS", "BATTALIONNUMBER")
values (379933, 'Something', 29, 429113);

insert into company ("COMPANYNUMBER", "COMPANYNAME", "NUMBEROFPLATOONS", "BATTALIONNUMBER")
values (392017, 'Improve', 69, 332860);

insert into company ("COMPANYNUMBER", "COMPANYNAME", "NUMBEROFPLATOONS", "BATTALIONNUMBER")
values (219075, 'Opportunity', 58, 714821);

insert into company ("COMPANYNUMBER", "COMPANYNAME", "NUMBEROFPLATOONS", "BATTALIONNUMBER")
values (718718, 'Attorney', 64, 519438);

insert into company ("COMPANYNUMBER", "COMPANYNAME", "NUMBEROFPLATOONS", "BATTALIONNUMBER")
values (289997, 'Look', 9, 750488);

insert into company ("COMPANYNUMBER", "COMPANYNAME", "NUMBEROFPLATOONS", "BATTALIONNUMBER")
values (130280, 'Outside', 20, 758815);

insert into company ("COMPANYNUMBER", "COMPANYNAME", "NUMBEROFPLATOONS", "BATTALIONNUMBER")
values (461003, 'Decade', 87, 933788);

insert into company ("COMPANYNUMBER", "COMPANYNAME", "NUMBEROFPLATOONS", "BATTALIONNUMBER")
values (738738, 'Rate', 28, 459705);

insert into company ("COMPANYNUMBER", "COMPANYNAME", "NUMBEROFPLATOONS", "BATTALIONNUMBER")
values (531797, 'Air', 89, 972398);

insert into company ("COMPANYNUMBER", "COMPANYNAME", "NUMBEROFPLATOONS", "BATTALIONNUMBER")
values (909975, 'Commercial', 52, 428022);

insert into company ("COMPANYNUMBER", "COMPANYNAME", "NUMBEROFPLATOONS", "BATTALIONNUMBER")
values (415849, 'Reach', 83, 212818);

insert into company ("COMPANYNUMBER", "COMPANYNAME", "NUMBEROFPLATOONS", "BATTALIONNUMBER")
values (171456, 'And', 96, 521864);

insert into company ("COMPANYNUMBER", "COMPANYNAME", "NUMBEROFPLATOONS", "BATTALIONNUMBER")
values (950686, 'Field', 94, 498465);

insert into company ("COMPANYNUMBER", "COMPANYNAME", "NUMBEROFPLATOONS", "BATTALIONNUMBER")
values (877177, 'Property', 6, 478125);

insert into company ("COMPANYNUMBER", "COMPANYNAME", "NUMBEROFPLATOONS", "BATTALIONNUMBER")
values (306417, 'Worry', 71, 712485);

insert into company ("COMPANYNUMBER", "COMPANYNAME", "NUMBEROFPLATOONS", "BATTALIONNUMBER")
values (727827, 'Cell', 3, 972398);

insert into company ("COMPANYNUMBER", "COMPANYNAME", "NUMBEROFPLATOONS", "BATTALIONNUMBER")
values (339733, 'Pressure', 31, 521200);

insert into company ("COMPANYNUMBER", "COMPANYNAME", "NUMBEROFPLATOONS", "BATTALIONNUMBER")
values (853201, 'Product', 22, 930983);

insert into company ("COMPANYNUMBER", "COMPANYNAME", "NUMBEROFPLATOONS", "BATTALIONNUMBER")
values (959687, 'Any', 22, 802164);

insert into company ("COMPANYNUMBER", "COMPANYNAME", "NUMBEROFPLATOONS", "BATTALIONNUMBER")
values (579005, 'Information', 94, 855826);

insert into company ("COMPANYNUMBER", "COMPANYNAME", "NUMBEROFPLATOONS", "BATTALIONNUMBER")
values (117733, 'Glass', 18, 688021);

insert into company ("COMPANYNUMBER", "COMPANYNAME", "NUMBEROFPLATOONS", "BATTALIONNUMBER")
values (108802, 'Foreign', 64, 667357);

insert into company ("COMPANYNUMBER", "COMPANYNAME", "NUMBEROFPLATOONS", "BATTALIONNUMBER")
values (777313, 'Style', 69, 553470);

insert into company ("COMPANYNUMBER", "COMPANYNAME", "NUMBEROFPLATOONS", "BATTALIONNUMBER")
values (797420, 'Great', 96, 563493);

insert into company ("COMPANYNUMBER", "COMPANYNAME", "NUMBEROFPLATOONS", "BATTALIONNUMBER")
values (895931, 'Appear', 75, 910378);

insert into company ("COMPANYNUMBER", "COMPANYNAME", "NUMBEROFPLATOONS", "BATTALIONNUMBER")
values (242188, 'Not', 31, 578900);

insert into company ("COMPANYNUMBER", "COMPANYNAME", "NUMBEROFPLATOONS", "BATTALIONNUMBER")
values (589621, 'Hand', 40, 571198);

insert into company ("COMPANYNUMBER", "COMPANYNAME", "NUMBEROFPLATOONS", "BATTALIONNUMBER")
values (671353, 'Room', 53, 503890);

insert into company ("COMPANYNUMBER", "COMPANYNAME", "NUMBEROFPLATOONS", "BATTALIONNUMBER")
values (494286, 'Body', 9, 124295);

insert into company ("COMPANYNUMBER", "COMPANYNAME", "NUMBEROFPLATOONS", "BATTALIONNUMBER")
values (590559, 'Instead', 32, 493738);

insert into company ("COMPANYNUMBER", "COMPANYNAME", "NUMBEROFPLATOONS", "BATTALIONNUMBER")
values (634240, 'Including', 77, 644324);

insert into company ("COMPANYNUMBER", "COMPANYNAME", "NUMBEROFPLATOONS", "BATTALIONNUMBER")
values (685029, 'Many', 7, 297387);

insert into company ("COMPANYNUMBER", "COMPANYNAME", "NUMBEROFPLATOONS", "BATTALIONNUMBER")
values (355865, 'Garden', 13, 479169);

insert into company ("COMPANYNUMBER", "COMPANYNAME", "NUMBEROFPLATOONS", "BATTALIONNUMBER")
values (872116, 'Nature', 16, 333369);

insert into company ("COMPANYNUMBER", "COMPANYNAME", "NUMBEROFPLATOONS", "BATTALIONNUMBER")
values (809335, 'Goal', 64, 656040);

insert into company ("COMPANYNUMBER", "COMPANYNAME", "NUMBEROFPLATOONS", "BATTALIONNUMBER")
values (466087, 'Something', 97, 235788);

insert into company ("COMPANYNUMBER", "COMPANYNAME", "NUMBEROFPLATOONS", "BATTALIONNUMBER")
values (974906, 'Specific', 24, 210921);

insert into company ("COMPANYNUMBER", "COMPANYNAME", "NUMBEROFPLATOONS", "BATTALIONNUMBER")
values (176884, 'Radio', 79, 893991);

insert into company ("COMPANYNUMBER", "COMPANYNAME", "NUMBEROFPLATOONS", "BATTALIONNUMBER")
values (313990, 'Can', 57, 364964);

insert into company ("COMPANYNUMBER", "COMPANYNAME", "NUMBEROFPLATOONS", "BATTALIONNUMBER")
values (545349, 'Social', 60, 528245);

insert into company ("COMPANYNUMBER", "COMPANYNAME", "NUMBEROFPLATOONS", "BATTALIONNUMBER")
values (847743, 'Type', 46, 644324);

insert into company ("COMPANYNUMBER", "COMPANYNAME", "NUMBEROFPLATOONS", "BATTALIONNUMBER")
values (119282, 'Million', 68, 992221);

insert into company ("COMPANYNUMBER", "COMPANYNAME", "NUMBEROFPLATOONS", "BATTALIONNUMBER")
values (321984, 'Gas', 69, 111163);

insert into company ("COMPANYNUMBER", "COMPANYNAME", "NUMBEROFPLATOONS", "BATTALIONNUMBER")
values (806351, 'Million', 64, 134655);

insert into company ("COMPANYNUMBER", "COMPANYNAME", "NUMBEROFPLATOONS", "BATTALIONNUMBER")
values (870095, 'White', 81, 371421);

insert into company ("COMPANYNUMBER", "COMPANYNAME", "NUMBEROFPLATOONS", "BATTALIONNUMBER")
values (315926, 'Letter', 66, 948819);

insert into company ("COMPANYNUMBER", "COMPANYNAME", "NUMBEROFPLATOONS", "BATTALIONNUMBER")
values (767358, 'Cost', 33, 761692);

insert into company ("COMPANYNUMBER", "COMPANYNAME", "NUMBEROFPLATOONS", "BATTALIONNUMBER")
values (914918, 'Growth', 17, 547738);

insert into company ("COMPANYNUMBER", "COMPANYNAME", "NUMBEROFPLATOONS", "BATTALIONNUMBER")
values (947544, 'Anything', 76, 764733);

insert into company ("COMPANYNUMBER", "COMPANYNAME", "NUMBEROFPLATOONS", "BATTALIONNUMBER")
values (665679, 'Season', 29, 278953);

insert into company ("COMPANYNUMBER", "COMPANYNAME", "NUMBEROFPLATOONS", "BATTALIONNUMBER")
values (330995, 'Item', 11, 459282);

insert into company ("COMPANYNUMBER", "COMPANYNAME", "NUMBEROFPLATOONS", "BATTALIONNUMBER")
values (821594, 'Usually', 75, 130825);

insert into company ("COMPANYNUMBER", "COMPANYNAME", "NUMBEROFPLATOONS", "BATTALIONNUMBER")
values (529849, 'During', 86, 252747);

insert into company ("COMPANYNUMBER", "COMPANYNAME", "NUMBEROFPLATOONS", "BATTALIONNUMBER")
values (105797, 'Beyond', 61, 419275);

insert into company ("COMPANYNUMBER", "COMPANYNAME", "NUMBEROFPLATOONS", "BATTALIONNUMBER")
values (283978, 'Military', 71, 779354);

insert into company ("COMPANYNUMBER", "COMPANYNAME", "NUMBEROFPLATOONS", "BATTALIONNUMBER")
values (597140, 'Media', 85, 404390);

insert into company ("COMPANYNUMBER", "COMPANYNAME", "NUMBEROFPLATOONS", "BATTALIONNUMBER")
values (373144, 'Instead', 91, 521864);

insert into company ("COMPANYNUMBER", "COMPANYNAME", "NUMBEROFPLATOONS", "BATTALIONNUMBER")
values (660564, 'Take', 74, 793221);

insert into company ("COMPANYNUMBER", "COMPANYNAME", "NUMBEROFPLATOONS", "BATTALIONNUMBER")
values (608702, 'Out', 64, 129888);

insert into company ("COMPANYNUMBER", "COMPANYNAME", "NUMBEROFPLATOONS", "BATTALIONNUMBER")
values (400441, 'Speech', 20, 595157);

insert into company ("COMPANYNUMBER", "COMPANYNAME", "NUMBEROFPLATOONS", "BATTALIONNUMBER")
values (635092, 'Entire', 80, 820238);

insert into company ("COMPANYNUMBER", "COMPANYNAME", "NUMBEROFPLATOONS", "BATTALIONNUMBER")
values (858065, 'Family', 72, 600320);

insert into company ("COMPANYNUMBER", "COMPANYNAME", "NUMBEROFPLATOONS", "BATTALIONNUMBER")
values (956241, 'Traditional', 3, 409375);

insert into company ("COMPANYNUMBER", "COMPANYNAME", "NUMBEROFPLATOONS", "BATTALIONNUMBER")
values (390357, 'Nature', 23, 202844);

insert into company ("COMPANYNUMBER", "COMPANYNAME", "NUMBEROFPLATOONS", "BATTALIONNUMBER")
values (487189, 'Else', 89, 753649);

insert into company ("COMPANYNUMBER", "COMPANYNAME", "NUMBEROFPLATOONS", "BATTALIONNUMBER")
values (111648, 'Stay', 17, 944405);

insert into company ("COMPANYNUMBER", "COMPANYNAME", "NUMBEROFPLATOONS", "BATTALIONNUMBER")
values (272663, 'Mother', 22, 849939);

insert into company ("COMPANYNUMBER", "COMPANYNAME", "NUMBEROFPLATOONS", "BATTALIONNUMBER")
values (428767, 'Land', 14, 302267);

commit;

insert into company ("COMPANYNUMBER", "COMPANYNAME", "NUMBEROFPLATOONS", "BATTALIONNUMBER")
values (533963, 'Explain', 65, 578900);

insert into company ("COMPANYNUMBER", "COMPANYNAME", "NUMBEROFPLATOONS", "BATTALIONNUMBER")
values (213087, 'Through', 75, 997744);

insert into company ("COMPANYNUMBER", "COMPANYNAME", "NUMBEROFPLATOONS", "BATTALIONNUMBER")
values (538090, 'How', 23, 933788);

insert into company ("COMPANYNUMBER", "COMPANYNAME", "NUMBEROFPLATOONS", "BATTALIONNUMBER")
values (244882, 'Throughout', 26, 996701);

insert into company ("COMPANYNUMBER", "COMPANYNAME", "NUMBEROFPLATOONS", "BATTALIONNUMBER")
values (583190, 'Few', 64, 104060);

insert into company ("COMPANYNUMBER", "COMPANYNAME", "NUMBEROFPLATOONS", "BATTALIONNUMBER")
values (561399, 'Sometimes', 43, 726064);

insert into company ("COMPANYNUMBER", "COMPANYNAME", "NUMBEROFPLATOONS", "BATTALIONNUMBER")
values (718653, 'Everybody', 45, 948819);

insert into company ("COMPANYNUMBER", "COMPANYNAME", "NUMBEROFPLATOONS", "BATTALIONNUMBER")
values (739488, 'Which', 77, 605029);

insert into company ("COMPANYNUMBER", "COMPANYNAME", "NUMBEROFPLATOONS", "BATTALIONNUMBER")
values (766347, 'Full', 29, 600320);

insert into company ("COMPANYNUMBER", "COMPANYNAME", "NUMBEROFPLATOONS", "BATTALIONNUMBER")
values (316056, 'Leg', 83, 147838);

insert into company ("COMPANYNUMBER", "COMPANYNAME", "NUMBEROFPLATOONS", "BATTALIONNUMBER")
values (763452, 'Whether', 83, 725957);

insert into company ("COMPANYNUMBER", "COMPANYNAME", "NUMBEROFPLATOONS", "BATTALIONNUMBER")
values (621144, 'Worry', 69, 714821);

insert into company ("COMPANYNUMBER", "COMPANYNAME", "NUMBEROFPLATOONS", "BATTALIONNUMBER")
values (387342, 'Particular', 48, 517693);

insert into company ("COMPANYNUMBER", "COMPANYNAME", "NUMBEROFPLATOONS", "BATTALIONNUMBER")
values (360176, 'Wrong', 22, 198017);

insert into company ("COMPANYNUMBER", "COMPANYNAME", "NUMBEROFPLATOONS", "BATTALIONNUMBER")
values (268115, 'Debate', 50, 881107);

insert into company ("COMPANYNUMBER", "COMPANYNAME", "NUMBEROFPLATOONS", "BATTALIONNUMBER")
values (762474, 'Tough', 28, 975511);

insert into company ("COMPANYNUMBER", "COMPANYNAME", "NUMBEROFPLATOONS", "BATTALIONNUMBER")
values (719281, 'Analysis', 69, 491696);

insert into company ("COMPANYNUMBER", "COMPANYNAME", "NUMBEROFPLATOONS", "BATTALIONNUMBER")
values (536127, 'Pick', 83, 747510);

insert into company ("COMPANYNUMBER", "COMPANYNAME", "NUMBEROFPLATOONS", "BATTALIONNUMBER")
values (429588, 'Loss', 35, 499344);

insert into company ("COMPANYNUMBER", "COMPANYNAME", "NUMBEROFPLATOONS", "BATTALIONNUMBER")
values (293804, 'Government', 36, 372152);

insert into company ("COMPANYNUMBER", "COMPANYNAME", "NUMBEROFPLATOONS", "BATTALIONNUMBER")
values (969748, 'Or', 56, 421995);

insert into company ("COMPANYNUMBER", "COMPANYNAME", "NUMBEROFPLATOONS", "BATTALIONNUMBER")
values (957800, 'Skill', 47, 104574);

insert into company ("COMPANYNUMBER", "COMPANYNAME", "NUMBEROFPLATOONS", "BATTALIONNUMBER")
values (751989, 'Case', 100, 955550);

insert into company ("COMPANYNUMBER", "COMPANYNAME", "NUMBEROFPLATOONS", "BATTALIONNUMBER")
values (846045, 'Glass', 12, 435571);

insert into company ("COMPANYNUMBER", "COMPANYNAME", "NUMBEROFPLATOONS", "BATTALIONNUMBER")
values (702350, 'Spring', 63, 722343);

insert into company ("COMPANYNUMBER", "COMPANYNAME", "NUMBEROFPLATOONS", "BATTALIONNUMBER")
values (381806, 'Team', 38, 105754);

insert into company ("COMPANYNUMBER", "COMPANYNAME", "NUMBEROFPLATOONS", "BATTALIONNUMBER")
values (338773, 'Sister', 27, 724239);

insert into company ("COMPANYNUMBER", "COMPANYNAME", "NUMBEROFPLATOONS", "BATTALIONNUMBER")
values (265578, 'Beyond', 15, 874366);

insert into company ("COMPANYNUMBER", "COMPANYNAME", "NUMBEROFPLATOONS", "BATTALIONNUMBER")
values (644576, 'Chair', 6, 804737);

insert into company ("COMPANYNUMBER", "COMPANYNAME", "NUMBEROFPLATOONS", "BATTALIONNUMBER")
values (699462, 'Media', 49, 714821);

insert into company ("COMPANYNUMBER", "COMPANYNAME", "NUMBEROFPLATOONS", "BATTALIONNUMBER")
values (472228, 'Home', 29, 160478);

insert into company ("COMPANYNUMBER", "COMPANYNAME", "NUMBEROFPLATOONS", "BATTALIONNUMBER")
values (101304, 'Million', 52, 609320);

insert into company ("COMPANYNUMBER", "COMPANYNAME", "NUMBEROFPLATOONS", "BATTALIONNUMBER")
values (338700, 'Know', 4, 220144);

insert into company ("COMPANYNUMBER", "COMPANYNAME", "NUMBEROFPLATOONS", "BATTALIONNUMBER")
values (351289, 'Outside', 15, 853920);

insert into company ("COMPANYNUMBER", "COMPANYNAME", "NUMBEROFPLATOONS", "BATTALIONNUMBER")
values (521676, 'Nearly', 16, 731945);

insert into company ("COMPANYNUMBER", "COMPANYNAME", "NUMBEROFPLATOONS", "BATTALIONNUMBER")
values (224810, 'Check', 55, 737068);

insert into company ("COMPANYNUMBER", "COMPANYNAME", "NUMBEROFPLATOONS", "BATTALIONNUMBER")
values (619119, 'Happy', 79, 549662);

insert into company ("COMPANYNUMBER", "COMPANYNAME", "NUMBEROFPLATOONS", "BATTALIONNUMBER")
values (735403, 'Especially', 44, 644324);

insert into company ("COMPANYNUMBER", "COMPANYNAME", "NUMBEROFPLATOONS", "BATTALIONNUMBER")
values (224968, 'Develop', 13, 702544);

insert into company ("COMPANYNUMBER", "COMPANYNAME", "NUMBEROFPLATOONS", "BATTALIONNUMBER")
values (897724, 'Those', 61, 725957);

insert into company ("COMPANYNUMBER", "COMPANYNAME", "NUMBEROFPLATOONS", "BATTALIONNUMBER")
values (541647, 'Point', 57, 524535);

insert into company ("COMPANYNUMBER", "COMPANYNAME", "NUMBEROFPLATOONS", "BATTALIONNUMBER")
values (414510, 'Here', 11, 724239);

insert into company ("COMPANYNUMBER", "COMPANYNAME", "NUMBEROFPLATOONS", "BATTALIONNUMBER")
values (957632, 'Nation', 34, 731634);

insert into company ("COMPANYNUMBER", "COMPANYNAME", "NUMBEROFPLATOONS", "BATTALIONNUMBER")
values (863029, 'Country', 86, 231231);

insert into company ("COMPANYNUMBER", "COMPANYNAME", "NUMBEROFPLATOONS", "BATTALIONNUMBER")
values (361512, 'Heavy', 44, 680407);

insert into company ("COMPANYNUMBER", "COMPANYNAME", "NUMBEROFPLATOONS", "BATTALIONNUMBER")
values (687046, 'Challenge', 63, 595157);

insert into company ("COMPANYNUMBER", "COMPANYNAME", "NUMBEROFPLATOONS", "BATTALIONNUMBER")
values (847325, 'Finally', 3, 144093);

insert into company ("COMPANYNUMBER", "COMPANYNAME", "NUMBEROFPLATOONS", "BATTALIONNUMBER")
values (594296, 'Since', 79, 748503);

insert into company ("COMPANYNUMBER", "COMPANYNAME", "NUMBEROFPLATOONS", "BATTALIONNUMBER")
values (668845, 'Tough', 80, 508018);

insert into company ("COMPANYNUMBER", "COMPANYNAME", "NUMBEROFPLATOONS", "BATTALIONNUMBER")
values (739672, 'Compare', 85, 702544);

insert into company ("COMPANYNUMBER", "COMPANYNAME", "NUMBEROFPLATOONS", "BATTALIONNUMBER")
values (786887, 'Available', 85, 984105);

insert into company ("COMPANYNUMBER", "COMPANYNAME", "NUMBEROFPLATOONS", "BATTALIONNUMBER")
values (412318, 'Bit', 19, 722343);

insert into company ("COMPANYNUMBER", "COMPANYNAME", "NUMBEROFPLATOONS", "BATTALIONNUMBER")
values (661617, 'Let', 100, 793221);

insert into company ("COMPANYNUMBER", "COMPANYNAME", "NUMBEROFPLATOONS", "BATTALIONNUMBER")
values (665216, 'Follow', 91, 549662);

insert into company ("COMPANYNUMBER", "COMPANYNAME", "NUMBEROFPLATOONS", "BATTALIONNUMBER")
values (433177, 'Tell', 97, 164230);

insert into company ("COMPANYNUMBER", "COMPANYNAME", "NUMBEROFPLATOONS", "BATTALIONNUMBER")
values (369395, 'Power', 95, 651638);

insert into company ("COMPANYNUMBER", "COMPANYNAME", "NUMBEROFPLATOONS", "BATTALIONNUMBER")
values (972387, 'Need', 73, 689199);

insert into company ("COMPANYNUMBER", "COMPANYNAME", "NUMBEROFPLATOONS", "BATTALIONNUMBER")
values (667507, 'Identify', 58, 965959);

insert into company ("COMPANYNUMBER", "COMPANYNAME", "NUMBEROFPLATOONS", "BATTALIONNUMBER")
values (621153, 'Blood', 65, 760050);

insert into company ("COMPANYNUMBER", "COMPANYNAME", "NUMBEROFPLATOONS", "BATTALIONNUMBER")
values (724548, 'High', 78, 186232);

insert into company ("COMPANYNUMBER", "COMPANYNAME", "NUMBEROFPLATOONS", "BATTALIONNUMBER")
values (356382, 'Discover', 58, 613992);

insert into company ("COMPANYNUMBER", "COMPANYNAME", "NUMBEROFPLATOONS", "BATTALIONNUMBER")
values (265554, 'Century', 34, 951056);

insert into company ("COMPANYNUMBER", "COMPANYNAME", "NUMBEROFPLATOONS", "BATTALIONNUMBER")
values (434436, 'List', 67, 147838);

insert into company ("COMPANYNUMBER", "COMPANYNAME", "NUMBEROFPLATOONS", "BATTALIONNUMBER")
values (332812, 'There', 83, 778661);

insert into company ("COMPANYNUMBER", "COMPANYNAME", "NUMBEROFPLATOONS", "BATTALIONNUMBER")
values (704495, 'Leave', 100, 547738);

insert into company ("COMPANYNUMBER", "COMPANYNAME", "NUMBEROFPLATOONS", "BATTALIONNUMBER")
values (881705, 'Alone', 97, 565498);

insert into company ("COMPANYNUMBER", "COMPANYNAME", "NUMBEROFPLATOONS", "BATTALIONNUMBER")
values (567296, 'Into', 46, 332860);

insert into company ("COMPANYNUMBER", "COMPANYNAME", "NUMBEROFPLATOONS", "BATTALIONNUMBER")
values (374839, 'Partner', 82, 512342);

insert into company ("COMPANYNUMBER", "COMPANYNAME", "NUMBEROFPLATOONS", "BATTALIONNUMBER")
values (497070, 'Behind', 11, 449718);

insert into company ("COMPANYNUMBER", "COMPANYNAME", "NUMBEROFPLATOONS", "BATTALIONNUMBER")
values (971860, 'Style', 88, 347109);

insert into company ("COMPANYNUMBER", "COMPANYNAME", "NUMBEROFPLATOONS", "BATTALIONNUMBER")
values (337802, 'Few', 63, 176696);

insert into company ("COMPANYNUMBER", "COMPANYNAME", "NUMBEROFPLATOONS", "BATTALIONNUMBER")
values (698900, 'Probably', 57, 895320);

insert into company ("COMPANYNUMBER", "COMPANYNAME", "NUMBEROFPLATOONS", "BATTALIONNUMBER")
values (730622, 'Political', 93, 407899);

insert into company ("COMPANYNUMBER", "COMPANYNAME", "NUMBEROFPLATOONS", "BATTALIONNUMBER")
values (678981, 'Nearly', 80, 164230);

insert into company ("COMPANYNUMBER", "COMPANYNAME", "NUMBEROFPLATOONS", "BATTALIONNUMBER")
values (213130, 'Expect', 29, 478125);

insert into company ("COMPANYNUMBER", "COMPANYNAME", "NUMBEROFPLATOONS", "BATTALIONNUMBER")
values (829690, 'Under', 97, 747510);

insert into company ("COMPANYNUMBER", "COMPANYNAME", "NUMBEROFPLATOONS", "BATTALIONNUMBER")
values (218438, 'Not', 66, 421995);

insert into company ("COMPANYNUMBER", "COMPANYNAME", "NUMBEROFPLATOONS", "BATTALIONNUMBER")
values (668782, 'Close', 58, 511037);

insert into company ("COMPANYNUMBER", "COMPANYNAME", "NUMBEROFPLATOONS", "BATTALIONNUMBER")
values (408713, 'Tax', 36, 779077);

insert into company ("COMPANYNUMBER", "COMPANYNAME", "NUMBEROFPLATOONS", "BATTALIONNUMBER")
values (520656, 'Last', 18, 511037);

insert into company ("COMPANYNUMBER", "COMPANYNAME", "NUMBEROFPLATOONS", "BATTALIONNUMBER")
values (466599, 'Rule', 35, 167503);

insert into company ("COMPANYNUMBER", "COMPANYNAME", "NUMBEROFPLATOONS", "BATTALIONNUMBER")
values (796195, 'Art', 31, 130825);

insert into company ("COMPANYNUMBER", "COMPANYNAME", "NUMBEROFPLATOONS", "BATTALIONNUMBER")
values (382847, 'Nothing', 6, 491696);

insert into company ("COMPANYNUMBER", "COMPANYNAME", "NUMBEROFPLATOONS", "BATTALIONNUMBER")
values (496189, 'Price', 55, 613004);

insert into company ("COMPANYNUMBER", "COMPANYNAME", "NUMBEROFPLATOONS", "BATTALIONNUMBER")
values (811917, 'Southern', 38, 422282);

insert into company ("COMPANYNUMBER", "COMPANYNAME", "NUMBEROFPLATOONS", "BATTALIONNUMBER")
values (428839, 'Describe', 49, 162471);

insert into company ("COMPANYNUMBER", "COMPANYNAME", "NUMBEROFPLATOONS", "BATTALIONNUMBER")
values (146278, 'Smile', 96, 258438);

insert into company ("COMPANYNUMBER", "COMPANYNAME", "NUMBEROFPLATOONS", "BATTALIONNUMBER")
values (842233, 'Recently', 98, 972398);

insert into company ("COMPANYNUMBER", "COMPANYNAME", "NUMBEROFPLATOONS", "BATTALIONNUMBER")
values (665920, 'Billion', 37, 914573);

insert into company ("COMPANYNUMBER", "COMPANYNAME", "NUMBEROFPLATOONS", "BATTALIONNUMBER")
values (273317, 'Sense', 50, 267273);

insert into company ("COMPANYNUMBER", "COMPANYNAME", "NUMBEROFPLATOONS", "BATTALIONNUMBER")
values (209304, 'Bring', 49, 233549);

insert into company ("COMPANYNUMBER", "COMPANYNAME", "NUMBEROFPLATOONS", "BATTALIONNUMBER")
values (102994, 'Cultural', 84, 722343);

insert into company ("COMPANYNUMBER", "COMPANYNAME", "NUMBEROFPLATOONS", "BATTALIONNUMBER")
values (904646, 'First', 52, 518065);

insert into company ("COMPANYNUMBER", "COMPANYNAME", "NUMBEROFPLATOONS", "BATTALIONNUMBER")
values (640705, 'Guess', 23, 620556);

insert into company ("COMPANYNUMBER", "COMPANYNAME", "NUMBEROFPLATOONS", "BATTALIONNUMBER")
values (258387, 'Attention', 71, 990062);

insert into company ("COMPANYNUMBER", "COMPANYNAME", "NUMBEROFPLATOONS", "BATTALIONNUMBER")
values (710202, 'First', 23, 367945);

insert into company ("COMPANYNUMBER", "COMPANYNAME", "NUMBEROFPLATOONS", "BATTALIONNUMBER")
values (626995, 'Chair', 18, 910378);

insert into company ("COMPANYNUMBER", "COMPANYNAME", "NUMBEROFPLATOONS", "BATTALIONNUMBER")
values (592457, 'Whom', 98, 911121);

insert into company ("COMPANYNUMBER", "COMPANYNAME", "NUMBEROFPLATOONS", "BATTALIONNUMBER")
values (300710, 'Tax', 61, 761692);

insert into company ("COMPANYNUMBER", "COMPANYNAME", "NUMBEROFPLATOONS", "BATTALIONNUMBER")
values (426194, 'Center', 71, 447414);

set define off

insert into platoon ("PLATOONNUMBER", "PLATOONNAME", "NUMBEROFSQUADS", "COMPANYNUMBER")
values (244939, 'Threat', 115, 481512);

insert into platoon ("PLATOONNUMBER", "PLATOONNAME", "NUMBEROFSQUADS", "COMPANYNUMBER")
values (157238, 'Meet', 130, 456169);

insert into platoon ("PLATOONNUMBER", "PLATOONNAME", "NUMBEROFSQUADS", "COMPANYNUMBER")
values (943412, 'Second', 13, 283498);

insert into platoon ("PLATOONNUMBER", "PLATOONNAME", "NUMBEROFSQUADS", "COMPANYNUMBER")
values (758421, 'Room', 123, 897724);

insert into platoon ("PLATOONNUMBER", "PLATOONNAME", "NUMBEROFSQUADS", "COMPANYNUMBER")
values (690821, 'Lead', 20, 576555);

insert into platoon ("PLATOONNUMBER", "PLATOONNAME", "NUMBEROFSQUADS", "COMPANYNUMBER")
values (924871, 'I', 87, 487237);

insert into platoon ("PLATOONNUMBER", "PLATOONNAME", "NUMBEROFSQUADS", "COMPANYNUMBER")
values (544320, 'Across', 121, 850379);

insert into platoon ("PLATOONNUMBER", "PLATOONNAME", "NUMBEROFSQUADS", "COMPANYNUMBER")
values (482111, 'Them', 78, 605766);

insert into platoon ("PLATOONNUMBER", "PLATOONNAME", "NUMBEROFSQUADS", "COMPANYNUMBER")
values (461079, 'Imagine', 49, 575043);

insert into platoon ("PLATOONNUMBER", "PLATOONNAME", "NUMBEROFSQUADS", "COMPANYNUMBER")
values (604342, 'Civil', 34, 115968);

insert into platoon ("PLATOONNUMBER", "PLATOONNAME", "NUMBEROFSQUADS", "COMPANYNUMBER")
values (573994, 'View', 107, 414510);

insert into platoon ("PLATOONNUMBER", "PLATOONNAME", "NUMBEROFSQUADS", "COMPANYNUMBER")
values (895615, 'Care', 11, 594296);

insert into platoon ("PLATOONNUMBER", "PLATOONNAME", "NUMBEROFSQUADS", "COMPANYNUMBER")
values (399864, 'Break', 49, 387342);

insert into platoon ("PLATOONNUMBER", "PLATOONNAME", "NUMBEROFSQUADS", "COMPANYNUMBER")
values (933679, 'Day', 115, 881705);

insert into platoon ("PLATOONNUMBER", "PLATOONNAME", "NUMBEROFSQUADS", "COMPANYNUMBER")
values (370210, 'Enough', 95, 895931);

insert into platoon ("PLATOONNUMBER", "PLATOONNAME", "NUMBEROFSQUADS", "COMPANYNUMBER")
values (191421, 'Whatever', 149, 561798);

insert into platoon ("PLATOONNUMBER", "PLATOONNAME", "NUMBEROFSQUADS", "COMPANYNUMBER")
values (651785, 'Act', 23, 554184);

insert into platoon ("PLATOONNUMBER", "PLATOONNAME", "NUMBEROFSQUADS", "COMPANYNUMBER")
values (885856, 'Contain', 18, 323030);

insert into platoon ("PLATOONNUMBER", "PLATOONNAME", "NUMBEROFSQUADS", "COMPANYNUMBER")
values (883239, 'When', 142, 687530);

insert into platoon ("PLATOONNUMBER", "PLATOONNAME", "NUMBEROFSQUADS", "COMPANYNUMBER")
values (504443, 'Whatever', 72, 408713);

insert into platoon ("PLATOONNUMBER", "PLATOONNAME", "NUMBEROFSQUADS", "COMPANYNUMBER")
values (600907, 'Role', 106, 888958);

insert into platoon ("PLATOONNUMBER", "PLATOONNAME", "NUMBEROFSQUADS", "COMPANYNUMBER")
values (628102, 'Author', 20, 311121);

insert into platoon ("PLATOONNUMBER", "PLATOONNAME", "NUMBEROFSQUADS", "COMPANYNUMBER")
values (629677, 'Dog', 81, 174489);

insert into platoon ("PLATOONNUMBER", "PLATOONNAME", "NUMBEROFSQUADS", "COMPANYNUMBER")
values (420930, 'Develop', 14, 419700);

insert into platoon ("PLATOONNUMBER", "PLATOONNAME", "NUMBEROFSQUADS", "COMPANYNUMBER")
values (305507, 'Money', 116, 674581);

insert into platoon ("PLATOONNUMBER", "PLATOONNAME", "NUMBEROFSQUADS", "COMPANYNUMBER")
values (571145, 'Century', 25, 119282);

insert into platoon ("PLATOONNUMBER", "PLATOONNAME", "NUMBEROFSQUADS", "COMPANYNUMBER")
values (631461, 'Think', 74, 273317);

insert into platoon ("PLATOONNUMBER", "PLATOONNAME", "NUMBEROFSQUADS", "COMPANYNUMBER")
values (264818, 'Sort', 134, 171456);

insert into platoon ("PLATOONNUMBER", "PLATOONNAME", "NUMBEROFSQUADS", "COMPANYNUMBER")
values (464818, 'Conference', 102, 321984);

insert into platoon ("PLATOONNUMBER", "PLATOONNAME", "NUMBEROFSQUADS", "COMPANYNUMBER")
values (283150, 'Which', 24, 412318);

insert into platoon ("PLATOONNUMBER", "PLATOONNAME", "NUMBEROFSQUADS", "COMPANYNUMBER")
values (769954, 'House', 46, 201160);

insert into platoon ("PLATOONNUMBER", "PLATOONNAME", "NUMBEROFSQUADS", "COMPANYNUMBER")
values (795722, 'Follow', 82, 478587);

insert into platoon ("PLATOONNUMBER", "PLATOONNAME", "NUMBEROFSQUADS", "COMPANYNUMBER")
values (177346, 'Avoid', 58, 853201);

insert into platoon ("PLATOONNUMBER", "PLATOONNAME", "NUMBEROFSQUADS", "COMPANYNUMBER")
values (667753, 'Owner', 103, 863569);

insert into platoon ("PLATOONNUMBER", "PLATOONNAME", "NUMBEROFSQUADS", "COMPANYNUMBER")
values (534147, 'Yourself', 54, 660564);

insert into platoon ("PLATOONNUMBER", "PLATOONNAME", "NUMBEROFSQUADS", "COMPANYNUMBER")
values (327943, 'Adult', 85, 938335);

insert into platoon ("PLATOONNUMBER", "PLATOONNAME", "NUMBEROFSQUADS", "COMPANYNUMBER")
values (239648, 'Line', 126, 283978);

insert into platoon ("PLATOONNUMBER", "PLATOONNAME", "NUMBEROFSQUADS", "COMPANYNUMBER")
values (548811, 'Consumer', 88, 496834);

insert into platoon ("PLATOONNUMBER", "PLATOONNAME", "NUMBEROFSQUADS", "COMPANYNUMBER")
values (511733, 'System', 31, 660564);

insert into platoon ("PLATOONNUMBER", "PLATOONNAME", "NUMBEROFSQUADS", "COMPANYNUMBER")
values (729191, 'Figure', 67, 575043);

insert into platoon ("PLATOONNUMBER", "PLATOONNAME", "NUMBEROFSQUADS", "COMPANYNUMBER")
values (345758, 'Us', 30, 293804);

insert into platoon ("PLATOONNUMBER", "PLATOONNAME", "NUMBEROFSQUADS", "COMPANYNUMBER")
values (817615, 'Among', 145, 728352);

insert into platoon ("PLATOONNUMBER", "PLATOONNAME", "NUMBEROFSQUADS", "COMPANYNUMBER")
values (675828, 'Some', 52, 441920);

insert into platoon ("PLATOONNUMBER", "PLATOONNAME", "NUMBEROFSQUADS", "COMPANYNUMBER")
values (556594, 'Approach', 123, 821594);

insert into platoon ("PLATOONNUMBER", "PLATOONNAME", "NUMBEROFSQUADS", "COMPANYNUMBER")
values (386119, 'Suddenly', 73, 315926);

insert into platoon ("PLATOONNUMBER", "PLATOONNAME", "NUMBEROFSQUADS", "COMPANYNUMBER")
values (442225, 'Pm', 64, 385317);

insert into platoon ("PLATOONNUMBER", "PLATOONNAME", "NUMBEROFSQUADS", "COMPANYNUMBER")
values (678241, 'Threat', 42, 882857);

insert into platoon ("PLATOONNUMBER", "PLATOONNAME", "NUMBEROFSQUADS", "COMPANYNUMBER")
values (497544, 'Maybe', 122, 735988);

insert into platoon ("PLATOONNUMBER", "PLATOONNAME", "NUMBEROFSQUADS", "COMPANYNUMBER")
values (595499, 'Probably', 139, 541647);

insert into platoon ("PLATOONNUMBER", "PLATOONNAME", "NUMBEROFSQUADS", "COMPANYNUMBER")
values (180729, 'Century', 109, 728352);

insert into platoon ("PLATOONNUMBER", "PLATOONNAME", "NUMBEROFSQUADS", "COMPANYNUMBER")
values (892237, 'Garden', 103, 730340);

insert into platoon ("PLATOONNUMBER", "PLATOONNAME", "NUMBEROFSQUADS", "COMPANYNUMBER")
values (873791, 'General', 55, 108802);

insert into platoon ("PLATOONNUMBER", "PLATOONNAME", "NUMBEROFSQUADS", "COMPANYNUMBER")
values (386415, 'Agency', 34, 373567);

insert into platoon ("PLATOONNUMBER", "PLATOONNAME", "NUMBEROFSQUADS", "COMPANYNUMBER")
values (299308, 'Short', 120, 914918);

insert into platoon ("PLATOONNUMBER", "PLATOONNAME", "NUMBEROFSQUADS", "COMPANYNUMBER")
values (587680, 'Run', 46, 110521);

insert into platoon ("PLATOONNUMBER", "PLATOONNAME", "NUMBEROFSQUADS", "COMPANYNUMBER")
values (381365, 'Try', 33, 319662);

insert into platoon ("PLATOONNUMBER", "PLATOONNAME", "NUMBEROFSQUADS", "COMPANYNUMBER")
values (217189, 'Other', 58, 257287);

insert into platoon ("PLATOONNUMBER", "PLATOONNAME", "NUMBEROFSQUADS", "COMPANYNUMBER")
values (368666, 'Over', 94, 847743);

insert into platoon ("PLATOONNUMBER", "PLATOONNAME", "NUMBEROFSQUADS", "COMPANYNUMBER")
values (455828, 'Form', 71, 914918);

insert into platoon ("PLATOONNUMBER", "PLATOONNAME", "NUMBEROFSQUADS", "COMPANYNUMBER")
values (883386, 'Although', 86, 257287);

insert into platoon ("PLATOONNUMBER", "PLATOONNAME", "NUMBEROFSQUADS", "COMPANYNUMBER")
values (454461, 'Best', 30, 369395);

insert into platoon ("PLATOONNUMBER", "PLATOONNAME", "NUMBEROFSQUADS", "COMPANYNUMBER")
values (305573, 'Mr', 72, 496189);

insert into platoon ("PLATOONNUMBER", "PLATOONNAME", "NUMBEROFSQUADS", "COMPANYNUMBER")
values (799396, 'Leg', 87, 478587);

insert into platoon ("PLATOONNUMBER", "PLATOONNAME", "NUMBEROFSQUADS", "COMPANYNUMBER")
values (717073, 'Your', 66, 217076);

insert into platoon ("PLATOONNUMBER", "PLATOONNAME", "NUMBEROFSQUADS", "COMPANYNUMBER")
values (707367, 'Particular', 73, 128038);

insert into platoon ("PLATOONNUMBER", "PLATOONNAME", "NUMBEROFSQUADS", "COMPANYNUMBER")
values (226967, 'Customer', 76, 472132);

insert into platoon ("PLATOONNUMBER", "PLATOONNAME", "NUMBEROFSQUADS", "COMPANYNUMBER")
values (492555, 'Throughout', 9, 201571);

insert into platoon ("PLATOONNUMBER", "PLATOONNAME", "NUMBEROFSQUADS", "COMPANYNUMBER")
values (481235, 'Everybody', 94, 989948);

insert into platoon ("PLATOONNUMBER", "PLATOONNAME", "NUMBEROFSQUADS", "COMPANYNUMBER")
values (203412, 'Treatment', 5, 283978);

insert into platoon ("PLATOONNUMBER", "PLATOONNAME", "NUMBEROFSQUADS", "COMPANYNUMBER")
values (892230, 'Which', 13, 665679);

insert into platoon ("PLATOONNUMBER", "PLATOONNAME", "NUMBEROFSQUADS", "COMPANYNUMBER")
values (250006, 'Start', 26, 797420);

insert into platoon ("PLATOONNUMBER", "PLATOONNAME", "NUMBEROFSQUADS", "COMPANYNUMBER")
values (740887, 'Draw', 24, 487189);

insert into platoon ("PLATOONNUMBER", "PLATOONNAME", "NUMBEROFSQUADS", "COMPANYNUMBER")
values (299397, 'Economy', 11, 667507);

insert into platoon ("PLATOONNUMBER", "PLATOONNAME", "NUMBEROFSQUADS", "COMPANYNUMBER")
values (720783, 'Beat', 108, 811917);

insert into platoon ("PLATOONNUMBER", "PLATOONNAME", "NUMBEROFSQUADS", "COMPANYNUMBER")
values (205747, 'Anything', 103, 339388);

insert into platoon ("PLATOONNUMBER", "PLATOONNAME", "NUMBEROFSQUADS", "COMPANYNUMBER")
values (182842, 'Three', 149, 691445);

insert into platoon ("PLATOONNUMBER", "PLATOONNAME", "NUMBEROFSQUADS", "COMPANYNUMBER")
values (228413, 'Future', 10, 444145);

insert into platoon ("PLATOONNUMBER", "PLATOONNAME", "NUMBEROFSQUADS", "COMPANYNUMBER")
values (750423, 'Far', 26, 373144);

insert into platoon ("PLATOONNUMBER", "PLATOONNAME", "NUMBEROFSQUADS", "COMPANYNUMBER")
values (215193, 'Especially', 141, 870095);

insert into platoon ("PLATOONNUMBER", "PLATOONNAME", "NUMBEROFSQUADS", "COMPANYNUMBER")
values (354951, 'Husband', 148, 766347);

insert into platoon ("PLATOONNUMBER", "PLATOONNAME", "NUMBEROFSQUADS", "COMPANYNUMBER")
values (884786, 'Through', 6, 385317);

insert into platoon ("PLATOONNUMBER", "PLATOONNAME", "NUMBEROFSQUADS", "COMPANYNUMBER")
values (811224, 'Catch', 143, 948051);

insert into platoon ("PLATOONNUMBER", "PLATOONNAME", "NUMBEROFSQUADS", "COMPANYNUMBER")
values (691527, 'Suffer', 116, 327421);

insert into platoon ("PLATOONNUMBER", "PLATOONNAME", "NUMBEROFSQUADS", "COMPANYNUMBER")
values (866267, 'This', 4, 678981);

insert into platoon ("PLATOONNUMBER", "PLATOONNAME", "NUMBEROFSQUADS", "COMPANYNUMBER")
values (520773, 'Money', 12, 847743);

insert into platoon ("PLATOONNUMBER", "PLATOONNAME", "NUMBEROFSQUADS", "COMPANYNUMBER")
values (544747, 'Ball', 38, 460750);

insert into platoon ("PLATOONNUMBER", "PLATOONNAME", "NUMBEROFSQUADS", "COMPANYNUMBER")
values (264485, 'North', 70, 972992);

insert into platoon ("PLATOONNUMBER", "PLATOONNAME", "NUMBEROFSQUADS", "COMPANYNUMBER")
values (248379, 'Fast', 147, 326380);

insert into platoon ("PLATOONNUMBER", "PLATOONNAME", "NUMBEROFSQUADS", "COMPANYNUMBER")
values (782849, 'Read', 15, 619119);

insert into platoon ("PLATOONNUMBER", "PLATOONNAME", "NUMBEROFSQUADS", "COMPANYNUMBER")
values (767286, 'Middle', 86, 665679);

insert into platoon ("PLATOONNUMBER", "PLATOONNAME", "NUMBEROFSQUADS", "COMPANYNUMBER")
values (474047, 'Sing', 106, 762474);

insert into platoon ("PLATOONNUMBER", "PLATOONNAME", "NUMBEROFSQUADS", "COMPANYNUMBER")
values (496644, 'Ready', 61, 811917);

insert into platoon ("PLATOONNUMBER", "PLATOONNAME", "NUMBEROFSQUADS", "COMPANYNUMBER")
values (184185, 'Actually', 116, 191740);

insert into platoon ("PLATOONNUMBER", "PLATOONNAME", "NUMBEROFSQUADS", "COMPANYNUMBER")
values (156569, 'Experience', 125, 575043);

insert into platoon ("PLATOONNUMBER", "PLATOONNAME", "NUMBEROFSQUADS", "COMPANYNUMBER")
values (698066, 'Feel', 118, 300710);

insert into platoon ("PLATOONNUMBER", "PLATOONNAME", "NUMBEROFSQUADS", "COMPANYNUMBER")
values (568655, 'Admit', 46, 360176);

insert into platoon ("PLATOONNUMBER", "PLATOONNAME", "NUMBEROFSQUADS", "COMPANYNUMBER")
values (685745, 'Specific', 19, 466087);

insert into platoon ("PLATOONNUMBER", "PLATOONNAME", "NUMBEROFSQUADS", "COMPANYNUMBER")
values (232114, 'Leader', 31, 337802);

insert into platoon ("PLATOONNUMBER", "PLATOONNAME", "NUMBEROFSQUADS", "COMPANYNUMBER")
values (266481, 'Remember', 21, 511674);

insert into platoon ("PLATOONNUMBER", "PLATOONNAME", "NUMBEROFSQUADS", "COMPANYNUMBER")
values (282031, 'Late', 3, 665216);

commit;

insert into platoon ("PLATOONNUMBER", "PLATOONNAME", "NUMBEROFSQUADS", "COMPANYNUMBER")
values (411493, 'Some', 70, 332812);

insert into platoon ("PLATOONNUMBER", "PLATOONNAME", "NUMBEROFSQUADS", "COMPANYNUMBER")
values (200231, 'Factor', 122, 574436);

insert into platoon ("PLATOONNUMBER", "PLATOONNAME", "NUMBEROFSQUADS", "COMPANYNUMBER")
values (266757, 'Open', 121, 191740);

insert into platoon ("PLATOONNUMBER", "PLATOONNAME", "NUMBEROFSQUADS", "COMPANYNUMBER")
values (613202, 'Subject', 86, 316056);

insert into platoon ("PLATOONNUMBER", "PLATOONNAME", "NUMBEROFSQUADS", "COMPANYNUMBER")
values (678545, 'War', 37, 256645);

insert into platoon ("PLATOONNUMBER", "PLATOONNAME", "NUMBEROFSQUADS", "COMPANYNUMBER")
values (866584, 'Job', 142, 320092);

insert into platoon ("PLATOONNUMBER", "PLATOONNAME", "NUMBEROFSQUADS", "COMPANYNUMBER")
values (719544, 'Finish', 12, 460750);

insert into platoon ("PLATOONNUMBER", "PLATOONNAME", "NUMBEROFSQUADS", "COMPANYNUMBER")
values (850807, 'General', 133, 201160);

insert into platoon ("PLATOONNUMBER", "PLATOONNAME", "NUMBEROFSQUADS", "COMPANYNUMBER")
values (772301, 'Wonder', 44, 405206);

insert into platoon ("PLATOONNUMBER", "PLATOONNAME", "NUMBEROFSQUADS", "COMPANYNUMBER")
values (589236, 'Whose', 141, 488166);

insert into platoon ("PLATOONNUMBER", "PLATOONNAME", "NUMBEROFSQUADS", "COMPANYNUMBER")
values (381976, 'Leave', 59, 471553);

insert into platoon ("PLATOONNUMBER", "PLATOONNAME", "NUMBEROFSQUADS", "COMPANYNUMBER")
values (651580, 'Hear', 9, 729240);

insert into platoon ("PLATOONNUMBER", "PLATOONNAME", "NUMBEROFSQUADS", "COMPANYNUMBER")
values (549566, 'Attorney', 146, 256645);

insert into platoon ("PLATOONNUMBER", "PLATOONNAME", "NUMBEROFSQUADS", "COMPANYNUMBER")
values (975100, 'Hot', 27, 659764);

insert into platoon ("PLATOONNUMBER", "PLATOONNAME", "NUMBEROFSQUADS", "COMPANYNUMBER")
values (313856, 'Feeling', 119, 319228);

insert into platoon ("PLATOONNUMBER", "PLATOONNAME", "NUMBEROFSQUADS", "COMPANYNUMBER")
values (994995, 'Goal', 85, 461003);

insert into platoon ("PLATOONNUMBER", "PLATOONNAME", "NUMBEROFSQUADS", "COMPANYNUMBER")
values (889353, 'Southern', 62, 313990);

insert into platoon ("PLATOONNUMBER", "PLATOONNAME", "NUMBEROFSQUADS", "COMPANYNUMBER")
values (383500, 'Beautiful', 50, 987642);

insert into platoon ("PLATOONNUMBER", "PLATOONNAME", "NUMBEROFSQUADS", "COMPANYNUMBER")
values (467217, 'Strong', 25, 659764);

insert into platoon ("PLATOONNUMBER", "PLATOONNAME", "NUMBEROFSQUADS", "COMPANYNUMBER")
values (844263, 'My', 76, 111648);

insert into platoon ("PLATOONNUMBER", "PLATOONNAME", "NUMBEROFSQUADS", "COMPANYNUMBER")
values (979703, 'Carry', 25, 989948);

insert into platoon ("PLATOONNUMBER", "PLATOONNAME", "NUMBEROFSQUADS", "COMPANYNUMBER")
values (842929, 'Allow', 125, 428767);

insert into platoon ("PLATOONNUMBER", "PLATOONNAME", "NUMBEROFSQUADS", "COMPANYNUMBER")
values (107284, 'Nature', 60, 766347);

insert into platoon ("PLATOONNUMBER", "PLATOONNAME", "NUMBEROFSQUADS", "COMPANYNUMBER")
values (602687, 'Knowledge', 139, 451710);

insert into platoon ("PLATOONNUMBER", "PLATOONNAME", "NUMBEROFSQUADS", "COMPANYNUMBER")
values (771588, 'Heart', 61, 751989);

insert into platoon ("PLATOONNUMBER", "PLATOONNAME", "NUMBEROFSQUADS", "COMPANYNUMBER")
values (596614, 'With', 50, 977682);

insert into platoon ("PLATOONNUMBER", "PLATOONNAME", "NUMBEROFSQUADS", "COMPANYNUMBER")
values (550497, 'Old', 124, 392017);

insert into platoon ("PLATOONNUMBER", "PLATOONNAME", "NUMBEROFSQUADS", "COMPANYNUMBER")
values (523391, 'In', 42, 156356);

insert into platoon ("PLATOONNUMBER", "PLATOONNAME", "NUMBEROFSQUADS", "COMPANYNUMBER")
values (369432, 'Blood', 79, 110521);

insert into platoon ("PLATOONNUMBER", "PLATOONNAME", "NUMBEROFSQUADS", "COMPANYNUMBER")
values (132279, 'Necessary', 57, 703685);

insert into platoon ("PLATOONNUMBER", "PLATOONNAME", "NUMBEROFSQUADS", "COMPANYNUMBER")
values (919852, 'Others', 41, 971860);

insert into platoon ("PLATOONNUMBER", "PLATOONNAME", "NUMBEROFSQUADS", "COMPANYNUMBER")
values (353467, 'Pass', 100, 668782);

insert into platoon ("PLATOONNUMBER", "PLATOONNAME", "NUMBEROFSQUADS", "COMPANYNUMBER")
values (189499, 'Test', 92, 102905);

insert into platoon ("PLATOONNUMBER", "PLATOONNAME", "NUMBEROFSQUADS", "COMPANYNUMBER")
values (362524, 'Church', 108, 405699);

insert into platoon ("PLATOONNUMBER", "PLATOONNAME", "NUMBEROFSQUADS", "COMPANYNUMBER")
values (560207, 'Or', 95, 957632);

insert into platoon ("PLATOONNUMBER", "PLATOONNAME", "NUMBEROFSQUADS", "COMPANYNUMBER")
values (926514, 'Capital', 44, 472228);

insert into platoon ("PLATOONNUMBER", "PLATOONNAME", "NUMBEROFSQUADS", "COMPANYNUMBER")
values (287618, 'Free', 95, 413746);

insert into platoon ("PLATOONNUMBER", "PLATOONNAME", "NUMBEROFSQUADS", "COMPANYNUMBER")
values (929844, 'Miss', 123, 311121);

insert into platoon ("PLATOONNUMBER", "PLATOONNAME", "NUMBEROFSQUADS", "COMPANYNUMBER")
values (986830, 'Pretty', 73, 989948);

insert into platoon ("PLATOONNUMBER", "PLATOONNAME", "NUMBEROFSQUADS", "COMPANYNUMBER")
values (467874, 'Stop', 67, 870095);

insert into platoon ("PLATOONNUMBER", "PLATOONNAME", "NUMBEROFSQUADS", "COMPANYNUMBER")
values (872444, 'Watch', 111, 739672);

insert into platoon ("PLATOONNUMBER", "PLATOONNAME", "NUMBEROFSQUADS", "COMPANYNUMBER")
values (758655, 'Level', 6, 698900);

insert into platoon ("PLATOONNUMBER", "PLATOONNAME", "NUMBEROFSQUADS", "COMPANYNUMBER")
values (454057, 'Thus', 49, 481512);

insert into platoon ("PLATOONNUMBER", "PLATOONNAME", "NUMBEROFSQUADS", "COMPANYNUMBER")
values (278466, 'Government', 25, 687068);

insert into platoon ("PLATOONNUMBER", "PLATOONNAME", "NUMBEROFSQUADS", "COMPANYNUMBER")
values (520643, 'Performance', 32, 130280);

insert into platoon ("PLATOONNUMBER", "PLATOONNAME", "NUMBEROFSQUADS", "COMPANYNUMBER")
values (581703, 'Floor', 25, 957800);

insert into platoon ("PLATOONNUMBER", "PLATOONNAME", "NUMBEROFSQUADS", "COMPANYNUMBER")
values (314295, 'Hour', 67, 729376);

insert into platoon ("PLATOONNUMBER", "PLATOONNAME", "NUMBEROFSQUADS", "COMPANYNUMBER")
values (733791, 'Task', 34, 957632);

insert into platoon ("PLATOONNUMBER", "PLATOONNAME", "NUMBEROFSQUADS", "COMPANYNUMBER")
values (649511, 'Republican', 83, 590559);

insert into platoon ("PLATOONNUMBER", "PLATOONNAME", "NUMBEROFSQUADS", "COMPANYNUMBER")
values (784685, 'Lose', 62, 998638);

insert into platoon ("PLATOONNUMBER", "PLATOONNAME", "NUMBEROFSQUADS", "COMPANYNUMBER")
values (125632, 'However', 20, 300366);

insert into platoon ("PLATOONNUMBER", "PLATOONNAME", "NUMBEROFSQUADS", "COMPANYNUMBER")
values (686444, 'Live', 114, 538090);

insert into platoon ("PLATOONNUMBER", "PLATOONNAME", "NUMBEROFSQUADS", "COMPANYNUMBER")
values (865102, 'Through', 109, 738286);

insert into platoon ("PLATOONNUMBER", "PLATOONNAME", "NUMBEROFSQUADS", "COMPANYNUMBER")
values (294136, 'Want', 10, 105797);

insert into platoon ("PLATOONNUMBER", "PLATOONNAME", "NUMBEROFSQUADS", "COMPANYNUMBER")
values (543288, 'Result', 111, 479374);

insert into platoon ("PLATOONNUMBER", "PLATOONNAME", "NUMBEROFSQUADS", "COMPANYNUMBER")
values (776637, 'Population', 10, 176884);

insert into platoon ("PLATOONNUMBER", "PLATOONNAME", "NUMBEROFSQUADS", "COMPANYNUMBER")
values (151358, 'Per', 66, 685029);

insert into platoon ("PLATOONNUMBER", "PLATOONNAME", "NUMBEROFSQUADS", "COMPANYNUMBER")
values (200573, 'Sister', 7, 762082);

insert into platoon ("PLATOONNUMBER", "PLATOONNAME", "NUMBEROFSQUADS", "COMPANYNUMBER")
values (583247, 'Might', 81, 950686);

insert into platoon ("PLATOONNUMBER", "PLATOONNAME", "NUMBEROFSQUADS", "COMPANYNUMBER")
values (930222, 'So', 95, 738286);

insert into platoon ("PLATOONNUMBER", "PLATOONNAME", "NUMBEROFSQUADS", "COMPANYNUMBER")
values (804567, 'Sign', 77, 744848);

insert into platoon ("PLATOONNUMBER", "PLATOONNAME", "NUMBEROFSQUADS", "COMPANYNUMBER")
values (977312, 'Around', 109, 334988);

insert into platoon ("PLATOONNUMBER", "PLATOONNAME", "NUMBEROFSQUADS", "COMPANYNUMBER")
values (443590, 'How', 95, 702350);

insert into platoon ("PLATOONNUMBER", "PLATOONNAME", "NUMBEROFSQUADS", "COMPANYNUMBER")
values (402945, 'Their', 57, 865480);

insert into platoon ("PLATOONNUMBER", "PLATOONNAME", "NUMBEROFSQUADS", "COMPANYNUMBER")
values (111479, 'Program', 21, 487237);

insert into platoon ("PLATOONNUMBER", "PLATOONNAME", "NUMBEROFSQUADS", "COMPANYNUMBER")
values (472095, 'Happen', 112, 950568);

insert into platoon ("PLATOONNUMBER", "PLATOONNAME", "NUMBEROFSQUADS", "COMPANYNUMBER")
values (655084, 'At', 94, 469885);

insert into platoon ("PLATOONNUMBER", "PLATOONNAME", "NUMBEROFSQUADS", "COMPANYNUMBER")
values (713086, 'Effect', 22, 289997);

insert into platoon ("PLATOONNUMBER", "PLATOONNAME", "NUMBEROFSQUADS", "COMPANYNUMBER")
values (738528, 'Though', 29, 660564);

insert into platoon ("PLATOONNUMBER", "PLATOONNAME", "NUMBEROFSQUADS", "COMPANYNUMBER")
values (620295, 'Herself', 109, 400441);

insert into platoon ("PLATOONNUMBER", "PLATOONNAME", "NUMBEROFSQUADS", "COMPANYNUMBER")
values (676557, 'Central', 65, 533206);

insert into platoon ("PLATOONNUMBER", "PLATOONNAME", "NUMBEROFSQUADS", "COMPANYNUMBER")
values (417840, 'Through', 71, 244882);

insert into platoon ("PLATOONNUMBER", "PLATOONNAME", "NUMBEROFSQUADS", "COMPANYNUMBER")
values (313948, 'Body', 14, 320966);

insert into platoon ("PLATOONNUMBER", "PLATOONNAME", "NUMBEROFSQUADS", "COMPANYNUMBER")
values (917230, 'Picture', 114, 101304);

insert into platoon ("PLATOONNUMBER", "PLATOONNAME", "NUMBEROFSQUADS", "COMPANYNUMBER")
values (587490, 'We', 149, 719281);

insert into platoon ("PLATOONNUMBER", "PLATOONNAME", "NUMBEROFSQUADS", "COMPANYNUMBER")
values (352090, 'Agency', 141, 426194);

insert into platoon ("PLATOONNUMBER", "PLATOONNAME", "NUMBEROFSQUADS", "COMPANYNUMBER")
values (532344, 'Deal', 62, 751989);

insert into platoon ("PLATOONNUMBER", "PLATOONNAME", "NUMBEROFSQUADS", "COMPANYNUMBER")
values (978796, 'Leader', 96, 496834);

insert into platoon ("PLATOONNUMBER", "PLATOONNAME", "NUMBEROFSQUADS", "COMPANYNUMBER")
values (996378, 'Start', 128, 973397);

insert into platoon ("PLATOONNUMBER", "PLATOONNAME", "NUMBEROFSQUADS", "COMPANYNUMBER")
values (138136, 'Treat', 24, 312762);

insert into platoon ("PLATOONNUMBER", "PLATOONNAME", "NUMBEROFSQUADS", "COMPANYNUMBER")
values (978026, 'Level', 40, 668845);

insert into platoon ("PLATOONNUMBER", "PLATOONNAME", "NUMBEROFSQUADS", "COMPANYNUMBER")
values (957356, 'Bar', 20, 738286);

insert into platoon ("PLATOONNUMBER", "PLATOONNAME", "NUMBEROFSQUADS", "COMPANYNUMBER")
values (488588, 'Minute', 106, 451710);

insert into platoon ("PLATOONNUMBER", "PLATOONNAME", "NUMBEROFSQUADS", "COMPANYNUMBER")
values (610145, 'Spring', 7, 200124);

insert into platoon ("PLATOONNUMBER", "PLATOONNAME", "NUMBEROFSQUADS", "COMPANYNUMBER")
values (175168, 'Third', 34, 807216);

insert into platoon ("PLATOONNUMBER", "PLATOONNAME", "NUMBEROFSQUADS", "COMPANYNUMBER")
values (456268, 'Society', 58, 171516);

insert into platoon ("PLATOONNUMBER", "PLATOONNAME", "NUMBEROFSQUADS", "COMPANYNUMBER")
values (260316, 'Still', 145, 956241);

insert into platoon ("PLATOONNUMBER", "PLATOONNAME", "NUMBEROFSQUADS", "COMPANYNUMBER")
values (224205, 'Rich', 5, 718653);

insert into platoon ("PLATOONNUMBER", "PLATOONNAME", "NUMBEROFSQUADS", "COMPANYNUMBER")
values (823283, 'Evening', 38, 597140);

insert into platoon ("PLATOONNUMBER", "PLATOONNAME", "NUMBEROFSQUADS", "COMPANYNUMBER")
values (462793, 'Case', 107, 272522);

insert into platoon ("PLATOONNUMBER", "PLATOONNAME", "NUMBEROFSQUADS", "COMPANYNUMBER")
values (556241, 'Treatment', 71, 877177);

insert into platoon ("PLATOONNUMBER", "PLATOONNAME", "NUMBEROFSQUADS", "COMPANYNUMBER")
values (637920, 'Shake', 109, 263299);

insert into platoon ("PLATOONNUMBER", "PLATOONNAME", "NUMBEROFSQUADS", "COMPANYNUMBER")
values (975057, 'Value', 69, 972992);

insert into platoon ("PLATOONNUMBER", "PLATOONNAME", "NUMBEROFSQUADS", "COMPANYNUMBER")
values (507901, 'Phone', 115, 456169);

insert into platoon ("PLATOONNUMBER", "PLATOONNAME", "NUMBEROFSQUADS", "COMPANYNUMBER")
values (393207, 'Value', 103, 152497);

insert into platoon ("PLATOONNUMBER", "PLATOONNAME", "NUMBEROFSQUADS", "COMPANYNUMBER")
values (467622, 'Color', 74, 224810);

insert into platoon ("PLATOONNUMBER", "PLATOONNAME", "NUMBEROFSQUADS", "COMPANYNUMBER")
values (144993, 'Wife', 148, 265578);

insert into platoon ("PLATOONNUMBER", "PLATOONNAME", "NUMBEROFSQUADS", "COMPANYNUMBER")
values (105817, 'Pattern', 6, 357822);

insert into platoon ("PLATOONNUMBER", "PLATOONNAME", "NUMBEROFSQUADS", "COMPANYNUMBER")
values (612380, 'Through', 19, 256645);

insert into platoon ("PLATOONNUMBER", "PLATOONNAME", "NUMBEROFSQUADS", "COMPANYNUMBER")
values (365993, 'Ask', 108, 576555);

commit;

insert into platoon ("PLATOONNUMBER", "PLATOONNAME", "NUMBEROFSQUADS", "COMPANYNUMBER")
values (842191, 'Few', 102, 102994);

insert into platoon ("PLATOONNUMBER", "PLATOONNAME", "NUMBEROFSQUADS", "COMPANYNUMBER")
values (791942, 'Share', 101, 973397);

insert into platoon ("PLATOONNUMBER", "PLATOONNAME", "NUMBEROFSQUADS", "COMPANYNUMBER")
values (430703, 'Including', 130, 213761);

insert into platoon ("PLATOONNUMBER", "PLATOONNAME", "NUMBEROFSQUADS", "COMPANYNUMBER")
values (662499, 'Clear', 117, 293804);

insert into platoon ("PLATOONNUMBER", "PLATOONNAME", "NUMBEROFSQUADS", "COMPANYNUMBER")
values (808764, 'Soldier', 54, 719281);

insert into platoon ("PLATOONNUMBER", "PLATOONNAME", "NUMBEROFSQUADS", "COMPANYNUMBER")
values (146740, 'Coach', 74, 218438);

insert into platoon ("PLATOONNUMBER", "PLATOONNAME", "NUMBEROFSQUADS", "COMPANYNUMBER")
values (707122, 'Season', 46, 523013);

insert into platoon ("PLATOONNUMBER", "PLATOONNAME", "NUMBEROFSQUADS", "COMPANYNUMBER")
values (767018, 'Fear', 108, 562404);

insert into platoon ("PLATOONNUMBER", "PLATOONNAME", "NUMBEROFSQUADS", "COMPANYNUMBER")
values (398206, 'Million', 102, 730340);

insert into platoon ("PLATOONNUMBER", "PLATOONNAME", "NUMBEROFSQUADS", "COMPANYNUMBER")
values (629954, 'Culture', 107, 729376);

insert into platoon ("PLATOONNUMBER", "PLATOONNAME", "NUMBEROFSQUADS", "COMPANYNUMBER")
values (560363, 'Recognize', 77, 914656);

insert into platoon ("PLATOONNUMBER", "PLATOONNAME", "NUMBEROFSQUADS", "COMPANYNUMBER")
values (843527, 'Air', 13, 586298);

insert into platoon ("PLATOONNUMBER", "PLATOONNAME", "NUMBEROFSQUADS", "COMPANYNUMBER")
values (912234, 'Letter', 84, 379933);

insert into platoon ("PLATOONNUMBER", "PLATOONNAME", "NUMBEROFSQUADS", "COMPANYNUMBER")
values (157921, 'Other', 78, 477798);

insert into platoon ("PLATOONNUMBER", "PLATOONNAME", "NUMBEROFSQUADS", "COMPANYNUMBER")
values (288701, 'Everything', 135, 739488);

insert into platoon ("PLATOONNUMBER", "PLATOONNAME", "NUMBEROFSQUADS", "COMPANYNUMBER")
values (930675, 'General', 51, 466087);

insert into platoon ("PLATOONNUMBER", "PLATOONNAME", "NUMBEROFSQUADS", "COMPANYNUMBER")
values (524761, 'Series', 6, 269771);

insert into platoon ("PLATOONNUMBER", "PLATOONNAME", "NUMBEROFSQUADS", "COMPANYNUMBER")
values (238798, 'Sister', 106, 846045);

insert into platoon ("PLATOONNUMBER", "PLATOONNAME", "NUMBEROFSQUADS", "COMPANYNUMBER")
values (370276, 'Speak', 99, 428290);

insert into platoon ("PLATOONNUMBER", "PLATOONNAME", "NUMBEROFSQUADS", "COMPANYNUMBER")
values (945981, 'Service', 57, 829690);

insert into platoon ("PLATOONNUMBER", "PLATOONNAME", "NUMBEROFSQUADS", "COMPANYNUMBER")
values (298277, 'Sort', 75, 729240);

insert into platoon ("PLATOONNUMBER", "PLATOONNAME", "NUMBEROFSQUADS", "COMPANYNUMBER")
values (743160, 'Near', 38, 405206);

insert into platoon ("PLATOONNUMBER", "PLATOONNAME", "NUMBEROFSQUADS", "COMPANYNUMBER")
values (278631, 'Population', 30, 312762);

insert into platoon ("PLATOONNUMBER", "PLATOONNAME", "NUMBEROFSQUADS", "COMPANYNUMBER")
values (527749, 'Manage', 82, 428290);

insert into platoon ("PLATOONNUMBER", "PLATOONNAME", "NUMBEROFSQUADS", "COMPANYNUMBER")
values (619576, 'Firm', 142, 174489);

insert into platoon ("PLATOONNUMBER", "PLATOONNAME", "NUMBEROFSQUADS", "COMPANYNUMBER")
values (937683, 'Again', 35, 438874);

insert into platoon ("PLATOONNUMBER", "PLATOONNAME", "NUMBEROFSQUADS", "COMPANYNUMBER")
values (831778, 'Floor', 149, 456169);

insert into platoon ("PLATOONNUMBER", "PLATOONNAME", "NUMBEROFSQUADS", "COMPANYNUMBER")
values (371278, 'Yeah', 37, 320966);

insert into platoon ("PLATOONNUMBER", "PLATOONNAME", "NUMBEROFSQUADS", "COMPANYNUMBER")
values (268496, 'Kid', 46, 402207);

insert into platoon ("PLATOONNUMBER", "PLATOONNAME", "NUMBEROFSQUADS", "COMPANYNUMBER")
values (284719, 'Above', 76, 102994);

insert into platoon ("PLATOONNUMBER", "PLATOONNAME", "NUMBEROFSQUADS", "COMPANYNUMBER")
values (491389, 'Race', 61, 975475);

insert into platoon ("PLATOONNUMBER", "PLATOONNAME", "NUMBEROFSQUADS", "COMPANYNUMBER")
values (430764, 'Hand', 35, 488166);

insert into platoon ("PLATOONNUMBER", "PLATOONNAME", "NUMBEROFSQUADS", "COMPANYNUMBER")
values (924403, 'Realize', 44, 811917);

insert into platoon ("PLATOONNUMBER", "PLATOONNAME", "NUMBEROFSQUADS", "COMPANYNUMBER")
values (936701, 'Standard', 93, 496189);

insert into platoon ("PLATOONNUMBER", "PLATOONNAME", "NUMBEROFSQUADS", "COMPANYNUMBER")
values (333992, 'Table', 4, 913330);

insert into platoon ("PLATOONNUMBER", "PLATOONNAME", "NUMBEROFSQUADS", "COMPANYNUMBER")
values (954981, 'Leader', 126, 679150);

insert into platoon ("PLATOONNUMBER", "PLATOONNAME", "NUMBEROFSQUADS", "COMPANYNUMBER")
values (117465, 'Time', 18, 102905);

insert into platoon ("PLATOONNUMBER", "PLATOONNAME", "NUMBEROFSQUADS", "COMPANYNUMBER")
values (390105, 'Politics', 63, 289997);

insert into platoon ("PLATOONNUMBER", "PLATOONNAME", "NUMBEROFSQUADS", "COMPANYNUMBER")
values (384517, 'Cup', 148, 402207);

insert into platoon ("PLATOONNUMBER", "PLATOONNAME", "NUMBEROFSQUADS", "COMPANYNUMBER")
values (551730, 'Lead', 74, 488166);

insert into platoon ("PLATOONNUMBER", "PLATOONNAME", "NUMBEROFSQUADS", "COMPANYNUMBER")
values (317453, 'Yard', 102, 880498);

insert into platoon ("PLATOONNUMBER", "PLATOONNAME", "NUMBEROFSQUADS", "COMPANYNUMBER")
values (258499, 'Item', 120, 244882);

insert into platoon ("PLATOONNUMBER", "PLATOONNAME", "NUMBEROFSQUADS", "COMPANYNUMBER")
values (597232, 'Well', 20, 698900);

insert into platoon ("PLATOONNUMBER", "PLATOONNAME", "NUMBEROFSQUADS", "COMPANYNUMBER")
values (694742, 'Hot', 133, 421453);

insert into platoon ("PLATOONNUMBER", "PLATOONNAME", "NUMBEROFSQUADS", "COMPANYNUMBER")
values (615151, 'Third', 31, 381806);

insert into platoon ("PLATOONNUMBER", "PLATOONNAME", "NUMBEROFSQUADS", "COMPANYNUMBER")
values (262739, 'Most', 64, 315926);

insert into platoon ("PLATOONNUMBER", "PLATOONNAME", "NUMBEROFSQUADS", "COMPANYNUMBER")
values (951576, 'Understand', 83, 665679);

insert into platoon ("PLATOONNUMBER", "PLATOONNAME", "NUMBEROFSQUADS", "COMPANYNUMBER")
values (365791, 'Interesting', 21, 721976);

insert into platoon ("PLATOONNUMBER", "PLATOONNAME", "NUMBEROFSQUADS", "COMPANYNUMBER")
values (881044, 'Your', 109, 814375);

insert into platoon ("PLATOONNUMBER", "PLATOONNAME", "NUMBEROFSQUADS", "COMPANYNUMBER")
values (233320, 'Skin', 144, 242188);

insert into platoon ("PLATOONNUMBER", "PLATOONNAME", "NUMBEROFSQUADS", "COMPANYNUMBER")
values (852985, 'Television', 89, 710202);

insert into platoon ("PLATOONNUMBER", "PLATOONNAME", "NUMBEROFSQUADS", "COMPANYNUMBER")
values (995399, 'Million', 26, 505162);

insert into platoon ("PLATOONNUMBER", "PLATOONNAME", "NUMBEROFSQUADS", "COMPANYNUMBER")
values (239947, 'Receive', 139, 562404);

insert into platoon ("PLATOONNUMBER", "PLATOONNAME", "NUMBEROFSQUADS", "COMPANYNUMBER")
values (611647, 'Before', 114, 405699);

insert into platoon ("PLATOONNUMBER", "PLATOONNAME", "NUMBEROFSQUADS", "COMPANYNUMBER")
values (724049, 'Listen', 12, 759223);

insert into platoon ("PLATOONNUMBER", "PLATOONNAME", "NUMBEROFSQUADS", "COMPANYNUMBER")
values (833549, 'List', 6, 786887);

insert into platoon ("PLATOONNUMBER", "PLATOONNAME", "NUMBEROFSQUADS", "COMPANYNUMBER")
values (926670, 'Nearly', 73, 148269);

insert into platoon ("PLATOONNUMBER", "PLATOONNAME", "NUMBEROFSQUADS", "COMPANYNUMBER")
values (488580, 'Reality', 82, 449379);

insert into platoon ("PLATOONNUMBER", "PLATOONNAME", "NUMBEROFSQUADS", "COMPANYNUMBER")
values (165992, 'Official', 143, 312895);

insert into platoon ("PLATOONNUMBER", "PLATOONNAME", "NUMBEROFSQUADS", "COMPANYNUMBER")
values (183024, 'Game', 106, 914918);

insert into platoon ("PLATOONNUMBER", "PLATOONNAME", "NUMBEROFSQUADS", "COMPANYNUMBER")
values (224309, 'Take', 134, 332812);

insert into platoon ("PLATOONNUMBER", "PLATOONNAME", "NUMBEROFSQUADS", "COMPANYNUMBER")
values (459646, 'Every', 6, 950686);

insert into platoon ("PLATOONNUMBER", "PLATOONNAME", "NUMBEROFSQUADS", "COMPANYNUMBER")
values (147162, 'Way', 52, 312762);

insert into platoon ("PLATOONNUMBER", "PLATOONNAME", "NUMBEROFSQUADS", "COMPANYNUMBER")
values (634953, 'Then', 144, 293804);

insert into platoon ("PLATOONNUMBER", "PLATOONNAME", "NUMBEROFSQUADS", "COMPANYNUMBER")
values (450571, 'Price', 118, 846045);

insert into platoon ("PLATOONNUMBER", "PLATOONNAME", "NUMBEROFSQUADS", "COMPANYNUMBER")
values (228670, 'Term', 129, 858747);

insert into platoon ("PLATOONNUMBER", "PLATOONNAME", "NUMBEROFSQUADS", "COMPANYNUMBER")
values (454463, 'Require', 133, 338773);

insert into platoon ("PLATOONNUMBER", "PLATOONNAME", "NUMBEROFSQUADS", "COMPANYNUMBER")
values (986479, 'Perform', 139, 262458);

insert into platoon ("PLATOONNUMBER", "PLATOONNAME", "NUMBEROFSQUADS", "COMPANYNUMBER")
values (162108, 'Probably', 46, 400441);

insert into platoon ("PLATOONNUMBER", "PLATOONNAME", "NUMBEROFSQUADS", "COMPANYNUMBER")
values (761813, 'Clear', 48, 589621);

insert into platoon ("PLATOONNUMBER", "PLATOONNAME", "NUMBEROFSQUADS", "COMPANYNUMBER")
values (897228, 'Enough', 71, 454115);

insert into platoon ("PLATOONNUMBER", "PLATOONNAME", "NUMBEROFSQUADS", "COMPANYNUMBER")
values (248980, 'Certainly', 84, 244882);

insert into platoon ("PLATOONNUMBER", "PLATOONNAME", "NUMBEROFSQUADS", "COMPANYNUMBER")
values (356663, 'Democrat', 15, 936838);

insert into platoon ("PLATOONNUMBER", "PLATOONNAME", "NUMBEROFSQUADS", "COMPANYNUMBER")
values (164526, 'North', 63, 201160);

insert into platoon ("PLATOONNUMBER", "PLATOONNAME", "NUMBEROFSQUADS", "COMPANYNUMBER")
values (651376, 'Develop', 15, 676009);

insert into platoon ("PLATOONNUMBER", "PLATOONNAME", "NUMBEROFSQUADS", "COMPANYNUMBER")
values (902617, 'Meet', 98, 320092);

insert into platoon ("PLATOONNUMBER", "PLATOONNAME", "NUMBEROFSQUADS", "COMPANYNUMBER")
values (528213, 'Interview', 105, 405206);

insert into platoon ("PLATOONNUMBER", "PLATOONNAME", "NUMBEROFSQUADS", "COMPANYNUMBER")
values (479948, 'Deal', 131, 319228);

insert into platoon ("PLATOONNUMBER", "PLATOONNAME", "NUMBEROFSQUADS", "COMPANYNUMBER")
values (711730, 'Often', 111, 710202);

insert into platoon ("PLATOONNUMBER", "PLATOONNAME", "NUMBEROFSQUADS", "COMPANYNUMBER")
values (211261, 'Bank', 53, 541647);

insert into platoon ("PLATOONNUMBER", "PLATOONNAME", "NUMBEROFSQUADS", "COMPANYNUMBER")
values (972502, 'Out', 19, 437782);

insert into platoon ("PLATOONNUMBER", "PLATOONNAME", "NUMBEROFSQUADS", "COMPANYNUMBER")
values (456077, 'Fund', 82, 280060);

insert into platoon ("PLATOONNUMBER", "PLATOONNAME", "NUMBEROFSQUADS", "COMPANYNUMBER")
values (601805, 'Trip', 32, 461003);

insert into platoon ("PLATOONNUMBER", "PLATOONNAME", "NUMBEROFSQUADS", "COMPANYNUMBER")
values (959561, 'Quality', 99, 419700);

insert into platoon ("PLATOONNUMBER", "PLATOONNAME", "NUMBEROFSQUADS", "COMPANYNUMBER")
values (522373, 'Help', 98, 319228);

insert into platoon ("PLATOONNUMBER", "PLATOONNAME", "NUMBEROFSQUADS", "COMPANYNUMBER")
values (488501, 'Goal', 99, 117733);

insert into platoon ("PLATOONNUMBER", "PLATOONNAME", "NUMBEROFSQUADS", "COMPANYNUMBER")
values (949266, 'Performance', 76, 605766);

insert into platoon ("PLATOONNUMBER", "PLATOONNAME", "NUMBEROFSQUADS", "COMPANYNUMBER")
values (237446, 'I', 77, 956241);

insert into platoon ("PLATOONNUMBER", "PLATOONNAME", "NUMBEROFSQUADS", "COMPANYNUMBER")
values (128627, 'Green', 114, 670492);

insert into platoon ("PLATOONNUMBER", "PLATOONNAME", "NUMBEROFSQUADS", "COMPANYNUMBER")
values (287968, 'Personal', 74, 699462);

insert into platoon ("PLATOONNUMBER", "PLATOONNAME", "NUMBEROFSQUADS", "COMPANYNUMBER")
values (423373, 'Room', 86, 262458);

insert into platoon ("PLATOONNUMBER", "PLATOONNAME", "NUMBEROFSQUADS", "COMPANYNUMBER")
values (987389, 'Laugh', 122, 952361);

insert into platoon ("PLATOONNUMBER", "PLATOONNAME", "NUMBEROFSQUADS", "COMPANYNUMBER")
values (779664, 'Tough', 38, 453896);

insert into platoon ("PLATOONNUMBER", "PLATOONNAME", "NUMBEROFSQUADS", "COMPANYNUMBER")
values (124516, 'Possible', 47, 956241);

insert into platoon ("PLATOONNUMBER", "PLATOONNAME", "NUMBEROFSQUADS", "COMPANYNUMBER")
values (603639, 'Night', 64, 774109);

insert into platoon ("PLATOONNUMBER", "PLATOONNAME", "NUMBEROFSQUADS", "COMPANYNUMBER")
values (597063, 'Fund', 53, 213130);

insert into platoon ("PLATOONNUMBER", "PLATOONNAME", "NUMBEROFSQUADS", "COMPANYNUMBER")
values (166839, 'Foreign', 86, 679150);

insert into platoon ("PLATOONNUMBER", "PLATOONNAME", "NUMBEROFSQUADS", "COMPANYNUMBER")
values (680930, 'Year', 29, 865480);

insert into platoon ("PLATOONNUMBER", "PLATOONNAME", "NUMBEROFSQUADS", "COMPANYNUMBER")
values (608095, 'Adult', 12, 957800);

insert into platoon ("PLATOONNUMBER", "PLATOONNAME", "NUMBEROFSQUADS", "COMPANYNUMBER")
values (479840, 'Something', 105, 729240);

commit;

insert into platoon ("PLATOONNUMBER", "PLATOONNAME", "NUMBEROFSQUADS", "COMPANYNUMBER")
values (649452, 'Cell', 7, 342632);

insert into platoon ("PLATOONNUMBER", "PLATOONNAME", "NUMBEROFSQUADS", "COMPANYNUMBER")
values (198793, 'Ago', 67, 251084);

insert into platoon ("PLATOONNUMBER", "PLATOONNAME", "NUMBEROFSQUADS", "COMPANYNUMBER")
values (713798, 'Just', 70, 438874);

insert into platoon ("PLATOONNUMBER", "PLATOONNAME", "NUMBEROFSQUADS", "COMPANYNUMBER")
values (620975, 'Trial', 123, 441920);

insert into platoon ("PLATOONNUMBER", "PLATOONNAME", "NUMBEROFSQUADS", "COMPANYNUMBER")
values (876438, 'Rule', 53, 576555);

insert into platoon ("PLATOONNUMBER", "PLATOONNAME", "NUMBEROFSQUADS", "COMPANYNUMBER")
values (983337, 'News', 73, 171516);

insert into platoon ("PLATOONNUMBER", "PLATOONNAME", "NUMBEROFSQUADS", "COMPANYNUMBER")
values (863321, 'Son', 51, 488166);

insert into platoon ("PLATOONNUMBER", "PLATOONNAME", "NUMBEROFSQUADS", "COMPANYNUMBER")
values (677625, 'Water', 8, 273317);

insert into platoon ("PLATOONNUMBER", "PLATOONNAME", "NUMBEROFSQUADS", "COMPANYNUMBER")
values (177545, 'Audience', 74, 904646);

insert into platoon ("PLATOONNUMBER", "PLATOONNAME", "NUMBEROFSQUADS", "COMPANYNUMBER")
values (276796, 'Education', 95, 330995);

insert into platoon ("PLATOONNUMBER", "PLATOONNAME", "NUMBEROFSQUADS", "COMPANYNUMBER")
values (745930, 'Usually', 80, 152497);

insert into platoon ("PLATOONNUMBER", "PLATOONNAME", "NUMBEROFSQUADS", "COMPANYNUMBER")
values (266337, 'Make', 70, 872175);

insert into platoon ("PLATOONNUMBER", "PLATOONNAME", "NUMBEROFSQUADS", "COMPANYNUMBER")
values (874299, 'Accept', 128, 251084);

insert into platoon ("PLATOONNUMBER", "PLATOONNAME", "NUMBEROFSQUADS", "COMPANYNUMBER")
values (668735, 'One', 115, 914656);

insert into platoon ("PLATOONNUMBER", "PLATOONNAME", "NUMBEROFSQUADS", "COMPANYNUMBER")
values (145089, 'Go', 36, 232247);

insert into platoon ("PLATOONNUMBER", "PLATOONNAME", "NUMBEROFSQUADS", "COMPANYNUMBER")
values (374470, 'Meeting', 45, 413746);

insert into platoon ("PLATOONNUMBER", "PLATOONNAME", "NUMBEROFSQUADS", "COMPANYNUMBER")
values (871002, 'Level', 130, 454115);

insert into platoon ("PLATOONNUMBER", "PLATOONNAME", "NUMBEROFSQUADS", "COMPANYNUMBER")
values (813855, 'Magazine', 116, 956241);

insert into platoon ("PLATOONNUMBER", "PLATOONNAME", "NUMBEROFSQUADS", "COMPANYNUMBER")
values (406064, 'Southern', 3, 947544);

insert into platoon ("PLATOONNUMBER", "PLATOONNAME", "NUMBEROFSQUADS", "COMPANYNUMBER")
values (371569, 'Someone', 127, 414578);

insert into platoon ("PLATOONNUMBER", "PLATOONNAME", "NUMBEROFSQUADS", "COMPANYNUMBER")
values (115239, 'Throw', 119, 269771);

insert into platoon ("PLATOONNUMBER", "PLATOONNAME", "NUMBEROFSQUADS", "COMPANYNUMBER")
values (784323, 'Speech', 42, 635092);

insert into platoon ("PLATOONNUMBER", "PLATOONNAME", "NUMBEROFSQUADS", "COMPANYNUMBER")
values (553440, 'American', 67, 635092);

insert into platoon ("PLATOONNUMBER", "PLATOONNAME", "NUMBEROFSQUADS", "COMPANYNUMBER")
values (709207, 'Until', 80, 171456);

insert into platoon ("PLATOONNUMBER", "PLATOONNAME", "NUMBEROFSQUADS", "COMPANYNUMBER")
values (127127, 'Than', 110, 863029);

insert into platoon ("PLATOONNUMBER", "PLATOONNAME", "NUMBEROFSQUADS", "COMPANYNUMBER")
values (114175, 'Interest', 85, 273317);

insert into platoon ("PLATOONNUMBER", "PLATOONNAME", "NUMBEROFSQUADS", "COMPANYNUMBER")
values (274588, 'Indicate', 21, 844107);

insert into platoon ("PLATOONNUMBER", "PLATOONNAME", "NUMBEROFSQUADS", "COMPANYNUMBER")
values (326362, 'Less', 44, 979572);

insert into platoon ("PLATOONNUMBER", "PLATOONNAME", "NUMBEROFSQUADS", "COMPANYNUMBER")
values (714987, 'Those', 110, 415849);

insert into platoon ("PLATOONNUMBER", "PLATOONNAME", "NUMBEROFSQUADS", "COMPANYNUMBER")
values (671969, 'Eight', 117, 496189);

insert into platoon ("PLATOONNUMBER", "PLATOONNAME", "NUMBEROFSQUADS", "COMPANYNUMBER")
values (992749, 'Help', 56, 950686);

insert into platoon ("PLATOONNUMBER", "PLATOONNAME", "NUMBEROFSQUADS", "COMPANYNUMBER")
values (794559, 'Beyond', 32, 529849);

insert into platoon ("PLATOONNUMBER", "PLATOONNAME", "NUMBEROFSQUADS", "COMPANYNUMBER")
values (137464, 'Southern', 129, 847743);

insert into platoon ("PLATOONNUMBER", "PLATOONNAME", "NUMBEROFSQUADS", "COMPANYNUMBER")
values (622108, 'System', 100, 475932);

insert into platoon ("PLATOONNUMBER", "PLATOONNAME", "NUMBEROFSQUADS", "COMPANYNUMBER")
values (328342, 'Always', 118, 209304);

insert into platoon ("PLATOONNUMBER", "PLATOONNAME", "NUMBEROFSQUADS", "COMPANYNUMBER")
values (974034, 'Short', 70, 977682);

insert into platoon ("PLATOONNUMBER", "PLATOONNAME", "NUMBEROFSQUADS", "COMPANYNUMBER")
values (792730, 'Wife', 141, 730340);

insert into platoon ("PLATOONNUMBER", "PLATOONNAME", "NUMBEROFSQUADS", "COMPANYNUMBER")
values (382923, 'Our', 83, 567296);

insert into platoon ("PLATOONNUMBER", "PLATOONNAME", "NUMBEROFSQUADS", "COMPANYNUMBER")
values (260689, 'Support', 103, 854765);

insert into platoon ("PLATOONNUMBER", "PLATOONNAME", "NUMBEROFSQUADS", "COMPANYNUMBER")
values (150763, 'Particular', 26, 407832);

insert into platoon ("PLATOONNUMBER", "PLATOONNAME", "NUMBEROFSQUADS", "COMPANYNUMBER")
values (834498, 'Black', 23, 414530);

insert into platoon ("PLATOONNUMBER", "PLATOONNAME", "NUMBEROFSQUADS", "COMPANYNUMBER")
values (417166, 'Suddenly', 59, 796493);

insert into platoon ("PLATOONNUMBER", "PLATOONNAME", "NUMBEROFSQUADS", "COMPANYNUMBER")
values (720625, 'Contain', 104, 333993);

insert into platoon ("PLATOONNUMBER", "PLATOONNAME", "NUMBEROFSQUADS", "COMPANYNUMBER")
values (648805, 'Hit', 44, 660564);

insert into platoon ("PLATOONNUMBER", "PLATOONNAME", "NUMBEROFSQUADS", "COMPANYNUMBER")
values (871470, 'Land', 62, 746155);

insert into platoon ("PLATOONNUMBER", "PLATOONNAME", "NUMBEROFSQUADS", "COMPANYNUMBER")
values (800953, 'Discuss', 83, 156619);

insert into platoon ("PLATOONNUMBER", "PLATOONNAME", "NUMBEROFSQUADS", "COMPANYNUMBER")
values (991217, 'Knowledge', 135, 210324);

insert into platoon ("PLATOONNUMBER", "PLATOONNAME", "NUMBEROFSQUADS", "COMPANYNUMBER")
values (117157, 'Low', 41, 280060);

insert into platoon ("PLATOONNUMBER", "PLATOONNAME", "NUMBEROFSQUADS", "COMPANYNUMBER")
values (973523, 'Image', 86, 419700);

insert into platoon ("PLATOONNUMBER", "PLATOONNAME", "NUMBEROFSQUADS", "COMPANYNUMBER")
values (292338, 'Laugh', 28, 419700);

insert into platoon ("PLATOONNUMBER", "PLATOONNAME", "NUMBEROFSQUADS", "COMPANYNUMBER")
values (100036, 'Point', 102, 456169);

insert into platoon ("PLATOONNUMBER", "PLATOONNAME", "NUMBEROFSQUADS", "COMPANYNUMBER")
values (590158, 'Good', 103, 611945);

insert into platoon ("PLATOONNUMBER", "PLATOONNAME", "NUMBEROFSQUADS", "COMPANYNUMBER")
values (314647, 'Test', 3, 910382);

insert into platoon ("PLATOONNUMBER", "PLATOONNAME", "NUMBEROFSQUADS", "COMPANYNUMBER")
values (307827, 'Poor', 138, 111648);

insert into platoon ("PLATOONNUMBER", "PLATOONNAME", "NUMBEROFSQUADS", "COMPANYNUMBER")
values (651217, 'Board', 46, 331730);

insert into platoon ("PLATOONNUMBER", "PLATOONNAME", "NUMBEROFSQUADS", "COMPANYNUMBER")
values (326149, 'Probably', 113, 379178);

insert into platoon ("PLATOONNUMBER", "PLATOONNAME", "NUMBEROFSQUADS", "COMPANYNUMBER")
values (951590, 'Something', 23, 338773);

insert into platoon ("PLATOONNUMBER", "PLATOONNAME", "NUMBEROFSQUADS", "COMPANYNUMBER")
values (439508, 'Dark', 114, 910382);

insert into platoon ("PLATOONNUMBER", "PLATOONNAME", "NUMBEROFSQUADS", "COMPANYNUMBER")
values (673637, 'Soldier', 67, 357822);

insert into platoon ("PLATOONNUMBER", "PLATOONNAME", "NUMBEROFSQUADS", "COMPANYNUMBER")
values (728886, 'Lay', 43, 356382);

insert into platoon ("PLATOONNUMBER", "PLATOONNAME", "NUMBEROFSQUADS", "COMPANYNUMBER")
values (310735, 'Miss', 143, 521676);

insert into platoon ("PLATOONNUMBER", "PLATOONNAME", "NUMBEROFSQUADS", "COMPANYNUMBER")
values (976377, 'Reduce', 35, 936838);

insert into platoon ("PLATOONNUMBER", "PLATOONNAME", "NUMBEROFSQUADS", "COMPANYNUMBER")
values (130711, 'Everybody', 142, 814618);

insert into platoon ("PLATOONNUMBER", "PLATOONNAME", "NUMBEROFSQUADS", "COMPANYNUMBER")
values (723867, 'Firm', 115, 687046);

insert into platoon ("PLATOONNUMBER", "PLATOONNAME", "NUMBEROFSQUADS", "COMPANYNUMBER")
values (862522, 'Their', 43, 597140);

insert into platoon ("PLATOONNUMBER", "PLATOONNAME", "NUMBEROFSQUADS", "COMPANYNUMBER")
values (236060, 'Watch', 64, 412318);

insert into platoon ("PLATOONNUMBER", "PLATOONNAME", "NUMBEROFSQUADS", "COMPANYNUMBER")
values (465748, 'The', 96, 469885);

insert into platoon ("PLATOONNUMBER", "PLATOONNAME", "NUMBEROFSQUADS", "COMPANYNUMBER")
values (362491, 'Court', 87, 225886);

insert into platoon ("PLATOONNUMBER", "PLATOONNAME", "NUMBEROFSQUADS", "COMPANYNUMBER")
values (223862, 'Boy', 124, 575113);

insert into platoon ("PLATOONNUMBER", "PLATOONNAME", "NUMBEROFSQUADS", "COMPANYNUMBER")
values (704230, 'Person', 35, 339733);

insert into platoon ("PLATOONNUMBER", "PLATOONNAME", "NUMBEROFSQUADS", "COMPANYNUMBER")
values (116331, 'Current', 4, 567296);

insert into platoon ("PLATOONNUMBER", "PLATOONNAME", "NUMBEROFSQUADS", "COMPANYNUMBER")
values (748205, 'Participant', 22, 422872);

insert into platoon ("PLATOONNUMBER", "PLATOONNAME", "NUMBEROFSQUADS", "COMPANYNUMBER")
values (415812, 'High', 65, 466599);

insert into platoon ("PLATOONNUMBER", "PLATOONNAME", "NUMBEROFSQUADS", "COMPANYNUMBER")
values (298200, 'System', 14, 853298);

insert into platoon ("PLATOONNUMBER", "PLATOONNAME", "NUMBEROFSQUADS", "COMPANYNUMBER")
values (388986, 'Tough', 15, 111648);

insert into platoon ("PLATOONNUMBER", "PLATOONNAME", "NUMBEROFSQUADS", "COMPANYNUMBER")
values (831104, 'Glass', 119, 387342);

insert into platoon ("PLATOONNUMBER", "PLATOONNAME", "NUMBEROFSQUADS", "COMPANYNUMBER")
values (214360, 'That', 149, 265554);

insert into platoon ("PLATOONNUMBER", "PLATOONNAME", "NUMBEROFSQUADS", "COMPANYNUMBER")
values (958797, 'Democrat', 130, 898027);

insert into platoon ("PLATOONNUMBER", "PLATOONNAME", "NUMBEROFSQUADS", "COMPANYNUMBER")
values (628980, 'Behavior', 17, 414510);

insert into platoon ("PLATOONNUMBER", "PLATOONNAME", "NUMBEROFSQUADS", "COMPANYNUMBER")
values (859122, 'Pretty', 68, 637494);

insert into platoon ("PLATOONNUMBER", "PLATOONNAME", "NUMBEROFSQUADS", "COMPANYNUMBER")
values (127973, 'Outside', 100, 849926);

insert into platoon ("PLATOONNUMBER", "PLATOONNAME", "NUMBEROFSQUADS", "COMPANYNUMBER")
values (463402, 'Letter', 143, 760024);

insert into platoon ("PLATOONNUMBER", "PLATOONNAME", "NUMBEROFSQUADS", "COMPANYNUMBER")
values (682351, 'Training', 66, 619119);

insert into platoon ("PLATOONNUMBER", "PLATOONNAME", "NUMBEROFSQUADS", "COMPANYNUMBER")
values (294994, 'Relate', 141, 735988);

insert into platoon ("PLATOONNUMBER", "PLATOONNAME", "NUMBEROFSQUADS", "COMPANYNUMBER")
values (778685, 'Attorney', 9, 374839);

insert into platoon ("PLATOONNUMBER", "PLATOONNAME", "NUMBEROFSQUADS", "COMPANYNUMBER")
values (356341, 'Young', 111, 130280);

insert into platoon ("PLATOONNUMBER", "PLATOONNAME", "NUMBEROFSQUADS", "COMPANYNUMBER")
values (994293, 'Interesting', 34, 142640);

insert into platoon ("PLATOONNUMBER", "PLATOONNAME", "NUMBEROFSQUADS", "COMPANYNUMBER")
values (873163, 'Find', 23, 529405);

insert into platoon ("PLATOONNUMBER", "PLATOONNAME", "NUMBEROFSQUADS", "COMPANYNUMBER")
values (804831, 'Property', 54, 390357);

insert into platoon ("PLATOONNUMBER", "PLATOONNAME", "NUMBEROFSQUADS", "COMPANYNUMBER")
values (746277, 'Alone', 33, 698900);

insert into platoon ("PLATOONNUMBER", "PLATOONNAME", "NUMBEROFSQUADS", "COMPANYNUMBER")
values (667307, 'With', 70, 351289);

insert into platoon ("PLATOONNUMBER", "PLATOONNAME", "NUMBEROFSQUADS", "COMPANYNUMBER")
values (971539, 'Whatever', 22, 538090);

insert into platoon ("PLATOONNUMBER", "PLATOONNAME", "NUMBEROFSQUADS", "COMPANYNUMBER")
values (554470, 'Character', 141, 950568);

insert into platoon ("PLATOONNUMBER", "PLATOONNAME", "NUMBEROFSQUADS", "COMPANYNUMBER")
values (326393, 'New', 102, 661617);

insert into platoon ("PLATOONNUMBER", "PLATOONNAME", "NUMBEROFSQUADS", "COMPANYNUMBER")
values (699906, 'Subject', 132, 832691);

insert into platoon ("PLATOONNUMBER", "PLATOONNAME", "NUMBEROFSQUADS", "COMPANYNUMBER")
values (565929, 'Last', 109, 415849);

insert into platoon ("PLATOONNUMBER", "PLATOONNAME", "NUMBEROFSQUADS", "COMPANYNUMBER")
values (732067, 'Age', 133, 477798);

insert into platoon ("PLATOONNUMBER", "PLATOONNAME", "NUMBEROFSQUADS", "COMPANYNUMBER")
values (536818, 'Clearly', 96, 938335);

insert into platoon ("PLATOONNUMBER", "PLATOONNAME", "NUMBEROFSQUADS", "COMPANYNUMBER")
values (197797, 'Herself', 144, 142640);

insert into platoon ("PLATOONNUMBER", "PLATOONNAME", "NUMBEROFSQUADS", "COMPANYNUMBER")
values (624017, 'Media', 77, 989142);
set define off

insert into squad ("SQUADNUMBER", "SQUADNAME", "NUMBEROFSOLDIERS", "PLATOONNUMBER")
values (790171, 'Card', 156, 637920);

insert into squad ("SQUADNUMBER", "SQUADNAME", "NUMBEROFSOLDIERS", "PLATOONNUMBER")
values (507025, 'Find', 114, 895615);

insert into squad ("SQUADNUMBER", "SQUADNAME", "NUMBEROFSOLDIERS", "PLATOONNUMBER")
values (558706, 'Generation', 129, 675828);

insert into squad ("SQUADNUMBER", "SQUADNAME", "NUMBEROFSOLDIERS", "PLATOONNUMBER")
values (637816, 'Across', 167, 892230);

insert into squad ("SQUADNUMBER", "SQUADNAME", "NUMBEROFSOLDIERS", "PLATOONNUMBER")
values (166786, 'Food', 134, 699906);

insert into squad ("SQUADNUMBER", "SQUADNAME", "NUMBEROFSOLDIERS", "PLATOONNUMBER")
values (828903, 'Natural', 131, 865102);

insert into squad ("SQUADNUMBER", "SQUADNAME", "NUMBEROFSOLDIERS", "PLATOONNUMBER")
values (297087, 'Car', 102, 356341);

insert into squad ("SQUADNUMBER", "SQUADNAME", "NUMBEROFSOLDIERS", "PLATOONNUMBER")
values (518712, 'Air', 35, 459646);

insert into squad ("SQUADNUMBER", "SQUADNAME", "NUMBEROFSOLDIERS", "PLATOONNUMBER")
values (635160, 'Everybody', 104, 127127);

insert into squad ("SQUADNUMBER", "SQUADNAME", "NUMBEROFSOLDIERS", "PLATOONNUMBER")
values (126453, 'View', 176, 971539);

insert into squad ("SQUADNUMBER", "SQUADNAME", "NUMBEROFSOLDIERS", "PLATOONNUMBER")
values (225753, 'Certainly', 96, 974034);

insert into squad ("SQUADNUMBER", "SQUADNAME", "NUMBEROFSOLDIERS", "PLATOONNUMBER")
values (923225, 'Decision', 154, 975057);

insert into squad ("SQUADNUMBER", "SQUADNAME", "NUMBEROFSOLDIERS", "PLATOONNUMBER")
values (452195, 'Not', 196, 411493);

insert into squad ("SQUADNUMBER", "SQUADNAME", "NUMBEROFSOLDIERS", "PLATOONNUMBER")
values (199998, 'Card', 109, 581703);

insert into squad ("SQUADNUMBER", "SQUADNAME", "NUMBEROFSOLDIERS", "PLATOONNUMBER")
values (960242, 'Oil', 94, 239947);

insert into squad ("SQUADNUMBER", "SQUADNAME", "NUMBEROFSOLDIERS", "PLATOONNUMBER")
values (885473, 'Mention', 38, 804567);

insert into squad ("SQUADNUMBER", "SQUADNAME", "NUMBEROFSOLDIERS", "PLATOONNUMBER")
values (817341, 'Program', 196, 676557);

insert into squad ("SQUADNUMBER", "SQUADNAME", "NUMBEROFSOLDIERS", "PLATOONNUMBER")
values (518435, 'Body', 78, 411493);

insert into squad ("SQUADNUMBER", "SQUADNAME", "NUMBEROFSOLDIERS", "PLATOONNUMBER")
values (741740, 'Professional', 186, 949266);

insert into squad ("SQUADNUMBER", "SQUADNAME", "NUMBEROFSOLDIERS", "PLATOONNUMBER")
values (738482, 'Lose', 110, 769954);

insert into squad ("SQUADNUMBER", "SQUADNAME", "NUMBEROFSOLDIERS", "PLATOONNUMBER")
values (831566, 'Consider', 47, 711730);

insert into squad ("SQUADNUMBER", "SQUADNAME", "NUMBEROFSOLDIERS", "PLATOONNUMBER")
values (591531, 'Enter', 73, 507901);

insert into squad ("SQUADNUMBER", "SQUADNAME", "NUMBEROFSOLDIERS", "PLATOONNUMBER")
values (130527, 'Performance', 161, 124516);

insert into squad ("SQUADNUMBER", "SQUADNAME", "NUMBEROFSOLDIERS", "PLATOONNUMBER")
values (722965, 'Never', 50, 686444);

insert into squad ("SQUADNUMBER", "SQUADNAME", "NUMBEROFSOLDIERS", "PLATOONNUMBER")
values (561581, 'Participant', 23, 215193);

insert into squad ("SQUADNUMBER", "SQUADNAME", "NUMBEROFSOLDIERS", "PLATOONNUMBER")
values (250770, 'Firm', 29, 813855);

insert into squad ("SQUADNUMBER", "SQUADNAME", "NUMBEROFSOLDIERS", "PLATOONNUMBER")
values (197290, 'Garden', 189, 381365);

insert into squad ("SQUADNUMBER", "SQUADNAME", "NUMBEROFSOLDIERS", "PLATOONNUMBER")
values (508340, 'Strategy', 107, 223862);

insert into squad ("SQUADNUMBER", "SQUADNAME", "NUMBEROFSOLDIERS", "PLATOONNUMBER")
values (704546, 'Age', 160, 305507);

insert into squad ("SQUADNUMBER", "SQUADNAME", "NUMBEROFSOLDIERS", "PLATOONNUMBER")
values (113626, 'Campaign', 56, 748205);

insert into squad ("SQUADNUMBER", "SQUADNAME", "NUMBEROFSOLDIERS", "PLATOONNUMBER")
values (897879, 'Suggest', 135, 994995);

insert into squad ("SQUADNUMBER", "SQUADNAME", "NUMBEROFSOLDIERS", "PLATOONNUMBER")
values (327534, 'Necessary', 23, 430764);

insert into squad ("SQUADNUMBER", "SQUADNAME", "NUMBEROFSOLDIERS", "PLATOONNUMBER")
values (604410, 'Positive', 156, 430703);

insert into squad ("SQUADNUMBER", "SQUADNAME", "NUMBEROFSOLDIERS", "PLATOONNUMBER")
values (389212, 'Paper', 106, 823283);

insert into squad ("SQUADNUMBER", "SQUADNAME", "NUMBEROFSOLDIERS", "PLATOONNUMBER")
values (323995, 'Budget', 39, 881044);

insert into squad ("SQUADNUMBER", "SQUADNAME", "NUMBEROFSOLDIERS", "PLATOONNUMBER")
values (902805, 'Property', 132, 326362);

insert into squad ("SQUADNUMBER", "SQUADNAME", "NUMBEROFSOLDIERS", "PLATOONNUMBER")
values (841341, 'Throw', 198, 258499);

insert into squad ("SQUADNUMBER", "SQUADNAME", "NUMBEROFSOLDIERS", "PLATOONNUMBER")
values (981363, 'Camera', 35, 399864);

insert into squad ("SQUADNUMBER", "SQUADNAME", "NUMBEROFSOLDIERS", "PLATOONNUMBER")
values (132774, 'Establish', 100, 930222);

insert into squad ("SQUADNUMBER", "SQUADNAME", "NUMBEROFSOLDIERS", "PLATOONNUMBER")
values (217319, 'Officer', 165, 386415);

insert into squad ("SQUADNUMBER", "SQUADNAME", "NUMBEROFSOLDIERS", "PLATOONNUMBER")
values (442755, 'Door', 65, 130711);

insert into squad ("SQUADNUMBER", "SQUADNAME", "NUMBEROFSOLDIERS", "PLATOONNUMBER")
values (609602, 'Time', 52, 305507);

insert into squad ("SQUADNUMBER", "SQUADNAME", "NUMBEROFSOLDIERS", "PLATOONNUMBER")
values (106708, 'By', 154, 612380);

insert into squad ("SQUADNUMBER", "SQUADNAME", "NUMBEROFSOLDIERS", "PLATOONNUMBER")
values (706583, 'Case', 18, 454463);

insert into squad ("SQUADNUMBER", "SQUADNAME", "NUMBEROFSOLDIERS", "PLATOONNUMBER")
values (771974, 'Throughout', 190, 354951);

insert into squad ("SQUADNUMBER", "SQUADNAME", "NUMBEROFSOLDIERS", "PLATOONNUMBER")
values (142546, 'North', 75, 676557);

insert into squad ("SQUADNUMBER", "SQUADNAME", "NUMBEROFSOLDIERS", "PLATOONNUMBER")
values (322212, 'Suffer', 195, 772301);

insert into squad ("SQUADNUMBER", "SQUADNAME", "NUMBEROFSOLDIERS", "PLATOONNUMBER")
values (999571, 'Family', 49, 865102);

insert into squad ("SQUADNUMBER", "SQUADNAME", "NUMBEROFSOLDIERS", "PLATOONNUMBER")
values (178540, 'Vote', 135, 288701);

insert into squad ("SQUADNUMBER", "SQUADNAME", "NUMBEROFSOLDIERS", "PLATOONNUMBER")
values (733296, 'Night', 89, 892237);

insert into squad ("SQUADNUMBER", "SQUADNAME", "NUMBEROFSOLDIERS", "PLATOONNUMBER")
values (710896, 'Turn', 86, 278466);

insert into squad ("SQUADNUMBER", "SQUADNAME", "NUMBEROFSOLDIERS", "PLATOONNUMBER")
values (743359, 'Those', 20, 637920);

insert into squad ("SQUADNUMBER", "SQUADNAME", "NUMBEROFSOLDIERS", "PLATOONNUMBER")
values (276517, 'Foreign', 41, 651785);

insert into squad ("SQUADNUMBER", "SQUADNAME", "NUMBEROFSOLDIERS", "PLATOONNUMBER")
values (611451, 'Who', 27, 620975);

insert into squad ("SQUADNUMBER", "SQUADNAME", "NUMBEROFSOLDIERS", "PLATOONNUMBER")
values (155526, 'Goal', 184, 620295);

insert into squad ("SQUADNUMBER", "SQUADNAME", "NUMBEROFSOLDIERS", "PLATOONNUMBER")
values (146970, 'Mean', 156, 116331);

insert into squad ("SQUADNUMBER", "SQUADNAME", "NUMBEROFSOLDIERS", "PLATOONNUMBER")
values (544614, 'Loss', 38, 624017);

insert into squad ("SQUADNUMBER", "SQUADNAME", "NUMBEROFSOLDIERS", "PLATOONNUMBER")
values (875092, 'Face', 130, 467217);

insert into squad ("SQUADNUMBER", "SQUADNAME", "NUMBEROFSOLDIERS", "PLATOONNUMBER")
values (498092, 'Public', 75, 165992);

insert into squad ("SQUADNUMBER", "SQUADNAME", "NUMBEROFSOLDIERS", "PLATOONNUMBER")
values (639437, 'Scientist', 159, 198793);

insert into squad ("SQUADNUMBER", "SQUADNAME", "NUMBEROFSOLDIERS", "PLATOONNUMBER")
values (175548, 'Project', 127, 611647);

insert into squad ("SQUADNUMBER", "SQUADNAME", "NUMBEROFSOLDIERS", "PLATOONNUMBER")
values (226977, 'Box', 64, 239648);

insert into squad ("SQUADNUMBER", "SQUADNAME", "NUMBEROFSOLDIERS", "PLATOONNUMBER")
values (948666, 'Wish', 105, 472095);

insert into squad ("SQUADNUMBER", "SQUADNAME", "NUMBEROFSOLDIERS", "PLATOONNUMBER")
values (432886, 'Forget', 160, 662499);

insert into squad ("SQUADNUMBER", "SQUADNAME", "NUMBEROFSOLDIERS", "PLATOONNUMBER")
values (910072, 'Include', 124, 294994);

insert into squad ("SQUADNUMBER", "SQUADNAME", "NUMBEROFSOLDIERS", "PLATOONNUMBER")
values (747973, 'Take', 112, 310735);

insert into squad ("SQUADNUMBER", "SQUADNAME", "NUMBEROFSOLDIERS", "PLATOONNUMBER")
values (417557, 'End', 92, 698066);

insert into squad ("SQUADNUMBER", "SQUADNAME", "NUMBEROFSOLDIERS", "PLATOONNUMBER")
values (364947, 'Draw', 83, 288701);

insert into squad ("SQUADNUMBER", "SQUADNAME", "NUMBEROFSOLDIERS", "PLATOONNUMBER")
values (648387, 'Idea', 197, 117157);

insert into squad ("SQUADNUMBER", "SQUADNAME", "NUMBEROFSOLDIERS", "PLATOONNUMBER")
values (400274, 'Bank', 136, 481235);

insert into squad ("SQUADNUMBER", "SQUADNAME", "NUMBEROFSOLDIERS", "PLATOONNUMBER")
values (612397, 'Onto', 180, 248379);

insert into squad ("SQUADNUMBER", "SQUADNAME", "NUMBEROFSOLDIERS", "PLATOONNUMBER")
values (237909, 'They', 123, 488580);

insert into squad ("SQUADNUMBER", "SQUADNAME", "NUMBEROFSOLDIERS", "PLATOONNUMBER")
values (260531, 'Career', 13, 479840);

insert into squad ("SQUADNUMBER", "SQUADNAME", "NUMBEROFSOLDIERS", "PLATOONNUMBER")
values (984592, 'Series', 99, 673637);

insert into squad ("SQUADNUMBER", "SQUADNAME", "NUMBEROFSOLDIERS", "PLATOONNUMBER")
values (951993, 'Could', 135, 733791);

insert into squad ("SQUADNUMBER", "SQUADNAME", "NUMBEROFSOLDIERS", "PLATOONNUMBER")
values (641897, 'Need', 116, 711730);

insert into squad ("SQUADNUMBER", "SQUADNAME", "NUMBEROFSOLDIERS", "PLATOONNUMBER")
values (136185, 'Pay', 144, 926514);

insert into squad ("SQUADNUMBER", "SQUADNAME", "NUMBEROFSOLDIERS", "PLATOONNUMBER")
values (754556, 'Increase', 18, 264485);

insert into squad ("SQUADNUMBER", "SQUADNAME", "NUMBEROFSOLDIERS", "PLATOONNUMBER")
values (175017, 'Team', 26, 675828);

insert into squad ("SQUADNUMBER", "SQUADNAME", "NUMBEROFSOLDIERS", "PLATOONNUMBER")
values (294135, 'Tough', 47, 671969);

insert into squad ("SQUADNUMBER", "SQUADNAME", "NUMBEROFSOLDIERS", "PLATOONNUMBER")
values (611564, 'General', 78, 745930);

insert into squad ("SQUADNUMBER", "SQUADNAME", "NUMBEROFSOLDIERS", "PLATOONNUMBER")
values (800306, 'Form', 63, 976377);

insert into squad ("SQUADNUMBER", "SQUADNAME", "NUMBEROFSOLDIERS", "PLATOONNUMBER")
values (516132, 'Current', 43, 977312);

insert into squad ("SQUADNUMBER", "SQUADNAME", "NUMBEROFSOLDIERS", "PLATOONNUMBER")
values (659637, 'Control', 193, 690821);

insert into squad ("SQUADNUMBER", "SQUADNAME", "NUMBEROFSOLDIERS", "PLATOONNUMBER")
values (968879, 'His', 134, 164526);

insert into squad ("SQUADNUMBER", "SQUADNAME", "NUMBEROFSOLDIERS", "PLATOONNUMBER")
values (143225, 'Time', 89, 314295);

insert into squad ("SQUADNUMBER", "SQUADNAME", "NUMBEROFSOLDIERS", "PLATOONNUMBER")
values (127820, 'Far', 132, 326362);

insert into squad ("SQUADNUMBER", "SQUADNAME", "NUMBEROFSOLDIERS", "PLATOONNUMBER")
values (676381, 'Garden', 89, 673637);

insert into squad ("SQUADNUMBER", "SQUADNAME", "NUMBEROFSOLDIERS", "PLATOONNUMBER")
values (944561, 'Local', 34, 872444);

insert into squad ("SQUADNUMBER", "SQUADNAME", "NUMBEROFSOLDIERS", "PLATOONNUMBER")
values (661331, 'Rise', 137, 831104);

insert into squad ("SQUADNUMBER", "SQUADNAME", "NUMBEROFSOLDIERS", "PLATOONNUMBER")
values (822333, 'Meeting', 74, 620975);

insert into squad ("SQUADNUMBER", "SQUADNAME", "NUMBEROFSOLDIERS", "PLATOONNUMBER")
values (572532, 'Argue', 71, 590158);

insert into squad ("SQUADNUMBER", "SQUADNAME", "NUMBEROFSOLDIERS", "PLATOONNUMBER")
values (287419, 'Cultural', 116, 370276);

insert into squad ("SQUADNUMBER", "SQUADNAME", "NUMBEROFSOLDIERS", "PLATOONNUMBER")
values (810631, 'Adult', 14, 492555);

insert into squad ("SQUADNUMBER", "SQUADNAME", "NUMBEROFSOLDIERS", "PLATOONNUMBER")
values (216751, 'Certain', 113, 266481);

insert into squad ("SQUADNUMBER", "SQUADNAME", "NUMBEROFSOLDIERS", "PLATOONNUMBER")
values (748555, 'Address', 36, 587490);

insert into squad ("SQUADNUMBER", "SQUADNAME", "NUMBEROFSOLDIERS", "PLATOONNUMBER")
values (127068, 'Out', 147, 467217);

insert into squad ("SQUADNUMBER", "SQUADNAME", "NUMBEROFSOLDIERS", "PLATOONNUMBER")
values (730222, 'Measure', 67, 467874);

insert into squad ("SQUADNUMBER", "SQUADNAME", "NUMBEROFSOLDIERS", "PLATOONNUMBER")
values (504150, 'Year', 29, 128627);

insert into squad ("SQUADNUMBER", "SQUADNAME", "NUMBEROFSOLDIERS", "PLATOONNUMBER")
values (368124, 'Happen', 115, 729191);

commit;

insert into squad ("SQUADNUMBER", "SQUADNAME", "NUMBEROFSOLDIERS", "PLATOONNUMBER")
values (499856, 'Break', 107, 936701);

insert into squad ("SQUADNUMBER", "SQUADNAME", "NUMBEROFSOLDIERS", "PLATOONNUMBER")
values (588031, 'Public', 142, 784685);

insert into squad ("SQUADNUMBER", "SQUADNAME", "NUMBEROFSOLDIERS", "PLATOONNUMBER")
values (826337, 'Article', 168, 620975);

insert into squad ("SQUADNUMBER", "SQUADNAME", "NUMBEROFSOLDIERS", "PLATOONNUMBER")
values (602088, 'Clear', 171, 411493);

insert into squad ("SQUADNUMBER", "SQUADNAME", "NUMBEROFSOLDIERS", "PLATOONNUMBER")
values (623653, 'Fire', 144, 262739);

insert into squad ("SQUADNUMBER", "SQUADNAME", "NUMBEROFSOLDIERS", "PLATOONNUMBER")
values (866458, 'Score', 100, 258499);

insert into squad ("SQUADNUMBER", "SQUADNAME", "NUMBEROFSOLDIERS", "PLATOONNUMBER")
values (806344, 'President', 103, 264818);

insert into squad ("SQUADNUMBER", "SQUADNAME", "NUMBEROFSOLDIERS", "PLATOONNUMBER")
values (606179, 'Poor', 88, 680930);

insert into squad ("SQUADNUMBER", "SQUADNAME", "NUMBEROFSOLDIERS", "PLATOONNUMBER")
values (943378, 'Mr', 155, 462793);

insert into squad ("SQUADNUMBER", "SQUADNAME", "NUMBEROFSOLDIERS", "PLATOONNUMBER")
values (501365, 'Receive', 86, 182842);

insert into squad ("SQUADNUMBER", "SQUADNAME", "NUMBEROFSOLDIERS", "PLATOONNUMBER")
values (693585, 'Focus', 38, 831778);

insert into squad ("SQUADNUMBER", "SQUADNAME", "NUMBEROFSOLDIERS", "PLATOONNUMBER")
values (451404, 'Into', 63, 603639);

insert into squad ("SQUADNUMBER", "SQUADNAME", "NUMBEROFSOLDIERS", "PLATOONNUMBER")
values (611147, 'Bill', 28, 463402);

insert into squad ("SQUADNUMBER", "SQUADNAME", "NUMBEROFSOLDIERS", "PLATOONNUMBER")
values (506833, 'Agent', 73, 214360);

insert into squad ("SQUADNUMBER", "SQUADNAME", "NUMBEROFSOLDIERS", "PLATOONNUMBER")
values (403863, 'Size', 177, 356341);

insert into squad ("SQUADNUMBER", "SQUADNAME", "NUMBEROFSOLDIERS", "PLATOONNUMBER")
values (204608, 'Place', 59, 386415);

insert into squad ("SQUADNUMBER", "SQUADNAME", "NUMBEROFSOLDIERS", "PLATOONNUMBER")
values (524310, 'Would', 74, 912234);

insert into squad ("SQUADNUMBER", "SQUADNAME", "NUMBEROFSOLDIERS", "PLATOONNUMBER")
values (291594, 'Care', 75, 686444);

insert into squad ("SQUADNUMBER", "SQUADNAME", "NUMBEROFSOLDIERS", "PLATOONNUMBER")
values (159357, 'Will', 42, 987389);

insert into squad ("SQUADNUMBER", "SQUADNAME", "NUMBEROFSOLDIERS", "PLATOONNUMBER")
values (413818, 'Popular', 30, 352090);

insert into squad ("SQUADNUMBER", "SQUADNAME", "NUMBEROFSOLDIERS", "PLATOONNUMBER")
values (374197, 'Low', 179, 673637);

insert into squad ("SQUADNUMBER", "SQUADNAME", "NUMBEROFSOLDIERS", "PLATOONNUMBER")
values (421979, 'Particular', 169, 239648);

insert into squad ("SQUADNUMBER", "SQUADNAME", "NUMBEROFSOLDIERS", "PLATOONNUMBER")
values (739301, 'Standard', 148, 381976);

insert into squad ("SQUADNUMBER", "SQUADNAME", "NUMBEROFSOLDIERS", "PLATOONNUMBER")
values (478262, 'Year', 123, 724049);

insert into squad ("SQUADNUMBER", "SQUADNAME", "NUMBEROFSOLDIERS", "PLATOONNUMBER")
values (708525, 'Listen', 67, 943412);

insert into squad ("SQUADNUMBER", "SQUADNAME", "NUMBEROFSOLDIERS", "PLATOONNUMBER")
values (385177, 'Attack', 39, 571145);

insert into squad ("SQUADNUMBER", "SQUADNAME", "NUMBEROFSOLDIERS", "PLATOONNUMBER")
values (834714, 'Return', 135, 629954);

insert into squad ("SQUADNUMBER", "SQUADNAME", "NUMBEROFSOLDIERS", "PLATOONNUMBER")
values (302989, 'Ten', 184, 278631);

insert into squad ("SQUADNUMBER", "SQUADNAME", "NUMBEROFSOLDIERS", "PLATOONNUMBER")
values (369009, 'Church', 138, 156569);

insert into squad ("SQUADNUMBER", "SQUADNAME", "NUMBEROFSOLDIERS", "PLATOONNUMBER")
values (237701, 'Blue', 186, 298200);

insert into squad ("SQUADNUMBER", "SQUADNAME", "NUMBEROFSOLDIERS", "PLATOONNUMBER")
values (825317, 'Evidence', 54, 224309);

insert into squad ("SQUADNUMBER", "SQUADNAME", "NUMBEROFSOLDIERS", "PLATOONNUMBER")
values (797936, 'Day', 22, 137464);

insert into squad ("SQUADNUMBER", "SQUADNAME", "NUMBEROFSOLDIERS", "PLATOONNUMBER")
values (350731, 'Local', 195, 859122);

insert into squad ("SQUADNUMBER", "SQUADNAME", "NUMBEROFSOLDIERS", "PLATOONNUMBER")
values (708510, 'Couple', 121, 794559);

insert into squad ("SQUADNUMBER", "SQUADNAME", "NUMBEROFSOLDIERS", "PLATOONNUMBER")
values (226697, 'Congress', 149, 356663);

insert into squad ("SQUADNUMBER", "SQUADNAME", "NUMBEROFSOLDIERS", "PLATOONNUMBER")
values (259767, 'Society', 176, 553440);

insert into squad ("SQUADNUMBER", "SQUADNAME", "NUMBEROFSOLDIERS", "PLATOONNUMBER")
values (148881, 'Factor', 119, 237446);

insert into squad ("SQUADNUMBER", "SQUADNAME", "NUMBEROFSOLDIERS", "PLATOONNUMBER")
values (246680, 'Design', 35, 166839);

insert into squad ("SQUADNUMBER", "SQUADNAME", "NUMBEROFSOLDIERS", "PLATOONNUMBER")
values (381496, 'Environment', 10, 165992);

insert into squad ("SQUADNUMBER", "SQUADNAME", "NUMBEROFSOLDIERS", "PLATOONNUMBER")
values (103462, 'Would', 83, 117157);

insert into squad ("SQUADNUMBER", "SQUADNAME", "NUMBEROFSOLDIERS", "PLATOONNUMBER")
values (533343, 'Center', 137, 631461);

insert into squad ("SQUADNUMBER", "SQUADNAME", "NUMBEROFSOLDIERS", "PLATOONNUMBER")
values (811883, 'Through', 22, 732067);

insert into squad ("SQUADNUMBER", "SQUADNAME", "NUMBEROFSOLDIERS", "PLATOONNUMBER")
values (246767, 'Water', 197, 771588);

insert into squad ("SQUADNUMBER", "SQUADNAME", "NUMBEROFSOLDIERS", "PLATOONNUMBER")
values (806596, 'Against', 97, 713086);

insert into squad ("SQUADNUMBER", "SQUADNAME", "NUMBEROFSOLDIERS", "PLATOONNUMBER")
values (222256, 'Accept', 134, 983337);

insert into squad ("SQUADNUMBER", "SQUADNAME", "NUMBEROFSOLDIERS", "PLATOONNUMBER")
values (612999, 'Treat', 102, 288701);

insert into squad ("SQUADNUMBER", "SQUADNAME", "NUMBEROFSOLDIERS", "PLATOONNUMBER")
values (783196, 'Process', 65, 282031);

insert into squad ("SQUADNUMBER", "SQUADNAME", "NUMBEROFSOLDIERS", "PLATOONNUMBER")
values (175750, 'Try', 100, 226967);

insert into squad ("SQUADNUMBER", "SQUADNAME", "NUMBEROFSOLDIERS", "PLATOONNUMBER")
values (439346, 'Challenge', 20, 504443);

insert into squad ("SQUADNUMBER", "SQUADNAME", "NUMBEROFSOLDIERS", "PLATOONNUMBER")
values (632307, 'Young', 91, 600907);

insert into squad ("SQUADNUMBER", "SQUADNAME", "NUMBEROFSOLDIERS", "PLATOONNUMBER")
values (863116, 'Be', 185, 536818);

insert into squad ("SQUADNUMBER", "SQUADNAME", "NUMBEROFSOLDIERS", "PLATOONNUMBER")
values (231112, 'Each', 45, 250006);

insert into squad ("SQUADNUMBER", "SQUADNAME", "NUMBEROFSOLDIERS", "PLATOONNUMBER")
values (132930, 'Particular', 64, 488588);

insert into squad ("SQUADNUMBER", "SQUADNAME", "NUMBEROFSOLDIERS", "PLATOONNUMBER")
values (788208, 'Forward', 15, 382923);

insert into squad ("SQUADNUMBER", "SQUADNAME", "NUMBEROFSOLDIERS", "PLATOONNUMBER")
values (442296, 'Down', 69, 157238);

insert into squad ("SQUADNUMBER", "SQUADNAME", "NUMBEROFSOLDIERS", "PLATOONNUMBER")
values (450541, 'Strategy', 110, 662499);

insert into squad ("SQUADNUMBER", "SQUADNAME", "NUMBEROFSOLDIERS", "PLATOONNUMBER")
values (632479, 'Top', 66, 784685);

insert into squad ("SQUADNUMBER", "SQUADNAME", "NUMBEROFSOLDIERS", "PLATOONNUMBER")
values (510678, 'Success', 55, 548811);

insert into squad ("SQUADNUMBER", "SQUADNAME", "NUMBEROFSOLDIERS", "PLATOONNUMBER")
values (151366, 'Edge', 152, 978026);

insert into squad ("SQUADNUMBER", "SQUADNAME", "NUMBEROFSOLDIERS", "PLATOONNUMBER")
values (429894, 'Above', 199, 283150);

insert into squad ("SQUADNUMBER", "SQUADNAME", "NUMBEROFSOLDIERS", "PLATOONNUMBER")
values (582506, 'Share', 72, 307827);

insert into squad ("SQUADNUMBER", "SQUADNAME", "NUMBEROFSOLDIERS", "PLATOONNUMBER")
values (857798, 'Nearly', 188, 634953);

insert into squad ("SQUADNUMBER", "SQUADNAME", "NUMBEROFSOLDIERS", "PLATOONNUMBER")
values (454841, 'Itself', 170, 481235);

insert into squad ("SQUADNUMBER", "SQUADNAME", "NUMBEROFSOLDIERS", "PLATOONNUMBER")
values (104715, 'Herself', 81, 936701);

insert into squad ("SQUADNUMBER", "SQUADNAME", "NUMBEROFSOLDIERS", "PLATOONNUMBER")
values (542328, 'Month', 64, 386415);

insert into squad ("SQUADNUMBER", "SQUADNAME", "NUMBEROFSOLDIERS", "PLATOONNUMBER")
values (451076, 'Past', 32, 930222);

insert into squad ("SQUADNUMBER", "SQUADNAME", "NUMBEROFSOLDIERS", "PLATOONNUMBER")
values (392877, 'Catch', 125, 813855);

insert into squad ("SQUADNUMBER", "SQUADNAME", "NUMBEROFSOLDIERS", "PLATOONNUMBER")
values (924960, 'Purpose', 190, 758655);

insert into squad ("SQUADNUMBER", "SQUADNAME", "NUMBEROFSOLDIERS", "PLATOONNUMBER")
values (648304, 'Something', 82, 125632);

insert into squad ("SQUADNUMBER", "SQUADNAME", "NUMBEROFSOLDIERS", "PLATOONNUMBER")
values (107280, 'American', 151, 551730);

insert into squad ("SQUADNUMBER", "SQUADNAME", "NUMBEROFSOLDIERS", "PLATOONNUMBER")
values (426686, 'American', 83, 634953);

insert into squad ("SQUADNUMBER", "SQUADNAME", "NUMBEROFSOLDIERS", "PLATOONNUMBER")
values (458763, 'The', 180, 994293);

insert into squad ("SQUADNUMBER", "SQUADNAME", "NUMBEROFSOLDIERS", "PLATOONNUMBER")
values (590805, 'Attack', 40, 936701);

insert into squad ("SQUADNUMBER", "SQUADNAME", "NUMBEROFSOLDIERS", "PLATOONNUMBER")
values (402612, 'Voice', 147, 811224);

insert into squad ("SQUADNUMBER", "SQUADNAME", "NUMBEROFSOLDIERS", "PLATOONNUMBER")
values (700440, 'Soon', 92, 497544);

insert into squad ("SQUADNUMBER", "SQUADNAME", "NUMBEROFSOLDIERS", "PLATOONNUMBER")
values (664550, 'Man', 117, 327943);

insert into squad ("SQUADNUMBER", "SQUADNAME", "NUMBEROFSOLDIERS", "PLATOONNUMBER")
values (124639, 'Dinner', 129, 145089);

insert into squad ("SQUADNUMBER", "SQUADNAME", "NUMBEROFSOLDIERS", "PLATOONNUMBER")
values (738330, 'Million', 134, 386415);

insert into squad ("SQUADNUMBER", "SQUADNAME", "NUMBEROFSOLDIERS", "PLATOONNUMBER")
values (511028, 'Left', 183, 278631);

insert into squad ("SQUADNUMBER", "SQUADNAME", "NUMBEROFSOLDIERS", "PLATOONNUMBER")
values (835724, 'Although', 126, 461079);

insert into squad ("SQUADNUMBER", "SQUADNAME", "NUMBEROFSOLDIERS", "PLATOONNUMBER")
values (745840, 'Law', 72, 677625);

insert into squad ("SQUADNUMBER", "SQUADNAME", "NUMBEROFSOLDIERS", "PLATOONNUMBER")
values (459601, 'Animal', 17, 634953);

insert into squad ("SQUADNUMBER", "SQUADNAME", "NUMBEROFSOLDIERS", "PLATOONNUMBER")
values (269897, 'So', 188, 191421);

insert into squad ("SQUADNUMBER", "SQUADNAME", "NUMBEROFSOLDIERS", "PLATOONNUMBER")
values (531332, 'Team', 125, 924871);

insert into squad ("SQUADNUMBER", "SQUADNAME", "NUMBEROFSOLDIERS", "PLATOONNUMBER")
values (287122, 'Mrs', 48, 776637);

insert into squad ("SQUADNUMBER", "SQUADNAME", "NUMBEROFSOLDIERS", "PLATOONNUMBER")
values (214924, 'Democratic', 12, 951590);

insert into squad ("SQUADNUMBER", "SQUADNAME", "NUMBEROFSOLDIERS", "PLATOONNUMBER")
values (543050, 'Technology', 128, 992749);

insert into squad ("SQUADNUMBER", "SQUADNAME", "NUMBEROFSOLDIERS", "PLATOONNUMBER")
values (683335, 'Behavior', 86, 117465);

insert into squad ("SQUADNUMBER", "SQUADNAME", "NUMBEROFSOLDIERS", "PLATOONNUMBER")
values (492796, 'Body', 97, 536818);

insert into squad ("SQUADNUMBER", "SQUADNAME", "NUMBEROFSOLDIERS", "PLATOONNUMBER")
values (287530, 'Use', 112, 587680);

insert into squad ("SQUADNUMBER", "SQUADNAME", "NUMBEROFSOLDIERS", "PLATOONNUMBER")
values (487294, 'Pattern', 60, 313856);

insert into squad ("SQUADNUMBER", "SQUADNAME", "NUMBEROFSOLDIERS", "PLATOONNUMBER")
values (616883, 'Become', 194, 924403);

insert into squad ("SQUADNUMBER", "SQUADNAME", "NUMBEROFSOLDIERS", "PLATOONNUMBER")
values (208147, 'Year', 123, 327943);

insert into squad ("SQUADNUMBER", "SQUADNAME", "NUMBEROFSOLDIERS", "PLATOONNUMBER")
values (940703, 'Single', 167, 488588);

insert into squad ("SQUADNUMBER", "SQUADNAME", "NUMBEROFSOLDIERS", "PLATOONNUMBER")
values (321332, 'Never', 55, 381976);

insert into squad ("SQUADNUMBER", "SQUADNAME", "NUMBEROFSOLDIERS", "PLATOONNUMBER")
values (899994, 'Sport', 11, 128627);

insert into squad ("SQUADNUMBER", "SQUADNAME", "NUMBEROFSOLDIERS", "PLATOONNUMBER")
values (397754, 'Person', 30, 795722);

insert into squad ("SQUADNUMBER", "SQUADNAME", "NUMBEROFSOLDIERS", "PLATOONNUMBER")
values (192011, 'Between', 118, 889353);

insert into squad ("SQUADNUMBER", "SQUADNAME", "NUMBEROFSOLDIERS", "PLATOONNUMBER")
values (996311, 'Party', 47, 655084);

insert into squad ("SQUADNUMBER", "SQUADNAME", "NUMBEROFSOLDIERS", "PLATOONNUMBER")
values (368653, 'Remember', 175, 260689);

commit;

insert into squad ("SQUADNUMBER", "SQUADNAME", "NUMBEROFSOLDIERS", "PLATOONNUMBER")
values (685246, 'Speech', 154, 294994);

insert into squad ("SQUADNUMBER", "SQUADNAME", "NUMBEROFSOLDIERS", "PLATOONNUMBER")
values (968984, 'Fast', 117, 717073);

insert into squad ("SQUADNUMBER", "SQUADNAME", "NUMBEROFSOLDIERS", "PLATOONNUMBER")
values (482567, 'Say', 149, 454461);

insert into squad ("SQUADNUMBER", "SQUADNAME", "NUMBEROFSOLDIERS", "PLATOONNUMBER")
values (424296, 'Attorney', 68, 769954);

insert into squad ("SQUADNUMBER", "SQUADNAME", "NUMBEROFSOLDIERS", "PLATOONNUMBER")
values (644878, 'Land', 42, 284719);

insert into squad ("SQUADNUMBER", "SQUADNAME", "NUMBEROFSOLDIERS", "PLATOONNUMBER")
values (286568, 'Cold', 132, 294994);

insert into squad ("SQUADNUMBER", "SQUADNAME", "NUMBEROFSOLDIERS", "PLATOONNUMBER")
values (867735, 'Guess', 22, 711730);

insert into squad ("SQUADNUMBER", "SQUADNAME", "NUMBEROFSOLDIERS", "PLATOONNUMBER")
values (897344, 'Government', 116, 491389);

insert into squad ("SQUADNUMBER", "SQUADNAME", "NUMBEROFSOLDIERS", "PLATOONNUMBER")
values (492114, 'Support', 120, 430764);

insert into squad ("SQUADNUMBER", "SQUADNAME", "NUMBEROFSOLDIERS", "PLATOONNUMBER")
values (492891, 'Music', 87, 924871);

insert into squad ("SQUADNUMBER", "SQUADNAME", "NUMBEROFSOLDIERS", "PLATOONNUMBER")
values (775720, 'Red', 102, 268496);

insert into squad ("SQUADNUMBER", "SQUADNAME", "NUMBEROFSOLDIERS", "PLATOONNUMBER")
values (494763, 'Small', 16, 386415);

insert into squad ("SQUADNUMBER", "SQUADNAME", "NUMBEROFSOLDIERS", "PLATOONNUMBER")
values (163239, 'Important', 52, 804831);

insert into squad ("SQUADNUMBER", "SQUADNAME", "NUMBEROFSOLDIERS", "PLATOONNUMBER")
values (610550, 'Address', 72, 782849);

insert into squad ("SQUADNUMBER", "SQUADNAME", "NUMBEROFSOLDIERS", "PLATOONNUMBER")
values (845480, 'Event', 151, 278631);

insert into squad ("SQUADNUMBER", "SQUADNAME", "NUMBEROFSOLDIERS", "PLATOONNUMBER")
values (743191, 'Case', 124, 417840);

insert into squad ("SQUADNUMBER", "SQUADNAME", "NUMBEROFSOLDIERS", "PLATOONNUMBER")
values (912495, 'Protect', 25, 761813);

insert into squad ("SQUADNUMBER", "SQUADNAME", "NUMBEROFSOLDIERS", "PLATOONNUMBER")
values (740034, 'Capital', 30, 974034);

insert into squad ("SQUADNUMBER", "SQUADNAME", "NUMBEROFSOLDIERS", "PLATOONNUMBER")
values (860225, 'Hope', 174, 370276);

insert into squad ("SQUADNUMBER", "SQUADNAME", "NUMBEROFSOLDIERS", "PLATOONNUMBER")
values (146887, 'Close', 28, 750423);

insert into squad ("SQUADNUMBER", "SQUADNAME", "NUMBEROFSOLDIERS", "PLATOONNUMBER")
values (560806, 'Page', 13, 244939);

insert into squad ("SQUADNUMBER", "SQUADNAME", "NUMBEROFSOLDIERS", "PLATOONNUMBER")
values (653312, 'Process', 151, 655084);

insert into squad ("SQUADNUMBER", "SQUADNAME", "NUMBEROFSOLDIERS", "PLATOONNUMBER")
values (319372, 'Their', 73, 603639);

insert into squad ("SQUADNUMBER", "SQUADNAME", "NUMBEROFSOLDIERS", "PLATOONNUMBER")
values (224737, 'Create', 192, 224309);

insert into squad ("SQUADNUMBER", "SQUADNAME", "NUMBEROFSOLDIERS", "PLATOONNUMBER")
values (277857, 'Station', 22, 729191);

insert into squad ("SQUADNUMBER", "SQUADNAME", "NUMBEROFSOLDIERS", "PLATOONNUMBER")
values (596985, 'Pretty', 39, 881044);

insert into squad ("SQUADNUMBER", "SQUADNAME", "NUMBEROFSOLDIERS", "PLATOONNUMBER")
values (819239, 'Thank', 29, 239648);

insert into squad ("SQUADNUMBER", "SQUADNAME", "NUMBEROFSOLDIERS", "PLATOONNUMBER")
values (819509, 'Purpose', 171, 799396);

insert into squad ("SQUADNUMBER", "SQUADNAME", "NUMBEROFSOLDIERS", "PLATOONNUMBER")
values (741998, 'Young', 177, 895615);

insert into squad ("SQUADNUMBER", "SQUADNAME", "NUMBEROFSOLDIERS", "PLATOONNUMBER")
values (208112, 'Training', 120, 811224);

insert into squad ("SQUADNUMBER", "SQUADNAME", "NUMBEROFSOLDIERS", "PLATOONNUMBER")
values (405037, 'Trouble', 36, 671969);

insert into squad ("SQUADNUMBER", "SQUADNAME", "NUMBEROFSOLDIERS", "PLATOONNUMBER")
values (833528, 'Phone', 52, 951576);

insert into squad ("SQUADNUMBER", "SQUADNAME", "NUMBEROFSOLDIERS", "PLATOONNUMBER")
values (321678, 'Big', 76, 239947);

insert into squad ("SQUADNUMBER", "SQUADNAME", "NUMBEROFSOLDIERS", "PLATOONNUMBER")
values (627050, 'Assume', 198, 974034);

insert into squad ("SQUADNUMBER", "SQUADNAME", "NUMBEROFSOLDIERS", "PLATOONNUMBER")
values (323555, 'Argue', 22, 314295);

insert into squad ("SQUADNUMBER", "SQUADNAME", "NUMBEROFSOLDIERS", "PLATOONNUMBER")
values (960142, 'Late', 107, 994293);

insert into squad ("SQUADNUMBER", "SQUADNAME", "NUMBEROFSOLDIERS", "PLATOONNUMBER")
values (358567, 'Meet', 186, 233320);

insert into squad ("SQUADNUMBER", "SQUADNAME", "NUMBEROFSOLDIERS", "PLATOONNUMBER")
values (772206, 'Stuff', 71, 177545);

insert into squad ("SQUADNUMBER", "SQUADNAME", "NUMBEROFSOLDIERS", "PLATOONNUMBER")
values (532182, 'Entire', 152, 283150);

insert into squad ("SQUADNUMBER", "SQUADNAME", "NUMBEROFSOLDIERS", "PLATOONNUMBER")
values (396713, 'Task', 195, 326149);

insert into squad ("SQUADNUMBER", "SQUADNAME", "NUMBEROFSOLDIERS", "PLATOONNUMBER")
values (992754, 'Everything', 60, 871470);

insert into squad ("SQUADNUMBER", "SQUADNAME", "NUMBEROFSOLDIERS", "PLATOONNUMBER")
values (682962, 'Alone', 196, 543288);

insert into squad ("SQUADNUMBER", "SQUADNAME", "NUMBEROFSOLDIERS", "PLATOONNUMBER")
values (737672, 'Do', 16, 260316);

insert into squad ("SQUADNUMBER", "SQUADNAME", "NUMBEROFSOLDIERS", "PLATOONNUMBER")
values (778590, 'Next', 125, 250006);

insert into squad ("SQUADNUMBER", "SQUADNAME", "NUMBEROFSOLDIERS", "PLATOONNUMBER")
values (114900, 'Throw', 178, 590158);

insert into squad ("SQUADNUMBER", "SQUADNAME", "NUMBEROFSOLDIERS", "PLATOONNUMBER")
values (988980, 'Prevent', 88, 784685);

insert into squad ("SQUADNUMBER", "SQUADNAME", "NUMBEROFSOLDIERS", "PLATOONNUMBER")
values (621802, 'Fall', 20, 455828);

insert into squad ("SQUADNUMBER", "SQUADNAME", "NUMBEROFSOLDIERS", "PLATOONNUMBER")
values (501425, 'Detail', 149, 467217);

insert into squad ("SQUADNUMBER", "SQUADNAME", "NUMBEROFSOLDIERS", "PLATOONNUMBER")
values (390048, 'In', 63, 675828);

insert into squad ("SQUADNUMBER", "SQUADNAME", "NUMBEROFSOLDIERS", "PLATOONNUMBER")
values (812260, 'Service', 158, 116331);

insert into squad ("SQUADNUMBER", "SQUADNAME", "NUMBEROFSOLDIERS", "PLATOONNUMBER")
values (426547, 'Community', 154, 544747);

insert into squad ("SQUADNUMBER", "SQUADNAME", "NUMBEROFSOLDIERS", "PLATOONNUMBER")
values (565686, 'Ok', 99, 362524);

insert into squad ("SQUADNUMBER", "SQUADNAME", "NUMBEROFSOLDIERS", "PLATOONNUMBER")
values (389245, 'Past', 170, 292338);

insert into squad ("SQUADNUMBER", "SQUADNAME", "NUMBEROFSOLDIERS", "PLATOONNUMBER")
values (571911, 'Sort', 112, 996378);

insert into squad ("SQUADNUMBER", "SQUADNAME", "NUMBEROFSOLDIERS", "PLATOONNUMBER")
values (757248, 'Game', 64, 601805);

insert into squad ("SQUADNUMBER", "SQUADNAME", "NUMBEROFSOLDIERS", "PLATOONNUMBER")
values (804891, 'Assume', 108, 228413);

insert into squad ("SQUADNUMBER", "SQUADNAME", "NUMBEROFSOLDIERS", "PLATOONNUMBER")
values (446266, 'Lawyer', 13, 354951);

insert into squad ("SQUADNUMBER", "SQUADNAME", "NUMBEROFSOLDIERS", "PLATOONNUMBER")
values (110729, 'While', 174, 972502);

insert into squad ("SQUADNUMBER", "SQUADNAME", "NUMBEROFSOLDIERS", "PLATOONNUMBER")
values (281703, 'Total', 11, 488588);

insert into squad ("SQUADNUMBER", "SQUADNAME", "NUMBEROFSOLDIERS", "PLATOONNUMBER")
values (633652, 'Huge', 63, 382923);

insert into squad ("SQUADNUMBER", "SQUADNAME", "NUMBEROFSOLDIERS", "PLATOONNUMBER")
values (833855, 'Until', 40, 283150);

insert into squad ("SQUADNUMBER", "SQUADNAME", "NUMBEROFSOLDIERS", "PLATOONNUMBER")
values (739055, 'Just', 118, 264818);

insert into squad ("SQUADNUMBER", "SQUADNAME", "NUMBEROFSOLDIERS", "PLATOONNUMBER")
values (421020, 'Green', 65, 668735);

insert into squad ("SQUADNUMBER", "SQUADNAME", "NUMBEROFSOLDIERS", "PLATOONNUMBER")
values (432608, 'Close', 168, 951590);

insert into squad ("SQUADNUMBER", "SQUADNAME", "NUMBEROFSOLDIERS", "PLATOONNUMBER")
values (616922, 'Long', 42, 709207);

insert into squad ("SQUADNUMBER", "SQUADNAME", "NUMBEROFSOLDIERS", "PLATOONNUMBER")
values (628439, 'Involve', 186, 667753);

insert into squad ("SQUADNUMBER", "SQUADNAME", "NUMBEROFSOLDIERS", "PLATOONNUMBER")
values (506757, 'Arrive', 182, 211261);

insert into squad ("SQUADNUMBER", "SQUADNAME", "NUMBEROFSOLDIERS", "PLATOONNUMBER")
values (587027, 'On', 69, 258499);

insert into squad ("SQUADNUMBER", "SQUADNAME", "NUMBEROFSOLDIERS", "PLATOONNUMBER")
values (232938, 'Radio', 99, 124516);

insert into squad ("SQUADNUMBER", "SQUADNAME", "NUMBEROFSOLDIERS", "PLATOONNUMBER")
values (916258, 'Explain', 29, 871470);

insert into squad ("SQUADNUMBER", "SQUADNAME", "NUMBEROFSOLDIERS", "PLATOONNUMBER")
values (752839, 'Executive', 169, 924871);

insert into squad ("SQUADNUMBER", "SQUADNAME", "NUMBEROFSOLDIERS", "PLATOONNUMBER")
values (458401, 'Down', 51, 200231);

insert into squad ("SQUADNUMBER", "SQUADNAME", "NUMBEROFSOLDIERS", "PLATOONNUMBER")
values (213466, 'Than', 109, 128627);

insert into squad ("SQUADNUMBER", "SQUADNAME", "NUMBEROFSOLDIERS", "PLATOONNUMBER")
values (780452, 'Hard', 105, 479840);

insert into squad ("SQUADNUMBER", "SQUADNAME", "NUMBEROFSOLDIERS", "PLATOONNUMBER")
values (265462, 'Edge', 181, 629677);

insert into squad ("SQUADNUMBER", "SQUADNAME", "NUMBEROFSOLDIERS", "PLATOONNUMBER")
values (482210, 'Scene', 67, 328342);

insert into squad ("SQUADNUMBER", "SQUADNAME", "NUMBEROFSOLDIERS", "PLATOONNUMBER")
values (629903, 'Half', 9, 368666);

insert into squad ("SQUADNUMBER", "SQUADNAME", "NUMBEROFSOLDIERS", "PLATOONNUMBER")
values (553551, 'Produce', 104, 951590);

insert into squad ("SQUADNUMBER", "SQUADNAME", "NUMBEROFSOLDIERS", "PLATOONNUMBER")
values (575367, 'Strong', 140, 369432);

insert into squad ("SQUADNUMBER", "SQUADNAME", "NUMBEROFSOLDIERS", "PLATOONNUMBER")
values (426999, 'Final', 94, 794559);

insert into squad ("SQUADNUMBER", "SQUADNAME", "NUMBEROFSOLDIERS", "PLATOONNUMBER")
values (877465, 'National', 29, 548811);

insert into squad ("SQUADNUMBER", "SQUADNAME", "NUMBEROFSOLDIERS", "PLATOONNUMBER")
values (500296, 'Sure', 135, 758655);

insert into squad ("SQUADNUMBER", "SQUADNAME", "NUMBEROFSOLDIERS", "PLATOONNUMBER")
values (442275, 'None', 166, 491389);

insert into squad ("SQUADNUMBER", "SQUADNAME", "NUMBEROFSOLDIERS", "PLATOONNUMBER")
values (339122, 'Our', 10, 481235);

insert into squad ("SQUADNUMBER", "SQUADNAME", "NUMBEROFSOLDIERS", "PLATOONNUMBER")
values (233866, 'Lose', 124, 393207);

insert into squad ("SQUADNUMBER", "SQUADNAME", "NUMBEROFSOLDIERS", "PLATOONNUMBER")
values (478336, 'Participant', 154, 326149);

insert into squad ("SQUADNUMBER", "SQUADNAME", "NUMBEROFSOLDIERS", "PLATOONNUMBER")
values (841460, 'Heavy', 57, 465748);

insert into squad ("SQUADNUMBER", "SQUADNAME", "NUMBEROFSOLDIERS", "PLATOONNUMBER")
values (416174, 'Result', 194, 936701);

insert into squad ("SQUADNUMBER", "SQUADNAME", "NUMBEROFSOLDIERS", "PLATOONNUMBER")
values (180512, 'Never', 58, 399864);

insert into squad ("SQUADNUMBER", "SQUADNAME", "NUMBEROFSOLDIERS", "PLATOONNUMBER")
values (945270, 'Development', 61, 637920);

insert into squad ("SQUADNUMBER", "SQUADNAME", "NUMBEROFSOLDIERS", "PLATOONNUMBER")
values (713484, 'Husband', 169, 902617);

insert into squad ("SQUADNUMBER", "SQUADNAME", "NUMBEROFSOLDIERS", "PLATOONNUMBER")
values (717025, 'Not', 133, 299397);

insert into squad ("SQUADNUMBER", "SQUADNAME", "NUMBEROFSOLDIERS", "PLATOONNUMBER")
values (607336, 'Everyone', 73, 926670);

insert into squad ("SQUADNUMBER", "SQUADNAME", "NUMBEROFSOLDIERS", "PLATOONNUMBER")
values (949559, 'Fish', 114, 560363);

insert into squad ("SQUADNUMBER", "SQUADNAME", "NUMBEROFSOLDIERS", "PLATOONNUMBER")
values (934760, 'Later', 178, 260316);

insert into squad ("SQUADNUMBER", "SQUADNAME", "NUMBEROFSOLDIERS", "PLATOONNUMBER")
values (277474, 'Cause', 14, 260689);

insert into squad ("SQUADNUMBER", "SQUADNAME", "NUMBEROFSOLDIERS", "PLATOONNUMBER")
values (588834, 'Loss', 37, 156569);

insert into squad ("SQUADNUMBER", "SQUADNAME", "NUMBEROFSOLDIERS", "PLATOONNUMBER")
values (221163, 'Cost', 10, 497544);

insert into squad ("SQUADNUMBER", "SQUADNAME", "NUMBEROFSOLDIERS", "PLATOONNUMBER")
values (702928, 'Rise', 154, 675828);

insert into squad ("SQUADNUMBER", "SQUADNAME", "NUMBEROFSOLDIERS", "PLATOONNUMBER")
values (945807, 'Side', 116, 456077);

commit;

insert into squad ("SQUADNUMBER", "SQUADNAME", "NUMBEROFSOLDIERS", "PLATOONNUMBER")
values (796940, 'Itself', 196, 978026);

insert into squad ("SQUADNUMBER", "SQUADNAME", "NUMBEROFSOLDIERS", "PLATOONNUMBER")
values (818785, 'Science', 60, 622108);

insert into squad ("SQUADNUMBER", "SQUADNAME", "NUMBEROFSOLDIERS", "PLATOONNUMBER")
values (784280, 'Year', 112, 936701);

insert into squad ("SQUADNUMBER", "SQUADNAME", "NUMBEROFSOLDIERS", "PLATOONNUMBER")
values (422116, 'Rule', 25, 784323);

insert into squad ("SQUADNUMBER", "SQUADNAME", "NUMBEROFSOLDIERS", "PLATOONNUMBER")
values (679289, 'Stock', 188, 991217);

insert into squad ("SQUADNUMBER", "SQUADNAME", "NUMBEROFSOLDIERS", "PLATOONNUMBER")
values (675422, 'Drive', 95, 411493);

insert into squad ("SQUADNUMBER", "SQUADNAME", "NUMBEROFSOLDIERS", "PLATOONNUMBER")
values (125583, 'Pm', 84, 685745);

insert into squad ("SQUADNUMBER", "SQUADNAME", "NUMBEROFSOLDIERS", "PLATOONNUMBER")
values (697359, 'Little', 50, 266757);

insert into squad ("SQUADNUMBER", "SQUADNAME", "NUMBEROFSOLDIERS", "PLATOONNUMBER")
values (791192, 'Heavy', 90, 619576);

insert into squad ("SQUADNUMBER", "SQUADNAME", "NUMBEROFSOLDIERS", "PLATOONNUMBER")
values (375592, 'Seem', 73, 977312);

insert into squad ("SQUADNUMBER", "SQUADNAME", "NUMBEROFSOLDIERS", "PLATOONNUMBER")
values (714200, 'Series', 46, 536818);

insert into squad ("SQUADNUMBER", "SQUADNAME", "NUMBEROFSOLDIERS", "PLATOONNUMBER")
values (548925, 'Per', 183, 294136);

insert into squad ("SQUADNUMBER", "SQUADNAME", "NUMBEROFSOLDIERS", "PLATOONNUMBER")
values (914194, 'Point', 105, 554470);

insert into squad ("SQUADNUMBER", "SQUADNAME", "NUMBEROFSOLDIERS", "PLATOONNUMBER")
values (724798, 'Just', 102, 381365);

insert into squad ("SQUADNUMBER", "SQUADNAME", "NUMBEROFSOLDIERS", "PLATOONNUMBER")
values (548404, 'Green', 56, 694742);

insert into squad ("SQUADNUMBER", "SQUADNAME", "NUMBEROFSOLDIERS", "PLATOONNUMBER")
values (399358, 'Stand', 75, 979703);

insert into squad ("SQUADNUMBER", "SQUADNAME", "NUMBEROFSOLDIERS", "PLATOONNUMBER")
values (864628, 'Degree', 10, 268496);

insert into squad ("SQUADNUMBER", "SQUADNAME", "NUMBEROFSOLDIERS", "PLATOONNUMBER")
values (204921, 'Table', 179, 560207);

insert into squad ("SQUADNUMBER", "SQUADNAME", "NUMBEROFSOLDIERS", "PLATOONNUMBER")
values (356605, 'Support', 175, 223862);

insert into squad ("SQUADNUMBER", "SQUADNAME", "NUMBEROFSOLDIERS", "PLATOONNUMBER")
values (581172, 'Attorney', 27, 732067);

insert into squad ("SQUADNUMBER", "SQUADNAME", "NUMBEROFSOLDIERS", "PLATOONNUMBER")
values (819616, 'Company', 128, 831104);

insert into squad ("SQUADNUMBER", "SQUADNAME", "NUMBEROFSOLDIERS", "PLATOONNUMBER")
values (667509, 'Born', 55, 146740);

insert into squad ("SQUADNUMBER", "SQUADNAME", "NUMBEROFSOLDIERS", "PLATOONNUMBER")
values (940860, 'Money', 10, 411493);

insert into squad ("SQUADNUMBER", "SQUADNAME", "NUMBEROFSOLDIERS", "PLATOONNUMBER")
values (917442, 'They', 179, 761813);

insert into squad ("SQUADNUMBER", "SQUADNAME", "NUMBEROFSOLDIERS", "PLATOONNUMBER")
values (644034, 'Structure', 58, 719544);

insert into squad ("SQUADNUMBER", "SQUADNAME", "NUMBEROFSOLDIERS", "PLATOONNUMBER")
values (987843, 'Customer', 134, 481235);

insert into squad ("SQUADNUMBER", "SQUADNAME", "NUMBEROFSOLDIERS", "PLATOONNUMBER")
values (946115, 'Rather', 97, 317453);

insert into squad ("SQUADNUMBER", "SQUADNAME", "NUMBEROFSOLDIERS", "PLATOONNUMBER")
values (887422, 'Save', 26, 619576);

insert into squad ("SQUADNUMBER", "SQUADNAME", "NUMBEROFSOLDIERS", "PLATOONNUMBER")
values (848300, 'Dark', 124, 843527);

insert into squad ("SQUADNUMBER", "SQUADNAME", "NUMBEROFSOLDIERS", "PLATOONNUMBER")
values (863458, 'Whole', 123, 929844);

insert into squad ("SQUADNUMBER", "SQUADNAME", "NUMBEROFSOLDIERS", "PLATOONNUMBER")
values (994272, 'Thought', 129, 454463);

insert into squad ("SQUADNUMBER", "SQUADNAME", "NUMBEROFSOLDIERS", "PLATOONNUMBER")
values (205166, 'Environment', 80, 183024);

insert into squad ("SQUADNUMBER", "SQUADNAME", "NUMBEROFSOLDIERS", "PLATOONNUMBER")
values (263267, 'Grow', 193, 994293);

insert into squad ("SQUADNUMBER", "SQUADNAME", "NUMBEROFSOLDIERS", "PLATOONNUMBER")
values (926558, 'Goal', 44, 386119);

insert into squad ("SQUADNUMBER", "SQUADNAME", "NUMBEROFSOLDIERS", "PLATOONNUMBER")
values (604999, 'Traditional', 132, 865102);

insert into squad ("SQUADNUMBER", "SQUADNAME", "NUMBEROFSOLDIERS", "PLATOONNUMBER")
values (553639, 'For', 137, 704230);

insert into squad ("SQUADNUMBER", "SQUADNAME", "NUMBEROFSOLDIERS", "PLATOONNUMBER")
values (533479, 'Where', 74, 912234);

insert into squad ("SQUADNUMBER", "SQUADNAME", "NUMBEROFSOLDIERS", "PLATOONNUMBER")
values (341243, 'Democrat', 81, 792730);

insert into squad ("SQUADNUMBER", "SQUADNAME", "NUMBEROFSOLDIERS", "PLATOONNUMBER")
values (611008, 'Bag', 82, 183024);

insert into squad ("SQUADNUMBER", "SQUADNAME", "NUMBEROFSOLDIERS", "PLATOONNUMBER")
values (875312, 'Dark', 141, 278631);

insert into squad ("SQUADNUMBER", "SQUADNAME", "NUMBEROFSOLDIERS", "PLATOONNUMBER")
values (662803, 'End', 97, 876438);

insert into squad ("SQUADNUMBER", "SQUADNAME", "NUMBEROFSOLDIERS", "PLATOONNUMBER")
values (951524, 'Scene', 130, 292338);

insert into squad ("SQUADNUMBER", "SQUADNAME", "NUMBEROFSOLDIERS", "PLATOONNUMBER")
values (528212, 'Right', 102, 724049);

insert into squad ("SQUADNUMBER", "SQUADNAME", "NUMBEROFSOLDIERS", "PLATOONNUMBER")
values (902505, 'Woman', 28, 305573);

insert into squad ("SQUADNUMBER", "SQUADNAME", "NUMBEROFSOLDIERS", "PLATOONNUMBER")
values (512820, 'Cut', 86, 237446);

insert into squad ("SQUADNUMBER", "SQUADNAME", "NUMBEROFSOLDIERS", "PLATOONNUMBER")
values (776240, 'Available', 183, 283150);

insert into squad ("SQUADNUMBER", "SQUADNAME", "NUMBEROFSOLDIERS", "PLATOONNUMBER")
values (814077, 'When', 99, 479948);

insert into squad ("SQUADNUMBER", "SQUADNAME", "NUMBEROFSOLDIERS", "PLATOONNUMBER")
values (105672, 'Growth', 112, 628980);

insert into squad ("SQUADNUMBER", "SQUADNAME", "NUMBEROFSOLDIERS", "PLATOONNUMBER")
values (250486, 'Land', 49, 831778);

insert into squad ("SQUADNUMBER", "SQUADNAME", "NUMBEROFSOLDIERS", "PLATOONNUMBER")
values (937835, 'Them', 171, 398206);

insert into squad ("SQUADNUMBER", "SQUADNAME", "NUMBEROFSOLDIERS", "PLATOONNUMBER")
values (901751, 'Prove', 56, 156569);

insert into squad ("SQUADNUMBER", "SQUADNAME", "NUMBEROFSOLDIERS", "PLATOONNUMBER")
values (517969, 'Talk', 22, 924403);

insert into squad ("SQUADNUMBER", "SQUADNAME", "NUMBEROFSOLDIERS", "PLATOONNUMBER")
values (150575, 'Get', 111, 862522);

insert into squad ("SQUADNUMBER", "SQUADNAME", "NUMBEROFSOLDIERS", "PLATOONNUMBER")
values (886169, 'Might', 108, 833549);

insert into squad ("SQUADNUMBER", "SQUADNAME", "NUMBEROFSOLDIERS", "PLATOONNUMBER")
values (528269, 'Guy', 23, 560363);

insert into squad ("SQUADNUMBER", "SQUADNAME", "NUMBEROFSOLDIERS", "PLATOONNUMBER")
values (785686, 'Lead', 172, 386119);

insert into squad ("SQUADNUMBER", "SQUADNAME", "NUMBEROFSOLDIERS", "PLATOONNUMBER")
values (352398, 'Clear', 45, 581703);

insert into squad ("SQUADNUMBER", "SQUADNAME", "NUMBEROFSOLDIERS", "PLATOONNUMBER")
values (958611, 'Model', 8, 326149);

insert into squad ("SQUADNUMBER", "SQUADNAME", "NUMBEROFSOLDIERS", "PLATOONNUMBER")
values (737978, 'Civil', 94, 791942);

insert into squad ("SQUADNUMBER", "SQUADNAME", "NUMBEROFSOLDIERS", "PLATOONNUMBER")
values (732368, 'Protect', 116, 374470);

insert into squad ("SQUADNUMBER", "SQUADNAME", "NUMBEROFSOLDIERS", "PLATOONNUMBER")
values (221222, 'Learn', 139, 649452);

insert into squad ("SQUADNUMBER", "SQUADNAME", "NUMBEROFSOLDIERS", "PLATOONNUMBER")
values (323027, 'Morning', 124, 456077);

insert into squad ("SQUADNUMBER", "SQUADNAME", "NUMBEROFSOLDIERS", "PLATOONNUMBER")
values (485690, 'Staff', 191, 191421);

insert into squad ("SQUADNUMBER", "SQUADNAME", "NUMBEROFSOLDIERS", "PLATOONNUMBER")
values (937978, 'Today', 157, 100036);

insert into squad ("SQUADNUMBER", "SQUADNAME", "NUMBEROFSOLDIERS", "PLATOONNUMBER")
values (172430, 'Remember', 149, 128627);

insert into squad ("SQUADNUMBER", "SQUADNAME", "NUMBEROFSOLDIERS", "PLATOONNUMBER")
values (862907, 'Yes', 82, 983337);

insert into squad ("SQUADNUMBER", "SQUADNAME", "NUMBEROFSOLDIERS", "PLATOONNUMBER")
values (776933, 'Control', 93, 871470);

insert into squad ("SQUADNUMBER", "SQUADNAME", "NUMBEROFSOLDIERS", "PLATOONNUMBER")
values (790497, 'Front', 126, 381365);

insert into squad ("SQUADNUMBER", "SQUADNAME", "NUMBEROFSOLDIERS", "PLATOONNUMBER")
values (656386, 'Book', 95, 842929);

insert into squad ("SQUADNUMBER", "SQUADNAME", "NUMBEROFSOLDIERS", "PLATOONNUMBER")
values (351872, 'Very', 89, 784323);

insert into squad ("SQUADNUMBER", "SQUADNAME", "NUMBEROFSOLDIERS", "PLATOONNUMBER")
values (984622, 'Direction', 21, 873163);

insert into squad ("SQUADNUMBER", "SQUADNAME", "NUMBEROFSOLDIERS", "PLATOONNUMBER")
values (861700, 'Protect', 95, 354951);

insert into squad ("SQUADNUMBER", "SQUADNAME", "NUMBEROFSOLDIERS", "PLATOONNUMBER")
values (560969, 'The', 69, 813855);

insert into squad ("SQUADNUMBER", "SQUADNAME", "NUMBEROFSOLDIERS", "PLATOONNUMBER")
values (858564, 'Return', 76, 895615);

insert into squad ("SQUADNUMBER", "SQUADNAME", "NUMBEROFSOLDIERS", "PLATOONNUMBER")
values (544107, 'Political', 22, 326362);

insert into squad ("SQUADNUMBER", "SQUADNAME", "NUMBEROFSOLDIERS", "PLATOONNUMBER")
values (205485, 'People', 58, 707122);

insert into squad ("SQUADNUMBER", "SQUADNAME", "NUMBEROFSOLDIERS", "PLATOONNUMBER")
values (367780, 'Report', 90, 305573);

insert into squad ("SQUADNUMBER", "SQUADNAME", "NUMBEROFSOLDIERS", "PLATOONNUMBER")
values (129452, 'Special', 115, 292338);

insert into squad ("SQUADNUMBER", "SQUADNAME", "NUMBEROFSOLDIERS", "PLATOONNUMBER")
values (546692, 'Manage', 148, 831778);

insert into squad ("SQUADNUMBER", "SQUADNAME", "NUMBEROFSOLDIERS", "PLATOONNUMBER")
values (244758, 'Get', 189, 779664);

insert into squad ("SQUADNUMBER", "SQUADNAME", "NUMBEROFSOLDIERS", "PLATOONNUMBER")
values (104793, 'Nothing', 91, 114175);

insert into squad ("SQUADNUMBER", "SQUADNAME", "NUMBEROFSOLDIERS", "PLATOONNUMBER")
values (608453, 'Best', 24, 622108);

insert into squad ("SQUADNUMBER", "SQUADNAME", "NUMBEROFSOLDIERS", "PLATOONNUMBER")
values (825678, 'Among', 41, 817615);

insert into squad ("SQUADNUMBER", "SQUADNAME", "NUMBEROFSOLDIERS", "PLATOONNUMBER")
values (959418, 'Message', 91, 305507);

insert into squad ("SQUADNUMBER", "SQUADNAME", "NUMBEROFSOLDIERS", "PLATOONNUMBER")
values (933601, 'Building', 51, 556594);

insert into squad ("SQUADNUMBER", "SQUADNAME", "NUMBEROFSOLDIERS", "PLATOONNUMBER")
values (286625, 'Perform', 198, 629954);

insert into squad ("SQUADNUMBER", "SQUADNAME", "NUMBEROFSOLDIERS", "PLATOONNUMBER")
values (401283, 'Fear', 14, 610145);

insert into squad ("SQUADNUMBER", "SQUADNAME", "NUMBEROFSOLDIERS", "PLATOONNUMBER")
values (821941, 'Wonder', 76, 844263);

insert into squad ("SQUADNUMBER", "SQUADNAME", "NUMBEROFSOLDIERS", "PLATOONNUMBER")
values (452823, 'Talk', 200, 479840);

insert into squad ("SQUADNUMBER", "SQUADNAME", "NUMBEROFSOLDIERS", "PLATOONNUMBER")
values (871806, 'Occur', 105, 150763);

insert into squad ("SQUADNUMBER", "SQUADNAME", "NUMBEROFSOLDIERS", "PLATOONNUMBER")
values (612746, 'Require', 105, 992749);

insert into squad ("SQUADNUMBER", "SQUADNAME", "NUMBEROFSOLDIERS", "PLATOONNUMBER")
values (430884, 'Have', 46, 628102);

insert into squad ("SQUADNUMBER", "SQUADNAME", "NUMBEROFSOLDIERS", "PLATOONNUMBER")
values (814983, 'None', 94, 729191);

insert into squad ("SQUADNUMBER", "SQUADNAME", "NUMBEROFSOLDIERS", "PLATOONNUMBER")
values (244260, 'Kitchen', 177, 746277);

insert into squad ("SQUADNUMBER", "SQUADNAME", "NUMBEROFSOLDIERS", "PLATOONNUMBER")
values (410317, 'Court', 183, 978026);

insert into squad ("SQUADNUMBER", "SQUADNAME", "NUMBEROFSOLDIERS", "PLATOONNUMBER")
values (100555, 'Company', 95, 117465);

insert into squad ("SQUADNUMBER", "SQUADNAME", "NUMBEROFSOLDIERS", "PLATOONNUMBER")
values (225802, 'Win', 53, 772301);

insert into squad ("SQUADNUMBER", "SQUADNAME", "NUMBEROFSOLDIERS", "PLATOONNUMBER")
values (407094, 'Garden', 69, 191421);

insert into squad ("SQUADNUMBER", "SQUADNAME", "NUMBEROFSOLDIERS", "PLATOONNUMBER")
values (650883, 'Leader', 177, 748205);

insert into squad ("SQUADNUMBER", "SQUADNAME", "NUMBEROFSOLDIERS", "PLATOONNUMBER")
values (114109, 'Campaign', 187, 420930);

set define off

insert into soldier ("PERSONALNUMBER", "SNAME", "BIRTHDATE", "SRANK", "DEPLOYMENTDATE", "SQUADNUMBER")
values (800420, 'Mark Bowman', to_date('1990-06-01', 'YYYY-MM-DD'), 'Captain', to_date('2019-10-13', 'YYYY-MM-DD'), 949559);

insert into soldier ("PERSONALNUMBER", "SNAME", "BIRTHDATE", "SRANK", "DEPLOYMENTDATE", "SQUADNUMBER")
values (788457, 'Carlos Reese', to_date('1974-06-23', 'YYYY-MM-DD'), 'Private', to_date('2020-04-23', 'YYYY-MM-DD'), 948666);

insert into soldier ("PERSONALNUMBER", "SNAME", "BIRTHDATE", "SRANK", "DEPLOYMENTDATE", "SQUADNUMBER")
values (896327, 'Miss Amanda Smith', to_date('1973-12-09', 'YYYY-MM-DD'), 'General', to_date('2021-11-06', 'YYYY-MM-DD'), 923225);

insert into soldier ("PERSONALNUMBER", "SNAME", "BIRTHDATE", "SRANK", "DEPLOYMENTDATE", "SQUADNUMBER")
values (424368, 'Robert King', to_date('2006-02-22', 'YYYY-MM-DD'), 'Sergeant', to_date('2022-05-24', 'YYYY-MM-DD'), 996311);

insert into soldier ("PERSONALNUMBER", "SNAME", "BIRTHDATE", "SRANK", "DEPLOYMENTDATE", "SQUADNUMBER")
values (171676, 'Amy Miller', to_date('1981-08-20', 'YYYY-MM-DD'), 'Corporal', to_date('2020-08-24', 'YYYY-MM-DD'), 146887);

insert into soldier ("PERSONALNUMBER", "SNAME", "BIRTHDATE", "SRANK", "DEPLOYMENTDATE", "SQUADNUMBER")
values (744558, 'Danielle Nichols', to_date('1976-05-15', 'YYYY-MM-DD'), 'Sergeant', to_date('2023-01-08', 'YYYY-MM-DD'), 945807);

insert into soldier ("PERSONALNUMBER", "SNAME", "BIRTHDATE", "SRANK", "DEPLOYMENTDATE", "SQUADNUMBER")
values (389342, 'Dylan Hunt', to_date('1983-08-23', 'YYYY-MM-DD'), 'Sergeant', to_date('2020-08-04', 'YYYY-MM-DD'), 217319);

insert into soldier ("PERSONALNUMBER", "SNAME", "BIRTHDATE", "SRANK", "DEPLOYMENTDATE", "SQUADNUMBER")
values (803541, 'Kelly Lowery', to_date('2002-08-02', 'YYYY-MM-DD'), 'Sergeant', to_date('2021-01-28', 'YYYY-MM-DD'), 968879);

insert into soldier ("PERSONALNUMBER", "SNAME", "BIRTHDATE", "SRANK", "DEPLOYMENTDATE", "SQUADNUMBER")
values (268691, 'Carolyn Weiss', to_date('2003-08-13', 'YYYY-MM-DD'), 'Sergeant', to_date('2023-08-18', 'YYYY-MM-DD'), 606179);

insert into soldier ("PERSONALNUMBER", "SNAME", "BIRTHDATE", "SRANK", "DEPLOYMENTDATE", "SQUADNUMBER")
values (922280, 'Suzanne Ramos', to_date('1974-06-09', 'YYYY-MM-DD'), 'Major', to_date('2023-03-02', 'YYYY-MM-DD'), 323995);

insert into soldier ("PERSONALNUMBER", "SNAME", "BIRTHDATE", "SRANK", "DEPLOYMENTDATE", "SQUADNUMBER")
values (810564, 'John Hunter', to_date('2005-07-16', 'YYYY-MM-DD'), 'Lieutenant', to_date('2021-04-30', 'YYYY-MM-DD'), 442755);

insert into soldier ("PERSONALNUMBER", "SNAME", "BIRTHDATE", "SRANK", "DEPLOYMENTDATE", "SQUADNUMBER")
values (238878, 'John Park', to_date('1976-01-26', 'YYYY-MM-DD'), 'Sergeant', to_date('2020-12-08', 'YYYY-MM-DD'), 482567);

insert into soldier ("PERSONALNUMBER", "SNAME", "BIRTHDATE", "SRANK", "DEPLOYMENTDATE", "SQUADNUMBER")
values (713099, 'Amanda Smith', to_date('2003-10-10', 'YYYY-MM-DD'), 'General', to_date('2020-12-19', 'YYYY-MM-DD'), 110729);

insert into soldier ("PERSONALNUMBER", "SNAME", "BIRTHDATE", "SRANK", "DEPLOYMENTDATE", "SQUADNUMBER")
values (678472, 'Barbara Richards', to_date('2006-03-24', 'YYYY-MM-DD'), 'Major', to_date('2023-12-20', 'YYYY-MM-DD'), 917442);

insert into soldier ("PERSONALNUMBER", "SNAME", "BIRTHDATE", "SRANK", "DEPLOYMENTDATE", "SQUADNUMBER")
values (285787, 'Bobby Dixon', to_date('1978-03-18', 'YYYY-MM-DD'), 'Sergeant', to_date('2021-10-18', 'YYYY-MM-DD'), 612999);

insert into soldier ("PERSONALNUMBER", "SNAME", "BIRTHDATE", "SRANK", "DEPLOYMENTDATE", "SQUADNUMBER")
values (657699, 'Melissa Dalton', to_date('1987-09-13', 'YYYY-MM-DD'), 'Lieutenant', to_date('2023-09-15', 'YYYY-MM-DD'), 208147);

insert into soldier ("PERSONALNUMBER", "SNAME", "BIRTHDATE", "SRANK", "DEPLOYMENTDATE", "SQUADNUMBER")
values (998627, 'Kristopher Lee', to_date('1978-04-16', 'YYYY-MM-DD'), 'Major', to_date('2023-05-04', 'YYYY-MM-DD'), 848300);

insert into soldier ("PERSONALNUMBER", "SNAME", "BIRTHDATE", "SRANK", "DEPLOYMENTDATE", "SQUADNUMBER")
values (584660, 'Jonathan Blackwell', to_date('2004-03-21', 'YYYY-MM-DD'), 'Private', to_date('2019-11-28', 'YYYY-MM-DD'), 385177);

insert into soldier ("PERSONALNUMBER", "SNAME", "BIRTHDATE", "SRANK", "DEPLOYMENTDATE", "SQUADNUMBER")
values (571937, 'Brittany Rodriguez', to_date('2002-07-23', 'YYYY-MM-DD'), 'Captain', to_date('2021-06-01', 'YYYY-MM-DD'), 100555);

insert into soldier ("PERSONALNUMBER", "SNAME", "BIRTHDATE", "SRANK", "DEPLOYMENTDATE", "SQUADNUMBER")
values (276877, 'Dawn Page', to_date('2003-10-17', 'YYYY-MM-DD'), 'Corporal', to_date('2023-03-07', 'YYYY-MM-DD'), 885473);

insert into soldier ("PERSONALNUMBER", "SNAME", "BIRTHDATE", "SRANK", "DEPLOYMENTDATE", "SQUADNUMBER")
values (353276, 'Thomas Brady', to_date('1989-06-18', 'YYYY-MM-DD'), 'Captain', to_date('2019-11-17', 'YYYY-MM-DD'), 948666);

insert into soldier ("PERSONALNUMBER", "SNAME", "BIRTHDATE", "SRANK", "DEPLOYMENTDATE", "SQUADNUMBER")
values (327641, 'Jerry Morales', to_date('1975-11-13', 'YYYY-MM-DD'), 'Lieutenant', to_date('2020-04-27', 'YYYY-MM-DD'), 125583);

insert into soldier ("PERSONALNUMBER", "SNAME", "BIRTHDATE", "SRANK", "DEPLOYMENTDATE", "SQUADNUMBER")
values (631339, 'Lisa Cook', to_date('1999-05-23', 'YYYY-MM-DD'), 'Major', to_date('2020-03-26', 'YYYY-MM-DD'), 367780);

insert into soldier ("PERSONALNUMBER", "SNAME", "BIRTHDATE", "SRANK", "DEPLOYMENTDATE", "SQUADNUMBER")
values (149228, 'Rhonda Lewis', to_date('1994-02-06', 'YYYY-MM-DD'), 'Private', to_date('2021-07-15', 'YYYY-MM-DD'), 984622);

insert into soldier ("PERSONALNUMBER", "SNAME", "BIRTHDATE", "SRANK", "DEPLOYMENTDATE", "SQUADNUMBER")
values (279016, 'Phillip Tyler', to_date('1989-08-03', 'YYYY-MM-DD'), 'Major', to_date('2024-03-05', 'YYYY-MM-DD'), 662803);

insert into soldier ("PERSONALNUMBER", "SNAME", "BIRTHDATE", "SRANK", "DEPLOYMENTDATE", "SQUADNUMBER")
values (136529, 'Teresa Allen', to_date('1997-08-19', 'YYYY-MM-DD'), 'Lieutenant', to_date('2022-07-13', 'YYYY-MM-DD'), 494763);

insert into soldier ("PERSONALNUMBER", "SNAME", "BIRTHDATE", "SRANK", "DEPLOYMENTDATE", "SQUADNUMBER")
values (970716, 'Jasmine Smith', to_date('2006-06-23', 'YYYY-MM-DD'), 'General', to_date('2021-01-01', 'YYYY-MM-DD'), 442296);

insert into soldier ("PERSONALNUMBER", "SNAME", "BIRTHDATE", "SRANK", "DEPLOYMENTDATE", "SQUADNUMBER")
values (342935, 'Shannon Hahn', to_date('1996-05-22', 'YYYY-MM-DD'), 'Lieutenant', to_date('2019-10-25', 'YYYY-MM-DD'), 424296);

insert into soldier ("PERSONALNUMBER", "SNAME", "BIRTHDATE", "SRANK", "DEPLOYMENTDATE", "SQUADNUMBER")
values (340535, 'Matthew Owen', to_date('1982-05-31', 'YYYY-MM-DD'), 'Corporal', to_date('2020-03-22', 'YYYY-MM-DD'), 796940);

insert into soldier ("PERSONALNUMBER", "SNAME", "BIRTHDATE", "SRANK", "DEPLOYMENTDATE", "SQUADNUMBER")
values (497214, 'Jill Middleton', to_date('1975-04-25', 'YYYY-MM-DD'), 'Private', to_date('2021-01-04', 'YYYY-MM-DD'), 482210);

insert into soldier ("PERSONALNUMBER", "SNAME", "BIRTHDATE", "SRANK", "DEPLOYMENTDATE", "SQUADNUMBER")
values (291788, 'Ashley Lee', to_date('2005-07-30', 'YYYY-MM-DD'), 'Captain', to_date('2022-10-10', 'YYYY-MM-DD'), 214924);

insert into soldier ("PERSONALNUMBER", "SNAME", "BIRTHDATE", "SRANK", "DEPLOYMENTDATE", "SQUADNUMBER")
values (197916, 'Jay Donaldson', to_date('1991-04-08', 'YYYY-MM-DD'), 'Major', to_date('2020-08-26', 'YYYY-MM-DD'), 685246);

insert into soldier ("PERSONALNUMBER", "SNAME", "BIRTHDATE", "SRANK", "DEPLOYMENTDATE", "SQUADNUMBER")
values (914964, 'Grant Weaver', to_date('1988-03-15', 'YYYY-MM-DD'), 'Private', to_date('2022-11-06', 'YYYY-MM-DD'), 897879);

insert into soldier ("PERSONALNUMBER", "SNAME", "BIRTHDATE", "SRANK", "DEPLOYMENTDATE", "SQUADNUMBER")
values (648085, 'Jenna Long', to_date('1977-03-30', 'YYYY-MM-DD'), 'Lieutenant', to_date('2021-09-18', 'YYYY-MM-DD'), 385177);

insert into soldier ("PERSONALNUMBER", "SNAME", "BIRTHDATE", "SRANK", "DEPLOYMENTDATE", "SQUADNUMBER")
values (435007, 'Tracy Larson', to_date('1997-12-18', 'YYYY-MM-DD'), 'Colonel', to_date('2024-05-05', 'YYYY-MM-DD'), 205485);

insert into soldier ("PERSONALNUMBER", "SNAME", "BIRTHDATE", "SRANK", "DEPLOYMENTDATE", "SQUADNUMBER")
values (454905, 'Eric Terry', to_date('1998-04-15', 'YYYY-MM-DD'), 'Lieutenant', to_date('2023-07-21', 'YYYY-MM-DD'), 506757);

insert into soldier ("PERSONALNUMBER", "SNAME", "BIRTHDATE", "SRANK", "DEPLOYMENTDATE", "SQUADNUMBER")
values (722455, 'Melanie Mahoney', to_date('1984-08-20', 'YYYY-MM-DD'), 'Colonel', to_date('2023-04-15', 'YYYY-MM-DD'), 875092);

insert into soldier ("PERSONALNUMBER", "SNAME", "BIRTHDATE", "SRANK", "DEPLOYMENTDATE", "SQUADNUMBER")
values (770525, 'Brittany Melendez', to_date('1993-09-16', 'YYYY-MM-DD'), 'Colonel', to_date('2024-03-03', 'YYYY-MM-DD'), 297087);

insert into soldier ("PERSONALNUMBER", "SNAME", "BIRTHDATE", "SRANK", "DEPLOYMENTDATE", "SQUADNUMBER")
values (161235, 'Ethan Davis', to_date('2003-04-19', 'YYYY-MM-DD'), 'Corporal', to_date('2022-03-31', 'YYYY-MM-DD'), 697359);

insert into soldier ("PERSONALNUMBER", "SNAME", "BIRTHDATE", "SRANK", "DEPLOYMENTDATE", "SQUADNUMBER")
values (104777, 'James Cook', to_date('2000-02-16', 'YYYY-MM-DD'), 'Lieutenant', to_date('2021-03-31', 'YYYY-MM-DD'), 834714);

insert into soldier ("PERSONALNUMBER", "SNAME", "BIRTHDATE", "SRANK", "DEPLOYMENTDATE", "SQUADNUMBER")
values (941094, 'Sherri Green', to_date('2004-05-21', 'YYYY-MM-DD'), 'Lieutenant', to_date('2021-10-22', 'YYYY-MM-DD'), 553639);

insert into soldier ("PERSONALNUMBER", "SNAME", "BIRTHDATE", "SRANK", "DEPLOYMENTDATE", "SQUADNUMBER")
values (429417, 'Jaime Warner', to_date('1997-05-24', 'YYYY-MM-DD'), 'Major', to_date('2021-06-29', 'YYYY-MM-DD'), 864628);

insert into soldier ("PERSONALNUMBER", "SNAME", "BIRTHDATE", "SRANK", "DEPLOYMENTDATE", "SQUADNUMBER")
values (752430, 'Tiffany Fry', to_date('1974-07-14', 'YYYY-MM-DD'), 'Private', to_date('2021-08-19', 'YYYY-MM-DD'), 604410);

insert into soldier ("PERSONALNUMBER", "SNAME", "BIRTHDATE", "SRANK", "DEPLOYMENTDATE", "SQUADNUMBER")
values (642714, 'Heather Kelly', to_date('1998-09-24', 'YYYY-MM-DD'), 'Sergeant', to_date('2021-07-04', 'YYYY-MM-DD'), 934760);

insert into soldier ("PERSONALNUMBER", "SNAME", "BIRTHDATE", "SRANK", "DEPLOYMENTDATE", "SQUADNUMBER")
values (543674, 'Tina Alvarez', to_date('1974-04-26', 'YYYY-MM-DD'), 'Colonel', to_date('2023-12-06', 'YYYY-MM-DD'), 197290);

insert into soldier ("PERSONALNUMBER", "SNAME", "BIRTHDATE", "SRANK", "DEPLOYMENTDATE", "SQUADNUMBER")
values (378270, 'Jennifer Mills', to_date('1994-10-29', 'YYYY-MM-DD'), 'Major', to_date('2019-11-02', 'YYYY-MM-DD'), 790497);

insert into soldier ("PERSONALNUMBER", "SNAME", "BIRTHDATE", "SRANK", "DEPLOYMENTDATE", "SQUADNUMBER")
values (336219, 'Nancy Sherman', to_date('1984-08-01', 'YYYY-MM-DD'), 'Private', to_date('2020-11-26', 'YYYY-MM-DD'), 951993);

insert into soldier ("PERSONALNUMBER", "SNAME", "BIRTHDATE", "SRANK", "DEPLOYMENTDATE", "SQUADNUMBER")
values (456052, 'Jason Bowman', to_date('1997-12-07', 'YYYY-MM-DD'), 'Captain', to_date('2021-12-05', 'YYYY-MM-DD'), 199998);

insert into soldier ("PERSONALNUMBER", "SNAME", "BIRTHDATE", "SRANK", "DEPLOYMENTDATE", "SQUADNUMBER")
values (881618, 'Harold Hart', to_date('1973-11-10', 'YYYY-MM-DD'), 'Colonel', to_date('2024-04-07', 'YYYY-MM-DD'), 507025);

insert into soldier ("PERSONALNUMBER", "SNAME", "BIRTHDATE", "SRANK", "DEPLOYMENTDATE", "SQUADNUMBER")
values (979542, 'Luis Ferguson', to_date('2000-07-19', 'YYYY-MM-DD'), 'Sergeant', to_date('2020-02-10', 'YYYY-MM-DD'), 710896);

insert into soldier ("PERSONALNUMBER", "SNAME", "BIRTHDATE", "SRANK", "DEPLOYMENTDATE", "SQUADNUMBER")
values (928999, 'Jasmin Cruz', to_date('2002-05-15', 'YYYY-MM-DD'), 'Corporal', to_date('2021-08-03', 'YYYY-MM-DD'), 817341);

insert into soldier ("PERSONALNUMBER", "SNAME", "BIRTHDATE", "SRANK", "DEPLOYMENTDATE", "SQUADNUMBER")
values (992503, 'Matthew Smith', to_date('2003-09-27', 'YYYY-MM-DD'), 'Corporal', to_date('2021-06-18', 'YYYY-MM-DD'), 260531);

insert into soldier ("PERSONALNUMBER", "SNAME", "BIRTHDATE", "SRANK", "DEPLOYMENTDATE", "SQUADNUMBER")
values (136534, 'Mr. Russell Mays', to_date('2004-11-18', 'YYYY-MM-DD'), 'Lieutenant', to_date('2022-02-01', 'YYYY-MM-DD'), 708510);

insert into soldier ("PERSONALNUMBER", "SNAME", "BIRTHDATE", "SRANK", "DEPLOYMENTDATE", "SQUADNUMBER")
values (839336, 'Robert Turner', to_date('2005-12-09', 'YYYY-MM-DD'), 'Major', to_date('2019-07-23', 'YYYY-MM-DD'), 739301);

insert into soldier ("PERSONALNUMBER", "SNAME", "BIRTHDATE", "SRANK", "DEPLOYMENTDATE", "SQUADNUMBER")
values (308156, 'Andrew Solis', to_date('1979-11-20', 'YYYY-MM-DD'), 'Captain', to_date('2023-05-16', 'YYYY-MM-DD'), 632479);

insert into soldier ("PERSONALNUMBER", "SNAME", "BIRTHDATE", "SRANK", "DEPLOYMENTDATE", "SQUADNUMBER")
values (923348, 'Mrs. Theresa Grant', to_date('1986-04-04', 'YYYY-MM-DD'), 'Corporal', to_date('2020-02-09', 'YYYY-MM-DD'), 216751);

insert into soldier ("PERSONALNUMBER", "SNAME", "BIRTHDATE", "SRANK", "DEPLOYMENTDATE", "SQUADNUMBER")
values (207896, 'Amanda Kelley', to_date('1978-02-10', 'YYYY-MM-DD'), 'Major', to_date('2019-10-17', 'YYYY-MM-DD'), 937835);

insert into soldier ("PERSONALNUMBER", "SNAME", "BIRTHDATE", "SRANK", "DEPLOYMENTDATE", "SQUADNUMBER")
values (220063, 'Douglas Solomon', to_date('1983-04-15', 'YYYY-MM-DD'), 'Corporal', to_date('2020-04-29', 'YYYY-MM-DD'), 291594);

insert into soldier ("PERSONALNUMBER", "SNAME", "BIRTHDATE", "SRANK", "DEPLOYMENTDATE", "SQUADNUMBER")
values (589851, 'Rhonda Joseph', to_date('2002-10-06', 'YYYY-MM-DD'), 'Sergeant', to_date('2022-02-10', 'YYYY-MM-DD'), 739055);

insert into soldier ("PERSONALNUMBER", "SNAME", "BIRTHDATE", "SRANK", "DEPLOYMENTDATE", "SQUADNUMBER")
values (886374, 'Jacob Hammond', to_date('1977-02-22', 'YYYY-MM-DD'), 'Colonel', to_date('2021-09-13', 'YYYY-MM-DD'), 833855);

insert into soldier ("PERSONALNUMBER", "SNAME", "BIRTHDATE", "SRANK", "DEPLOYMENTDATE", "SQUADNUMBER")
values (406296, 'Matthew Hurley', to_date('1998-08-02', 'YYYY-MM-DD'), 'Corporal', to_date('2019-10-24', 'YYYY-MM-DD'), 197290);

insert into soldier ("PERSONALNUMBER", "SNAME", "BIRTHDATE", "SRANK", "DEPLOYMENTDATE", "SQUADNUMBER")
values (579026, 'Joanna Smith', to_date('1985-02-09', 'YYYY-MM-DD'), 'Major', to_date('2020-04-06', 'YYYY-MM-DD'), 629903);

insert into soldier ("PERSONALNUMBER", "SNAME", "BIRTHDATE", "SRANK", "DEPLOYMENTDATE", "SQUADNUMBER")
values (718080, 'Jordan Sharp', to_date('1974-09-02', 'YYYY-MM-DD'), 'Corporal', to_date('2020-07-29', 'YYYY-MM-DD'), 752839);

insert into soldier ("PERSONALNUMBER", "SNAME", "BIRTHDATE", "SRANK", "DEPLOYMENTDATE", "SQUADNUMBER")
values (393297, 'Andrew Mcintosh', to_date('1997-09-14', 'YYYY-MM-DD'), 'Major', to_date('2024-01-19', 'YYYY-MM-DD'), 737672);

insert into soldier ("PERSONALNUMBER", "SNAME", "BIRTHDATE", "SRANK", "DEPLOYMENTDATE", "SQUADNUMBER")
values (325554, 'Dr. Richard Savage DDS', to_date('2002-12-25', 'YYYY-MM-DD'), 'General', to_date('2021-03-08', 'YYYY-MM-DD'), 175750);

insert into soldier ("PERSONALNUMBER", "SNAME", "BIRTHDATE", "SRANK", "DEPLOYMENTDATE", "SQUADNUMBER")
values (675827, 'Lori Weaver MD', to_date('1980-08-27', 'YYYY-MM-DD'), 'Colonel', to_date('2021-08-03', 'YYYY-MM-DD'), 616883);

insert into soldier ("PERSONALNUMBER", "SNAME", "BIRTHDATE", "SRANK", "DEPLOYMENTDATE", "SQUADNUMBER")
values (353581, 'Christopher Howard', to_date('1985-10-14', 'YYYY-MM-DD'), 'Major', to_date('2023-09-14', 'YYYY-MM-DD'), 858564);

insert into soldier ("PERSONALNUMBER", "SNAME", "BIRTHDATE", "SRANK", "DEPLOYMENTDATE", "SQUADNUMBER")
values (318503, 'Beth Flores', to_date('1979-06-01', 'YYYY-MM-DD'), 'Corporal', to_date('2020-10-22', 'YYYY-MM-DD'), 704546);

insert into soldier ("PERSONALNUMBER", "SNAME", "BIRTHDATE", "SRANK", "DEPLOYMENTDATE", "SQUADNUMBER")
values (780669, 'Mr. Corey Costa', to_date('2002-01-06', 'YYYY-MM-DD'), 'Sergeant', to_date('2023-11-22', 'YYYY-MM-DD'), 945270);

insert into soldier ("PERSONALNUMBER", "SNAME", "BIRTHDATE", "SRANK", "DEPLOYMENTDATE", "SQUADNUMBER")
values (787345, 'Ryan Garcia', to_date('2002-06-15', 'YYYY-MM-DD'), 'Major', to_date('2023-05-16', 'YYYY-MM-DD'), 860225);

insert into soldier ("PERSONALNUMBER", "SNAME", "BIRTHDATE", "SRANK", "DEPLOYMENTDATE", "SQUADNUMBER")
values (396313, 'James Fisher', to_date('1978-07-28', 'YYYY-MM-DD'), 'Private', to_date('2024-02-09', 'YYYY-MM-DD'), 790171);

insert into soldier ("PERSONALNUMBER", "SNAME", "BIRTHDATE", "SRANK", "DEPLOYMENTDATE", "SQUADNUMBER")
values (999782, 'Carlos Meyer', to_date('1985-10-19', 'YYYY-MM-DD'), 'Colonel', to_date('2020-06-02', 'YYYY-MM-DD'), 560969);

insert into soldier ("PERSONALNUMBER", "SNAME", "BIRTHDATE", "SRANK", "DEPLOYMENTDATE", "SQUADNUMBER")
values (694103, 'Lucas Smith', to_date('1977-07-27', 'YYYY-MM-DD'), 'General', to_date('2020-11-23', 'YYYY-MM-DD'), 287530);

insert into soldier ("PERSONALNUMBER", "SNAME", "BIRTHDATE", "SRANK", "DEPLOYMENTDATE", "SQUADNUMBER")
values (482970, 'Kara Gonzalez', to_date('1997-09-17', 'YYYY-MM-DD'), 'General', to_date('2022-12-20', 'YYYY-MM-DD'), 405037);

insert into soldier ("PERSONALNUMBER", "SNAME", "BIRTHDATE", "SRANK", "DEPLOYMENTDATE", "SQUADNUMBER")
values (615862, 'Todd Jackson', to_date('1979-06-06', 'YYYY-MM-DD'), 'Captain', to_date('2021-06-02', 'YYYY-MM-DD'), 641897);

insert into soldier ("PERSONALNUMBER", "SNAME", "BIRTHDATE", "SRANK", "DEPLOYMENTDATE", "SQUADNUMBER")
values (708405, 'Valerie Maldonado', to_date('1987-10-08', 'YYYY-MM-DD'), 'General', to_date('2023-03-12', 'YYYY-MM-DD'), 999571);

insert into soldier ("PERSONALNUMBER", "SNAME", "BIRTHDATE", "SRANK", "DEPLOYMENTDATE", "SQUADNUMBER")
values (616405, 'Michael Harper', to_date('1980-05-19', 'YYYY-MM-DD'), 'Colonel', to_date('2019-07-26', 'YYYY-MM-DD'), 432608);

insert into soldier ("PERSONALNUMBER", "SNAME", "BIRTHDATE", "SRANK", "DEPLOYMENTDATE", "SQUADNUMBER")
values (536663, 'Justin Fernandez', to_date('1983-08-16', 'YYYY-MM-DD'), 'Captain', to_date('2019-09-29', 'YYYY-MM-DD'), 635160);

insert into soldier ("PERSONALNUMBER", "SNAME", "BIRTHDATE", "SRANK", "DEPLOYMENTDATE", "SQUADNUMBER")
values (291288, 'Rachel Ferguson', to_date('1994-08-07', 'YYYY-MM-DD'), 'Corporal', to_date('2024-01-19', 'YYYY-MM-DD'), 866458);

insert into soldier ("PERSONALNUMBER", "SNAME", "BIRTHDATE", "SRANK", "DEPLOYMENTDATE", "SQUADNUMBER")
values (660956, 'Tammie Watson', to_date('1990-09-24', 'YYYY-MM-DD'), 'Major', to_date('2023-05-16', 'YYYY-MM-DD'), 875092);

insert into soldier ("PERSONALNUMBER", "SNAME", "BIRTHDATE", "SRANK", "DEPLOYMENTDATE", "SQUADNUMBER")
values (842809, 'Ashley Jones', to_date('1992-04-06', 'YYYY-MM-DD'), 'Lieutenant', to_date('2020-03-22', 'YYYY-MM-DD'), 231112);

insert into soldier ("PERSONALNUMBER", "SNAME", "BIRTHDATE", "SRANK", "DEPLOYMENTDATE", "SQUADNUMBER")
values (945336, 'Nicholas Fischer', to_date('2000-04-30', 'YYYY-MM-DD'), 'Captain', to_date('2020-12-28', 'YYYY-MM-DD'), 553551);

insert into soldier ("PERSONALNUMBER", "SNAME", "BIRTHDATE", "SRANK", "DEPLOYMENTDATE", "SQUADNUMBER")
values (546180, 'Trevor Brown', to_date('1984-02-16', 'YYYY-MM-DD'), 'Lieutenant', to_date('2021-09-20', 'YYYY-MM-DD'), 611008);

insert into soldier ("PERSONALNUMBER", "SNAME", "BIRTHDATE", "SRANK", "DEPLOYMENTDATE", "SQUADNUMBER")
values (667946, 'Casey Heath', to_date('1977-02-20', 'YYYY-MM-DD'), 'General', to_date('2023-07-30', 'YYYY-MM-DD'), 933601);

insert into soldier ("PERSONALNUMBER", "SNAME", "BIRTHDATE", "SRANK", "DEPLOYMENTDATE", "SQUADNUMBER")
values (167544, 'Robert Webster', to_date('1987-11-10', 'YYYY-MM-DD'), 'Captain', to_date('2023-01-04', 'YYYY-MM-DD'), 818785);

insert into soldier ("PERSONALNUMBER", "SNAME", "BIRTHDATE", "SRANK", "DEPLOYMENTDATE", "SQUADNUMBER")
values (130504, 'Jeremy Lee', to_date('1980-10-25', 'YYYY-MM-DD'), 'Private', to_date('2021-02-11', 'YYYY-MM-DD'), 702928);

insert into soldier ("PERSONALNUMBER", "SNAME", "BIRTHDATE", "SRANK", "DEPLOYMENTDATE", "SQUADNUMBER")
values (138167, 'Cheryl Valenzuela', to_date('1994-09-24', 'YYYY-MM-DD'), 'Major', to_date('2024-06-15', 'YYYY-MM-DD'), 639437);

insert into soldier ("PERSONALNUMBER", "SNAME", "BIRTHDATE", "SRANK", "DEPLOYMENTDATE", "SQUADNUMBER")
values (305094, 'Richard Williams', to_date('1985-11-17', 'YYYY-MM-DD'), 'Corporal', to_date('2020-05-17', 'YYYY-MM-DD'), 757248);

insert into soldier ("PERSONALNUMBER", "SNAME", "BIRTHDATE", "SRANK", "DEPLOYMENTDATE", "SQUADNUMBER")
values (177114, 'Mr. Matthew Myers', to_date('1991-09-16', 'YYYY-MM-DD'), 'Major', to_date('2023-01-22', 'YYYY-MM-DD'), 819239);

insert into soldier ("PERSONALNUMBER", "SNAME", "BIRTHDATE", "SRANK", "DEPLOYMENTDATE", "SQUADNUMBER")
values (713919, 'Claire Johnson', to_date('1993-08-19', 'YYYY-MM-DD'), 'Lieutenant', to_date('2020-03-04', 'YYYY-MM-DD'), 389212);

insert into soldier ("PERSONALNUMBER", "SNAME", "BIRTHDATE", "SRANK", "DEPLOYMENTDATE", "SQUADNUMBER")
values (760878, 'Angela Keller', to_date('1988-06-18', 'YYYY-MM-DD'), 'Lieutenant', to_date('2021-11-20', 'YYYY-MM-DD'), 487294);

insert into soldier ("PERSONALNUMBER", "SNAME", "BIRTHDATE", "SRANK", "DEPLOYMENTDATE", "SQUADNUMBER")
values (494607, 'Lauren Roach', to_date('2002-07-14', 'YYYY-MM-DD'), 'Captain', to_date('2021-11-19', 'YYYY-MM-DD'), 741740);

insert into soldier ("PERSONALNUMBER", "SNAME", "BIRTHDATE", "SRANK", "DEPLOYMENTDATE", "SQUADNUMBER")
values (621564, 'Mr. Brandon Gillespie', to_date('1992-04-27', 'YYYY-MM-DD'), 'Private', to_date('2023-07-18', 'YYYY-MM-DD'), 544107);

insert into soldier ("PERSONALNUMBER", "SNAME", "BIRTHDATE", "SRANK", "DEPLOYMENTDATE", "SQUADNUMBER")
values (523362, 'Stephanie Fuller', to_date('1993-02-15', 'YYYY-MM-DD'), 'Colonel', to_date('2024-04-25', 'YYYY-MM-DD'), 875312);

insert into soldier ("PERSONALNUMBER", "SNAME", "BIRTHDATE", "SRANK", "DEPLOYMENTDATE", "SQUADNUMBER")
values (954208, 'Anita Brown', to_date('1978-02-08', 'YYYY-MM-DD'), 'Corporal', to_date('2021-09-09', 'YYYY-MM-DD'), 107280);

insert into soldier ("PERSONALNUMBER", "SNAME", "BIRTHDATE", "SRANK", "DEPLOYMENTDATE", "SQUADNUMBER")
values (536659, 'Courtney Harris', to_date('1977-11-09', 'YYYY-MM-DD'), 'Captain', to_date('2024-01-05', 'YYYY-MM-DD'), 841460);

insert into soldier ("PERSONALNUMBER", "SNAME", "BIRTHDATE", "SRANK", "DEPLOYMENTDATE", "SQUADNUMBER")
values (806120, 'Kevin Oconnell', to_date('2003-08-13', 'YYYY-MM-DD'), 'Colonel', to_date('2021-10-26', 'YYYY-MM-DD'), 217319);

insert into soldier ("PERSONALNUMBER", "SNAME", "BIRTHDATE", "SRANK", "DEPLOYMENTDATE", "SQUADNUMBER")
values (146673, 'Kimberly Ryan', to_date('1995-01-08', 'YYYY-MM-DD'), 'Captain', to_date('2021-12-18', 'YYYY-MM-DD'), 397754);

insert into soldier ("PERSONALNUMBER", "SNAME", "BIRTHDATE", "SRANK", "DEPLOYMENTDATE", "SQUADNUMBER")
values (829380, 'Stephanie Gould', to_date('1988-03-11', 'YYYY-MM-DD'), 'Sergeant', to_date('2023-11-17', 'YYYY-MM-DD'), 582506);

insert into soldier ("PERSONALNUMBER", "SNAME", "BIRTHDATE", "SRANK", "DEPLOYMENTDATE", "SQUADNUMBER")
values (464339, 'Joe Conrad', to_date('1978-05-25', 'YYYY-MM-DD'), 'Colonel', to_date('2022-05-25', 'YYYY-MM-DD'), 553639);

commit;

insert into soldier ("PERSONALNUMBER", "SNAME", "BIRTHDATE", "SRANK", "DEPLOYMENTDATE", "SQUADNUMBER")
values (765213, 'Chad Ho', to_date('1996-11-01', 'YYYY-MM-DD'), 'Lieutenant', to_date('2023-04-15', 'YYYY-MM-DD'), 951993);

insert into soldier ("PERSONALNUMBER", "SNAME", "BIRTHDATE", "SRANK", "DEPLOYMENTDATE", "SQUADNUMBER")
values (336514, 'Zachary Brown', to_date('1980-02-20', 'YYYY-MM-DD'), 'Lieutenant', to_date('2024-05-25', 'YYYY-MM-DD'), 451076);

insert into soldier ("PERSONALNUMBER", "SNAME", "BIRTHDATE", "SRANK", "DEPLOYMENTDATE", "SQUADNUMBER")
values (144025, 'Adam Meza', to_date('1980-11-28', 'YYYY-MM-DD'), 'Private', to_date('2020-11-10', 'YYYY-MM-DD'), 775720);

insert into soldier ("PERSONALNUMBER", "SNAME", "BIRTHDATE", "SRANK", "DEPLOYMENTDATE", "SQUADNUMBER")
values (600390, 'Daniel Perry', to_date('1983-04-24', 'YYYY-MM-DD'), 'Major', to_date('2022-08-21', 'YYYY-MM-DD'), 500296);

insert into soldier ("PERSONALNUMBER", "SNAME", "BIRTHDATE", "SRANK", "DEPLOYMENTDATE", "SQUADNUMBER")
values (165844, 'Jonathon Alexander', to_date('1978-10-08', 'YYYY-MM-DD'), 'Lieutenant', to_date('2020-11-29', 'YYYY-MM-DD'), 166786);

insert into soldier ("PERSONALNUMBER", "SNAME", "BIRTHDATE", "SRANK", "DEPLOYMENTDATE", "SQUADNUMBER")
values (679374, 'Kayla Elliott', to_date('1983-01-02', 'YYYY-MM-DD'), 'Sergeant', to_date('2024-05-19', 'YYYY-MM-DD'), 548925);

insert into soldier ("PERSONALNUMBER", "SNAME", "BIRTHDATE", "SRANK", "DEPLOYMENTDATE", "SQUADNUMBER")
values (421380, 'Heather Newman', to_date('2004-11-20', 'YYYY-MM-DD'), 'Lieutenant', to_date('2024-06-03', 'YYYY-MM-DD'), 902505);

insert into soldier ("PERSONALNUMBER", "SNAME", "BIRTHDATE", "SRANK", "DEPLOYMENTDATE", "SQUADNUMBER")
values (474874, 'Kristen Hendrix', to_date('1986-05-13', 'YYYY-MM-DD'), 'Colonel', to_date('2019-12-18', 'YYYY-MM-DD'), 968879);

insert into soldier ("PERSONALNUMBER", "SNAME", "BIRTHDATE", "SRANK", "DEPLOYMENTDATE", "SQUADNUMBER")
values (472162, 'Peter Parker', to_date('1984-12-15', 'YYYY-MM-DD'), 'Lieutenant', to_date('2022-06-03', 'YYYY-MM-DD'), 459601);

insert into soldier ("PERSONALNUMBER", "SNAME", "BIRTHDATE", "SRANK", "DEPLOYMENTDATE", "SQUADNUMBER")
values (609510, 'Shawn Martinez', to_date('1985-04-13', 'YYYY-MM-DD'), 'Captain', to_date('2021-12-25', 'YYYY-MM-DD'), 796940);

insert into soldier ("PERSONALNUMBER", "SNAME", "BIRTHDATE", "SRANK", "DEPLOYMENTDATE", "SQUADNUMBER")
values (303092, 'Ashley Goodwin', to_date('1994-02-05', 'YYYY-MM-DD'), 'Colonel', to_date('2022-01-10', 'YYYY-MM-DD'), 400274);

insert into soldier ("PERSONALNUMBER", "SNAME", "BIRTHDATE", "SRANK", "DEPLOYMENTDATE", "SQUADNUMBER")
values (148401, 'Paul Brown', to_date('1986-11-29', 'YYYY-MM-DD'), 'Colonel', to_date('2022-09-07', 'YYYY-MM-DD'), 104715);

insert into soldier ("PERSONALNUMBER", "SNAME", "BIRTHDATE", "SRANK", "DEPLOYMENTDATE", "SQUADNUMBER")
values (464491, 'Ronald Shaw', to_date('1998-08-04', 'YYYY-MM-DD'), 'Private', to_date('2021-11-30', 'YYYY-MM-DD'), 834714);

insert into soldier ("PERSONALNUMBER", "SNAME", "BIRTHDATE", "SRANK", "DEPLOYMENTDATE", "SQUADNUMBER")
values (450694, 'Melinda Ferguson', to_date('1987-06-24', 'YYYY-MM-DD'), 'General', to_date('2023-07-18', 'YYYY-MM-DD'), 745840);

insert into soldier ("PERSONALNUMBER", "SNAME", "BIRTHDATE", "SRANK", "DEPLOYMENTDATE", "SQUADNUMBER")
values (447289, 'Jesus Davenport', to_date('1992-05-09', 'YYYY-MM-DD'), 'Captain', to_date('2020-04-25', 'YYYY-MM-DD'), 175548);

insert into soldier ("PERSONALNUMBER", "SNAME", "BIRTHDATE", "SRANK", "DEPLOYMENTDATE", "SQUADNUMBER")
values (907555, 'Adam Martin', to_date('1993-03-03', 'YYYY-MM-DD'), 'General', to_date('2022-10-05', 'YYYY-MM-DD'), 902505);

insert into soldier ("PERSONALNUMBER", "SNAME", "BIRTHDATE", "SRANK", "DEPLOYMENTDATE", "SQUADNUMBER")
values (455836, 'Lawrence Mason', to_date('1998-11-20', 'YYYY-MM-DD'), 'Corporal', to_date('2021-01-31', 'YYYY-MM-DD'), 286568);

insert into soldier ("PERSONALNUMBER", "SNAME", "BIRTHDATE", "SRANK", "DEPLOYMENTDATE", "SQUADNUMBER")
values (294118, 'Gary Carpenter', to_date('1995-01-08', 'YYYY-MM-DD'), 'Lieutenant', to_date('2020-05-07', 'YYYY-MM-DD'), 627050);

insert into soldier ("PERSONALNUMBER", "SNAME", "BIRTHDATE", "SRANK", "DEPLOYMENTDATE", "SQUADNUMBER")
values (306638, 'Elizabeth Combs', to_date('1980-07-04', 'YYYY-MM-DD'), 'General', to_date('2020-09-01', 'YYYY-MM-DD'), 323027);

insert into soldier ("PERSONALNUMBER", "SNAME", "BIRTHDATE", "SRANK", "DEPLOYMENTDATE", "SQUADNUMBER")
values (354260, 'Todd Leonard', to_date('1983-11-04', 'YYYY-MM-DD'), 'Colonel', to_date('2021-09-06', 'YYYY-MM-DD'), 785686);

insert into soldier ("PERSONALNUMBER", "SNAME", "BIRTHDATE", "SRANK", "DEPLOYMENTDATE", "SQUADNUMBER")
values (415645, 'Jason Rollins', to_date('1997-06-18', 'YYYY-MM-DD'), 'Private', to_date('2023-12-07', 'YYYY-MM-DD'), 917442);

insert into soldier ("PERSONALNUMBER", "SNAME", "BIRTHDATE", "SRANK", "DEPLOYMENTDATE", "SQUADNUMBER")
values (734985, 'Laura Cole', to_date('1992-06-04', 'YYYY-MM-DD'), 'Major', to_date('2022-06-26', 'YYYY-MM-DD'), 602088);

insert into soldier ("PERSONALNUMBER", "SNAME", "BIRTHDATE", "SRANK", "DEPLOYMENTDATE", "SQUADNUMBER")
values (324831, 'Steven Wilkerson', to_date('1995-04-01', 'YYYY-MM-DD'), 'Colonel', to_date('2020-03-23', 'YYYY-MM-DD'), 747973);

insert into soldier ("PERSONALNUMBER", "SNAME", "BIRTHDATE", "SRANK", "DEPLOYMENTDATE", "SQUADNUMBER")
values (206611, 'Melissa Moore', to_date('1973-07-31', 'YYYY-MM-DD'), 'Lieutenant', to_date('2022-02-27', 'YYYY-MM-DD'), 277857);

insert into soldier ("PERSONALNUMBER", "SNAME", "BIRTHDATE", "SRANK", "DEPLOYMENTDATE", "SQUADNUMBER")
values (993851, 'Ronald Rogers', to_date('1974-08-18', 'YYYY-MM-DD'), 'Lieutenant', to_date('2021-09-02', 'YYYY-MM-DD'), 405037);

insert into soldier ("PERSONALNUMBER", "SNAME", "BIRTHDATE", "SRANK", "DEPLOYMENTDATE", "SQUADNUMBER")
values (496014, 'Fernando Lee', to_date('1994-05-22', 'YYYY-MM-DD'), 'Captain', to_date('2022-10-18', 'YYYY-MM-DD'), 392877);

insert into soldier ("PERSONALNUMBER", "SNAME", "BIRTHDATE", "SRANK", "DEPLOYMENTDATE", "SQUADNUMBER")
values (247368, 'Jamie Houston', to_date('1985-10-20', 'YYYY-MM-DD'), 'Corporal', to_date('2023-04-22', 'YYYY-MM-DD'), 226977);

insert into soldier ("PERSONALNUMBER", "SNAME", "BIRTHDATE", "SRANK", "DEPLOYMENTDATE", "SQUADNUMBER")
values (370886, 'Joseph Miller', to_date('2000-07-11', 'YYYY-MM-DD'), 'General', to_date('2020-08-27', 'YYYY-MM-DD'), 943378);

insert into soldier ("PERSONALNUMBER", "SNAME", "BIRTHDATE", "SRANK", "DEPLOYMENTDATE", "SQUADNUMBER")
values (303095, 'April Myers', to_date('1980-10-24', 'YYYY-MM-DD'), 'General', to_date('2019-10-22', 'YYYY-MM-DD'), 548404);

insert into soldier ("PERSONALNUMBER", "SNAME", "BIRTHDATE", "SRANK", "DEPLOYMENTDATE", "SQUADNUMBER")
values (568481, 'Michael Ward', to_date('1999-03-10', 'YYYY-MM-DD'), 'Lieutenant', to_date('2022-12-14', 'YYYY-MM-DD'), 738482);

insert into soldier ("PERSONALNUMBER", "SNAME", "BIRTHDATE", "SRANK", "DEPLOYMENTDATE", "SQUADNUMBER")
values (751900, 'Alan Moore', to_date('1979-09-28', 'YYYY-MM-DD'), 'Private', to_date('2022-05-12', 'YYYY-MM-DD'), 127068);

insert into soldier ("PERSONALNUMBER", "SNAME", "BIRTHDATE", "SRANK", "DEPLOYMENTDATE", "SQUADNUMBER")
values (463260, 'Kathy Valencia', to_date('1992-01-14', 'YYYY-MM-DD'), 'General', to_date('2020-01-02', 'YYYY-MM-DD'), 790171);

insert into soldier ("PERSONALNUMBER", "SNAME", "BIRTHDATE", "SRANK", "DEPLOYMENTDATE", "SQUADNUMBER")
values (673180, 'Rebecca George', to_date('1981-11-12', 'YYYY-MM-DD'), 'Sergeant', to_date('2020-09-04', 'YYYY-MM-DD'), 661331);

insert into soldier ("PERSONALNUMBER", "SNAME", "BIRTHDATE", "SRANK", "DEPLOYMENTDATE", "SQUADNUMBER")
values (834199, 'Kayla Martin', to_date('1986-01-26', 'YYYY-MM-DD'), 'Major', to_date('2023-03-19', 'YYYY-MM-DD'), 237701);

insert into soldier ("PERSONALNUMBER", "SNAME", "BIRTHDATE", "SRANK", "DEPLOYMENTDATE", "SQUADNUMBER")
values (287951, 'Nancy Terrell', to_date('1992-05-26', 'YYYY-MM-DD'), 'General', to_date('2020-10-01', 'YYYY-MM-DD'), 811883);

insert into soldier ("PERSONALNUMBER", "SNAME", "BIRTHDATE", "SRANK", "DEPLOYMENTDATE", "SQUADNUMBER")
values (703247, 'Mary Myers', to_date('1983-09-25', 'YYYY-MM-DD'), 'Major', to_date('2019-09-24', 'YYYY-MM-DD'), 797936);

insert into soldier ("PERSONALNUMBER", "SNAME", "BIRTHDATE", "SRANK", "DEPLOYMENTDATE", "SQUADNUMBER")
values (319924, 'James Hood', to_date('2002-03-13', 'YYYY-MM-DD'), 'Major', to_date('2024-04-23', 'YYYY-MM-DD'), 737672);

insert into soldier ("PERSONALNUMBER", "SNAME", "BIRTHDATE", "SRANK", "DEPLOYMENTDATE", "SQUADNUMBER")
values (585009, 'Benjamin Dunn', to_date('2002-11-23', 'YYYY-MM-DD'), 'Private', to_date('2024-01-05', 'YYYY-MM-DD'), 810631);

insert into soldier ("PERSONALNUMBER", "SNAME", "BIRTHDATE", "SRANK", "DEPLOYMENTDATE", "SQUADNUMBER")
values (715340, 'Daniel Chambers', to_date('2002-09-16', 'YYYY-MM-DD'), 'Lieutenant', to_date('2021-06-17', 'YYYY-MM-DD'), 132930);

insert into soldier ("PERSONALNUMBER", "SNAME", "BIRTHDATE", "SRANK", "DEPLOYMENTDATE", "SQUADNUMBER")
values (722883, 'Robert Fischer', to_date('1995-07-02', 'YYYY-MM-DD'), 'General', to_date('2024-01-06', 'YYYY-MM-DD'), 407094);

insert into soldier ("PERSONALNUMBER", "SNAME", "BIRTHDATE", "SRANK", "DEPLOYMENTDATE", "SQUADNUMBER")
values (560376, 'Robert Sanchez', to_date('1992-07-03', 'YYYY-MM-DD'), 'Captain', to_date('2020-01-07', 'YYYY-MM-DD'), 650883);

insert into soldier ("PERSONALNUMBER", "SNAME", "BIRTHDATE", "SRANK", "DEPLOYMENTDATE", "SQUADNUMBER")
values (561076, 'Michael Wood', to_date('2000-12-25', 'YYYY-MM-DD'), 'Corporal', to_date('2020-06-17', 'YYYY-MM-DD'), 504150);

insert into soldier ("PERSONALNUMBER", "SNAME", "BIRTHDATE", "SRANK", "DEPLOYMENTDATE", "SQUADNUMBER")
values (447585, 'Emma Barnes', to_date('2006-06-16', 'YYYY-MM-DD'), 'Captain', to_date('2020-03-28', 'YYYY-MM-DD'), 819509);

insert into soldier ("PERSONALNUMBER", "SNAME", "BIRTHDATE", "SRANK", "DEPLOYMENTDATE", "SQUADNUMBER")
values (704700, 'Brian Mack', to_date('1984-01-13', 'YYYY-MM-DD'), 'Captain', to_date('2020-01-11', 'YYYY-MM-DD'), 784280);

insert into soldier ("PERSONALNUMBER", "SNAME", "BIRTHDATE", "SRANK", "DEPLOYMENTDATE", "SQUADNUMBER")
values (620821, 'Dakota Thomas', to_date('1991-02-23', 'YYYY-MM-DD'), 'Private', to_date('2022-06-18', 'YYYY-MM-DD'), 984622);

insert into soldier ("PERSONALNUMBER", "SNAME", "BIRTHDATE", "SRANK", "DEPLOYMENTDATE", "SQUADNUMBER")
values (275431, 'Jared Bell', to_date('1996-06-09', 'YYYY-MM-DD'), 'Colonel', to_date('2022-01-03', 'YYYY-MM-DD'), 422116);

insert into soldier ("PERSONALNUMBER", "SNAME", "BIRTHDATE", "SRANK", "DEPLOYMENTDATE", "SQUADNUMBER")
values (342699, 'Dakota Clarke', to_date('1981-09-24', 'YYYY-MM-DD'), 'Corporal', to_date('2021-06-29', 'YYYY-MM-DD'), 560969);

insert into soldier ("PERSONALNUMBER", "SNAME", "BIRTHDATE", "SRANK", "DEPLOYMENTDATE", "SQUADNUMBER")
values (280581, 'Caitlyn Morgan', to_date('2006-03-13', 'YYYY-MM-DD'), 'Colonel', to_date('2021-06-23', 'YYYY-MM-DD'), 259767);

insert into soldier ("PERSONALNUMBER", "SNAME", "BIRTHDATE", "SRANK", "DEPLOYMENTDATE", "SQUADNUMBER")
values (987993, 'Kenneth Ross', to_date('1993-11-18', 'YYYY-MM-DD'), 'Corporal', to_date('2019-09-14', 'YYYY-MM-DD'), 745840);

insert into soldier ("PERSONALNUMBER", "SNAME", "BIRTHDATE", "SRANK", "DEPLOYMENTDATE", "SQUADNUMBER")
values (942281, 'Donna Farrell', to_date('1990-11-20', 'YYYY-MM-DD'), 'Colonel', to_date('2024-06-19', 'YYYY-MM-DD'), 417557);

insert into soldier ("PERSONALNUMBER", "SNAME", "BIRTHDATE", "SRANK", "DEPLOYMENTDATE", "SQUADNUMBER")
values (822160, 'Billy Perry', to_date('1977-09-06', 'YYYY-MM-DD'), 'Major', to_date('2022-04-07', 'YYYY-MM-DD'), 604999);

insert into soldier ("PERSONALNUMBER", "SNAME", "BIRTHDATE", "SRANK", "DEPLOYMENTDATE", "SQUADNUMBER")
values (516569, 'Robert Floyd', to_date('1976-10-24', 'YYYY-MM-DD'), 'Sergeant', to_date('2021-07-26', 'YYYY-MM-DD'), 546692);

insert into soldier ("PERSONALNUMBER", "SNAME", "BIRTHDATE", "SRANK", "DEPLOYMENTDATE", "SQUADNUMBER")
values (866129, 'Sheila Benjamin', to_date('1999-08-10', 'YYYY-MM-DD'), 'Lieutenant', to_date('2021-03-03', 'YYYY-MM-DD'), 610550);

insert into soldier ("PERSONALNUMBER", "SNAME", "BIRTHDATE", "SRANK", "DEPLOYMENTDATE", "SQUADNUMBER")
values (461175, 'Jeremy Anderson', to_date('1986-08-31', 'YYYY-MM-DD'), 'General', to_date('2019-10-31', 'YYYY-MM-DD'), 656386);

insert into soldier ("PERSONALNUMBER", "SNAME", "BIRTHDATE", "SRANK", "DEPLOYMENTDATE", "SQUADNUMBER")
values (623160, 'Anne Goodman', to_date('1994-12-31', 'YYYY-MM-DD'), 'Major', to_date('2024-05-15', 'YYYY-MM-DD'), 204921);

insert into soldier ("PERSONALNUMBER", "SNAME", "BIRTHDATE", "SRANK", "DEPLOYMENTDATE", "SQUADNUMBER")
values (584401, 'Maria Morgan', to_date('1992-03-31', 'YYYY-MM-DD'), 'Colonel', to_date('2020-11-07', 'YYYY-MM-DD'), 175017);

insert into soldier ("PERSONALNUMBER", "SNAME", "BIRTHDATE", "SRANK", "DEPLOYMENTDATE", "SQUADNUMBER")
values (293710, 'Eddie Gay', to_date('1986-05-30', 'YYYY-MM-DD'), 'Captain', to_date('2022-08-10', 'YYYY-MM-DD'), 797936);

insert into soldier ("PERSONALNUMBER", "SNAME", "BIRTHDATE", "SRANK", "DEPLOYMENTDATE", "SQUADNUMBER")
values (729836, 'Susan Thompson', to_date('1997-03-05', 'YYYY-MM-DD'), 'Major', to_date('2021-10-30', 'YYYY-MM-DD'), 369009);

insert into soldier ("PERSONALNUMBER", "SNAME", "BIRTHDATE", "SRANK", "DEPLOYMENTDATE", "SQUADNUMBER")
values (140854, 'Marc Carney', to_date('1978-05-22', 'YYYY-MM-DD'), 'Major', to_date('2020-10-07', 'YYYY-MM-DD'), 887422);

insert into soldier ("PERSONALNUMBER", "SNAME", "BIRTHDATE", "SRANK", "DEPLOYMENTDATE", "SQUADNUMBER")
values (368320, 'Stephanie Hall', to_date('1977-08-08', 'YYYY-MM-DD'), 'Corporal', to_date('2021-02-25', 'YYYY-MM-DD'), 302989);

insert into soldier ("PERSONALNUMBER", "SNAME", "BIRTHDATE", "SRANK", "DEPLOYMENTDATE", "SQUADNUMBER")
values (582563, 'Katherine Martin', to_date('1975-02-09', 'YYYY-MM-DD'), 'Sergeant', to_date('2019-12-27', 'YYYY-MM-DD'), 374197);

insert into soldier ("PERSONALNUMBER", "SNAME", "BIRTHDATE", "SRANK", "DEPLOYMENTDATE", "SQUADNUMBER")
values (516808, 'Emily Howell', to_date('1987-09-21', 'YYYY-MM-DD'), 'Lieutenant', to_date('2021-02-01', 'YYYY-MM-DD'), 319372);

insert into soldier ("PERSONALNUMBER", "SNAME", "BIRTHDATE", "SRANK", "DEPLOYMENTDATE", "SQUADNUMBER")
values (401619, 'Kristin Ray', to_date('1978-07-10', 'YYYY-MM-DD'), 'Major', to_date('2022-01-28', 'YYYY-MM-DD'), 451076);

insert into soldier ("PERSONALNUMBER", "SNAME", "BIRTHDATE", "SRANK", "DEPLOYMENTDATE", "SQUADNUMBER")
values (262498, 'Elizabeth Stevens', to_date('1977-04-19', 'YYYY-MM-DD'), 'Captain', to_date('2020-07-23', 'YYYY-MM-DD'), 225753);

insert into soldier ("PERSONALNUMBER", "SNAME", "BIRTHDATE", "SRANK", "DEPLOYMENTDATE", "SQUADNUMBER")
values (663257, 'Jacqueline Williams', to_date('1978-03-25', 'YYYY-MM-DD'), 'Major', to_date('2023-03-29', 'YYYY-MM-DD'), 286625);

insert into soldier ("PERSONALNUMBER", "SNAME", "BIRTHDATE", "SRANK", "DEPLOYMENTDATE", "SQUADNUMBER")
values (877241, 'Kristen Gonzalez', to_date('1998-12-29', 'YYYY-MM-DD'), 'General', to_date('2019-12-18', 'YYYY-MM-DD'), 542328);

insert into soldier ("PERSONALNUMBER", "SNAME", "BIRTHDATE", "SRANK", "DEPLOYMENTDATE", "SQUADNUMBER")
values (400814, 'Jason Roberts', to_date('1986-12-15', 'YYYY-MM-DD'), 'Lieutenant', to_date('2021-06-14', 'YYYY-MM-DD'), 416174);

insert into soldier ("PERSONALNUMBER", "SNAME", "BIRTHDATE", "SRANK", "DEPLOYMENTDATE", "SQUADNUMBER")
values (963533, 'Paul Meyer', to_date('1982-05-09', 'YYYY-MM-DD'), 'Lieutenant', to_date('2021-08-08', 'YYYY-MM-DD'), 628439);

insert into soldier ("PERSONALNUMBER", "SNAME", "BIRTHDATE", "SRANK", "DEPLOYMENTDATE", "SQUADNUMBER")
values (752416, 'Isaac Neal II', to_date('1998-06-06', 'YYYY-MM-DD'), 'Lieutenant', to_date('2022-04-19', 'YYYY-MM-DD'), 745840);

insert into soldier ("PERSONALNUMBER", "SNAME", "BIRTHDATE", "SRANK", "DEPLOYMENTDATE", "SQUADNUMBER")
values (783558, 'Paige Gibbs', to_date('1994-10-08', 'YYYY-MM-DD'), 'Corporal', to_date('2024-07-04', 'YYYY-MM-DD'), 572532);

insert into soldier ("PERSONALNUMBER", "SNAME", "BIRTHDATE", "SRANK", "DEPLOYMENTDATE", "SQUADNUMBER")
values (911622, 'Danielle Rivera', to_date('1998-06-21', 'YYYY-MM-DD'), 'General', to_date('2022-08-26', 'YYYY-MM-DD'), 546692);

insert into soldier ("PERSONALNUMBER", "SNAME", "BIRTHDATE", "SRANK", "DEPLOYMENTDATE", "SQUADNUMBER")
values (434325, 'Nancy Johns', to_date('1982-06-30', 'YYYY-MM-DD'), 'Captain', to_date('2021-07-17', 'YYYY-MM-DD'), 351872);

insert into soldier ("PERSONALNUMBER", "SNAME", "BIRTHDATE", "SRANK", "DEPLOYMENTDATE", "SQUADNUMBER")
values (635605, 'Randy Chase', to_date('1980-04-08', 'YYYY-MM-DD'), 'General', to_date('2021-02-06', 'YYYY-MM-DD'), 126453);

insert into soldier ("PERSONALNUMBER", "SNAME", "BIRTHDATE", "SRANK", "DEPLOYMENTDATE", "SQUADNUMBER")
values (972024, 'Matthew Gonzales', to_date('1976-12-25', 'YYYY-MM-DD'), 'Major', to_date('2023-08-01', 'YYYY-MM-DD'), 968879);

insert into soldier ("PERSONALNUMBER", "SNAME", "BIRTHDATE", "SRANK", "DEPLOYMENTDATE", "SQUADNUMBER")
values (359265, 'Aaron Mitchell', to_date('1977-07-11', 'YYYY-MM-DD'), 'General', to_date('2023-05-22', 'YYYY-MM-DD'), 339122);

insert into soldier ("PERSONALNUMBER", "SNAME", "BIRTHDATE", "SRANK", "DEPLOYMENTDATE", "SQUADNUMBER")
values (594557, 'Charles Allen', to_date('1993-05-23', 'YYYY-MM-DD'), 'Lieutenant', to_date('2021-11-05', 'YYYY-MM-DD'), 217319);

insert into soldier ("PERSONALNUMBER", "SNAME", "BIRTHDATE", "SRANK", "DEPLOYMENTDATE", "SQUADNUMBER")
values (644444, 'Jermaine Chavez', to_date('1989-07-29', 'YYYY-MM-DD'), 'General', to_date('2022-12-18', 'YYYY-MM-DD'), 368124);

insert into soldier ("PERSONALNUMBER", "SNAME", "BIRTHDATE", "SRANK", "DEPLOYMENTDATE", "SQUADNUMBER")
values (694063, 'David Acevedo', to_date('1978-12-29', 'YYYY-MM-DD'), 'Major', to_date('2022-07-06', 'YYYY-MM-DD'), 544614);

insert into soldier ("PERSONALNUMBER", "SNAME", "BIRTHDATE", "SRANK", "DEPLOYMENTDATE", "SQUADNUMBER")
values (318287, 'Erin West', to_date('1981-04-03', 'YYYY-MM-DD'), 'Sergeant', to_date('2022-08-20', 'YYYY-MM-DD'), 637816);

insert into soldier ("PERSONALNUMBER", "SNAME", "BIRTHDATE", "SRANK", "DEPLOYMENTDATE", "SQUADNUMBER")
values (132204, 'Dr. William Luna MD', to_date('1998-03-17', 'YYYY-MM-DD'), 'Sergeant', to_date('2021-03-22', 'YYYY-MM-DD'), 323995);

insert into soldier ("PERSONALNUMBER", "SNAME", "BIRTHDATE", "SRANK", "DEPLOYMENTDATE", "SQUADNUMBER")
values (653244, 'Andrea Waters', to_date('1978-05-11', 'YYYY-MM-DD'), 'Private', to_date('2020-07-19', 'YYYY-MM-DD'), 648387);

insert into soldier ("PERSONALNUMBER", "SNAME", "BIRTHDATE", "SRANK", "DEPLOYMENTDATE", "SQUADNUMBER")
values (925230, 'Marisa Mcneil', to_date('1976-10-19', 'YYYY-MM-DD'), 'Major', to_date('2020-06-26', 'YYYY-MM-DD'), 199998);

insert into soldier ("PERSONALNUMBER", "SNAME", "BIRTHDATE", "SRANK", "DEPLOYMENTDATE", "SQUADNUMBER")
values (464897, 'Willie Hall', to_date('1975-08-14', 'YYYY-MM-DD'), 'Major', to_date('2022-10-15', 'YYYY-MM-DD'), 910072);

insert into soldier ("PERSONALNUMBER", "SNAME", "BIRTHDATE", "SRANK", "DEPLOYMENTDATE", "SQUADNUMBER")
values (935627, 'Amber Myers', to_date('1991-10-15', 'YYYY-MM-DD'), 'Sergeant', to_date('2023-01-23', 'YYYY-MM-DD'), 639437);

insert into soldier ("PERSONALNUMBER", "SNAME", "BIRTHDATE", "SRANK", "DEPLOYMENTDATE", "SQUADNUMBER")
values (573703, 'Bradley Nguyen', to_date('1996-08-09', 'YYYY-MM-DD'), 'Lieutenant', to_date('2020-03-08', 'YYYY-MM-DD'), 369009);

insert into soldier ("PERSONALNUMBER", "SNAME", "BIRTHDATE", "SRANK", "DEPLOYMENTDATE", "SQUADNUMBER")
values (389762, 'Ryan Walton', to_date('1983-10-21', 'YYYY-MM-DD'), 'Sergeant', to_date('2020-01-10', 'YYYY-MM-DD'), 933601);

insert into soldier ("PERSONALNUMBER", "SNAME", "BIRTHDATE", "SRANK", "DEPLOYMENTDATE", "SQUADNUMBER")
values (796934, 'Brian Smith', to_date('1997-10-12', 'YYYY-MM-DD'), 'General', to_date('2020-01-25', 'YYYY-MM-DD'), 506833);

insert into soldier ("PERSONALNUMBER", "SNAME", "BIRTHDATE", "SRANK", "DEPLOYMENTDATE", "SQUADNUMBER")
values (362410, 'Jennifer Nelson', to_date('1977-03-08', 'YYYY-MM-DD'), 'Colonel', to_date('2020-11-20', 'YYYY-MM-DD'), 806596);

insert into soldier ("PERSONALNUMBER", "SNAME", "BIRTHDATE", "SRANK", "DEPLOYMENTDATE", "SQUADNUMBER")
values (999760, 'Morgan Flores DDS', to_date('1990-08-04', 'YYYY-MM-DD'), 'Captain', to_date('2022-04-17', 'YYYY-MM-DD'), 775720);

insert into soldier ("PERSONALNUMBER", "SNAME", "BIRTHDATE", "SRANK", "DEPLOYMENTDATE", "SQUADNUMBER")
values (464792, 'Robert Garza', to_date('1975-09-29', 'YYYY-MM-DD'), 'Lieutenant', to_date('2021-03-13', 'YYYY-MM-DD'), 693585);

insert into soldier ("PERSONALNUMBER", "SNAME", "BIRTHDATE", "SRANK", "DEPLOYMENTDATE", "SQUADNUMBER")
values (481148, 'Alexander Miller', to_date('1984-10-21', 'YYYY-MM-DD'), 'Colonel', to_date('2021-02-05', 'YYYY-MM-DD'), 192011);

insert into soldier ("PERSONALNUMBER", "SNAME", "BIRTHDATE", "SRANK", "DEPLOYMENTDATE", "SQUADNUMBER")
values (680215, 'Amanda Klein', to_date('1977-08-19', 'YYYY-MM-DD'), 'Lieutenant', to_date('2020-06-24', 'YYYY-MM-DD'), 175750);

insert into soldier ("PERSONALNUMBER", "SNAME", "BIRTHDATE", "SRANK", "DEPLOYMENTDATE", "SQUADNUMBER")
values (153950, 'Michael Tyler', to_date('2003-04-10', 'YYYY-MM-DD'), 'Private', to_date('2022-10-04', 'YYYY-MM-DD'), 136185);

insert into soldier ("PERSONALNUMBER", "SNAME", "BIRTHDATE", "SRANK", "DEPLOYMENTDATE", "SQUADNUMBER")
values (361018, 'Jill Lopez', to_date('1999-06-26', 'YYYY-MM-DD'), 'Sergeant', to_date('2021-01-16', 'YYYY-MM-DD'), 596985);

insert into soldier ("PERSONALNUMBER", "SNAME", "BIRTHDATE", "SRANK", "DEPLOYMENTDATE", "SQUADNUMBER")
values (805536, 'Michael Alvarez', to_date('1999-03-17', 'YYYY-MM-DD'), 'Corporal', to_date('2019-08-14', 'YYYY-MM-DD'), 222256);

insert into soldier ("PERSONALNUMBER", "SNAME", "BIRTHDATE", "SRANK", "DEPLOYMENTDATE", "SQUADNUMBER")
values (515927, 'Joshua Kim', to_date('1998-03-10', 'YYYY-MM-DD'), 'Corporal', to_date('2023-05-08', 'YYYY-MM-DD'), 959418);

insert into soldier ("PERSONALNUMBER", "SNAME", "BIRTHDATE", "SRANK", "DEPLOYMENTDATE", "SQUADNUMBER")
values (266428, 'Amanda Anderson', to_date('1995-08-22', 'YYYY-MM-DD'), 'Captain', to_date('2022-09-24', 'YYYY-MM-DD'), 864628);

insert into soldier ("PERSONALNUMBER", "SNAME", "BIRTHDATE", "SRANK", "DEPLOYMENTDATE", "SQUADNUMBER")
values (848972, 'Brittany Randolph', to_date('1977-08-11', 'YYYY-MM-DD'), 'Major', to_date('2021-03-07', 'YYYY-MM-DD'), 175750);

insert into soldier ("PERSONALNUMBER", "SNAME", "BIRTHDATE", "SRANK", "DEPLOYMENTDATE", "SQUADNUMBER")
values (677568, 'Karen Roberts', to_date('1993-10-21', 'YYYY-MM-DD'), 'Corporal', to_date('2021-01-23', 'YYYY-MM-DD'), 819509);

insert into soldier ("PERSONALNUMBER", "SNAME", "BIRTHDATE", "SRANK", "DEPLOYMENTDATE", "SQUADNUMBER")
values (305533, 'James Yang', to_date('1995-04-14', 'YYYY-MM-DD'), 'Lieutenant', to_date('2020-03-31', 'YYYY-MM-DD'), 208112);

commit;

insert into soldier ("PERSONALNUMBER", "SNAME", "BIRTHDATE", "SRANK", "DEPLOYMENTDATE", "SQUADNUMBER")
values (238330, 'Luis Fletcher', to_date('1975-04-17', 'YYYY-MM-DD'), 'Major', to_date('2019-09-04', 'YYYY-MM-DD'), 968879);

insert into soldier ("PERSONALNUMBER", "SNAME", "BIRTHDATE", "SRANK", "DEPLOYMENTDATE", "SQUADNUMBER")
values (943201, 'Jason Villegas', to_date('1988-07-01', 'YYYY-MM-DD'), 'Corporal', to_date('2022-03-27', 'YYYY-MM-DD'), 804891);

insert into soldier ("PERSONALNUMBER", "SNAME", "BIRTHDATE", "SRANK", "DEPLOYMENTDATE", "SQUADNUMBER")
values (532912, 'Belinda Hill', to_date('1989-11-21', 'YYYY-MM-DD'), 'Sergeant', to_date('2021-11-06', 'YYYY-MM-DD'), 897879);

insert into soldier ("PERSONALNUMBER", "SNAME", "BIRTHDATE", "SRANK", "DEPLOYMENTDATE", "SQUADNUMBER")
values (169358, 'Shelly Peterson', to_date('1982-11-03', 'YYYY-MM-DD'), 'Sergeant', to_date('2022-08-11', 'YYYY-MM-DD'), 644878);

insert into soldier ("PERSONALNUMBER", "SNAME", "BIRTHDATE", "SRANK", "DEPLOYMENTDATE", "SQUADNUMBER")
values (818954, 'Justin Martinez', to_date('1980-01-31', 'YYYY-MM-DD'), 'General', to_date('2024-01-26', 'YYYY-MM-DD'), 221163);

insert into soldier ("PERSONALNUMBER", "SNAME", "BIRTHDATE", "SRANK", "DEPLOYMENTDATE", "SQUADNUMBER")
values (415988, 'Joshua Mcguire', to_date('2003-09-07', 'YYYY-MM-DD'), 'Captain', to_date('2023-06-28', 'YYYY-MM-DD'), 558706);

insert into soldier ("PERSONALNUMBER", "SNAME", "BIRTHDATE", "SRANK", "DEPLOYMENTDATE", "SQUADNUMBER")
values (754399, 'Sarah Parks', to_date('1983-01-23', 'YYYY-MM-DD'), 'General', to_date('2023-05-08', 'YYYY-MM-DD'), 405037);

insert into soldier ("PERSONALNUMBER", "SNAME", "BIRTHDATE", "SRANK", "DEPLOYMENTDATE", "SQUADNUMBER")
values (772770, 'Sean Luna', to_date('1989-10-03', 'YYYY-MM-DD'), 'General', to_date('2024-01-09', 'YYYY-MM-DD'), 478336);

insert into soldier ("PERSONALNUMBER", "SNAME", "BIRTHDATE", "SRANK", "DEPLOYMENTDATE", "SQUADNUMBER")
values (566846, 'Michael Roberts', to_date('1974-01-03', 'YYYY-MM-DD'), 'Lieutenant', to_date('2020-04-01', 'YYYY-MM-DD'), 396713);

insert into soldier ("PERSONALNUMBER", "SNAME", "BIRTHDATE", "SRANK", "DEPLOYMENTDATE", "SQUADNUMBER")
values (634306, 'Martin Clark', to_date('1978-05-21', 'YYYY-MM-DD'), 'Captain', to_date('2022-07-18', 'YYYY-MM-DD'), 739301);

insert into soldier ("PERSONALNUMBER", "SNAME", "BIRTHDATE", "SRANK", "DEPLOYMENTDATE", "SQUADNUMBER")
values (431753, 'Lance Wilson', to_date('1992-08-29', 'YYYY-MM-DD'), 'Colonel', to_date('2019-12-29', 'YYYY-MM-DD'), 368653);

insert into soldier ("PERSONALNUMBER", "SNAME", "BIRTHDATE", "SRANK", "DEPLOYMENTDATE", "SQUADNUMBER")
values (127065, 'Dr. Rhonda Ross', to_date('2002-01-11', 'YYYY-MM-DD'), 'Private', to_date('2020-03-08', 'YYYY-MM-DD'), 951524);

insert into soldier ("PERSONALNUMBER", "SNAME", "BIRTHDATE", "SRANK", "DEPLOYMENTDATE", "SQUADNUMBER")
values (522997, 'Patricia Wilson', to_date('2006-03-01', 'YYYY-MM-DD'), 'Corporal', to_date('2024-01-06', 'YYYY-MM-DD'), 246680);

insert into soldier ("PERSONALNUMBER", "SNAME", "BIRTHDATE", "SRANK", "DEPLOYMENTDATE", "SQUADNUMBER")
values (236552, 'James Faulkner', to_date('1978-03-05', 'YYYY-MM-DD'), 'Colonel', to_date('2022-11-05', 'YYYY-MM-DD'), 611451);

insert into soldier ("PERSONALNUMBER", "SNAME", "BIRTHDATE", "SRANK", "DEPLOYMENTDATE", "SQUADNUMBER")
values (669161, 'Gary Miller', to_date('1986-01-21', 'YYYY-MM-DD'), 'Captain', to_date('2021-01-31', 'YYYY-MM-DD'), 430884);

insert into soldier ("PERSONALNUMBER", "SNAME", "BIRTHDATE", "SRANK", "DEPLOYMENTDATE", "SQUADNUMBER")
values (104125, 'Miss Kathleen Hammond', to_date('1998-06-24', 'YYYY-MM-DD'), 'Corporal', to_date('2020-10-22', 'YYYY-MM-DD'), 516132);

insert into soldier ("PERSONALNUMBER", "SNAME", "BIRTHDATE", "SRANK", "DEPLOYMENTDATE", "SQUADNUMBER")
values (490941, 'Jennifer Carlson', to_date('1988-08-03', 'YYYY-MM-DD'), 'Sergeant', to_date('2021-01-22', 'YYYY-MM-DD'), 822333);

insert into soldier ("PERSONALNUMBER", "SNAME", "BIRTHDATE", "SRANK", "DEPLOYMENTDATE", "SQUADNUMBER")
values (697889, 'Eric Medina', to_date('1978-05-07', 'YYYY-MM-DD'), 'Major', to_date('2023-12-20', 'YYYY-MM-DD'), 675422);

insert into soldier ("PERSONALNUMBER", "SNAME", "BIRTHDATE", "SRANK", "DEPLOYMENTDATE", "SQUADNUMBER")
values (542476, 'Lisa Lawson', to_date('1997-09-01', 'YYYY-MM-DD'), 'Captain', to_date('2022-01-21', 'YYYY-MM-DD'), 151366);

insert into soldier ("PERSONALNUMBER", "SNAME", "BIRTHDATE", "SRANK", "DEPLOYMENTDATE", "SQUADNUMBER")
values (353874, 'Abigail Hunter', to_date('2000-09-30', 'YYYY-MM-DD'), 'Private', to_date('2022-04-05', 'YYYY-MM-DD'), 446266);

insert into soldier ("PERSONALNUMBER", "SNAME", "BIRTHDATE", "SRANK", "DEPLOYMENTDATE", "SQUADNUMBER")
values (118787, 'John Wright', to_date('1991-08-19', 'YYYY-MM-DD'), 'Lieutenant', to_date('2023-01-21', 'YYYY-MM-DD'), 748555);

insert into soldier ("PERSONALNUMBER", "SNAME", "BIRTHDATE", "SRANK", "DEPLOYMENTDATE", "SQUADNUMBER")
values (766905, 'Jose Burke', to_date('2004-02-05', 'YYYY-MM-DD'), 'Lieutenant', to_date('2023-10-30', 'YYYY-MM-DD'), 368653);

insert into soldier ("PERSONALNUMBER", "SNAME", "BIRTHDATE", "SRANK", "DEPLOYMENTDATE", "SQUADNUMBER")
values (429217, 'Claudia Banks', to_date('1975-09-08', 'YYYY-MM-DD'), 'Corporal', to_date('2020-11-25', 'YYYY-MM-DD'), 937835);

insert into soldier ("PERSONALNUMBER", "SNAME", "BIRTHDATE", "SRANK", "DEPLOYMENTDATE", "SQUADNUMBER")
values (632072, 'Denise Holmes', to_date('1974-09-20', 'YYYY-MM-DD'), 'Sergeant', to_date('2021-04-03', 'YYYY-MM-DD'), 407094);

insert into soldier ("PERSONALNUMBER", "SNAME", "BIRTHDATE", "SRANK", "DEPLOYMENTDATE", "SQUADNUMBER")
values (352348, 'Eric Jackson', to_date('1990-06-25', 'YYYY-MM-DD'), 'Private', to_date('2020-01-14', 'YYYY-MM-DD'), 560969);

insert into soldier ("PERSONALNUMBER", "SNAME", "BIRTHDATE", "SRANK", "DEPLOYMENTDATE", "SQUADNUMBER")
values (692377, 'Adam Mora', to_date('1999-08-06', 'YYYY-MM-DD'), 'Major', to_date('2022-07-28', 'YYYY-MM-DD'), 910072);

insert into soldier ("PERSONALNUMBER", "SNAME", "BIRTHDATE", "SRANK", "DEPLOYMENTDATE", "SQUADNUMBER")
values (930802, 'Tracy Wiggins', to_date('1996-11-15', 'YYYY-MM-DD'), 'Corporal', to_date('2023-07-02', 'YYYY-MM-DD'), 841460);

insert into soldier ("PERSONALNUMBER", "SNAME", "BIRTHDATE", "SRANK", "DEPLOYMENTDATE", "SQUADNUMBER")
values (678606, 'Christopher Watson', to_date('1997-08-07', 'YYYY-MM-DD'), 'Corporal', to_date('2021-05-16', 'YYYY-MM-DD'), 166786);

insert into soldier ("PERSONALNUMBER", "SNAME", "BIRTHDATE", "SRANK", "DEPLOYMENTDATE", "SQUADNUMBER")
values (460679, 'Joseph Bell', to_date('2004-06-08', 'YYYY-MM-DD'), 'Sergeant', to_date('2021-01-24', 'YYYY-MM-DD'), 861700);

insert into soldier ("PERSONALNUMBER", "SNAME", "BIRTHDATE", "SRANK", "DEPLOYMENTDATE", "SQUADNUMBER")
values (173662, 'William Dickerson', to_date('2000-04-04', 'YYYY-MM-DD'), 'Private', to_date('2024-03-06', 'YYYY-MM-DD'), 819239);

insert into soldier ("PERSONALNUMBER", "SNAME", "BIRTHDATE", "SRANK", "DEPLOYMENTDATE", "SQUADNUMBER")
values (108335, 'Melanie Henderson', to_date('1980-06-04', 'YYYY-MM-DD'), 'General', to_date('2023-07-18', 'YYYY-MM-DD'), 899994);

insert into soldier ("PERSONALNUMBER", "SNAME", "BIRTHDATE", "SRANK", "DEPLOYMENTDATE", "SQUADNUMBER")
values (499204, 'Jillian Moore', to_date('1978-05-16', 'YYYY-MM-DD'), 'Private', to_date('2022-01-17', 'YYYY-MM-DD'), 602088);

insert into soldier ("PERSONALNUMBER", "SNAME", "BIRTHDATE", "SRANK", "DEPLOYMENTDATE", "SQUADNUMBER")
values (741896, 'Alexandra Bowman', to_date('1995-06-25', 'YYYY-MM-DD'), 'Major', to_date('2020-02-16', 'YYYY-MM-DD'), 604999);

insert into soldier ("PERSONALNUMBER", "SNAME", "BIRTHDATE", "SRANK", "DEPLOYMENTDATE", "SQUADNUMBER")
values (361068, 'Annette Jimenez', to_date('1990-09-04', 'YYYY-MM-DD'), 'Captain', to_date('2020-12-21', 'YYYY-MM-DD'), 608453);

insert into soldier ("PERSONALNUMBER", "SNAME", "BIRTHDATE", "SRANK", "DEPLOYMENTDATE", "SQUADNUMBER")
values (270415, 'Andres Webster', to_date('2003-09-15', 'YYYY-MM-DD'), 'Sergeant', to_date('2020-08-12', 'YYYY-MM-DD'), 862907);

insert into soldier ("PERSONALNUMBER", "SNAME", "BIRTHDATE", "SRANK", "DEPLOYMENTDATE", "SQUADNUMBER")
values (883194, 'Gary Carter', to_date('1987-03-08', 'YYYY-MM-DD'), 'Private', to_date('2022-01-28', 'YYYY-MM-DD'), 987843);

insert into soldier ("PERSONALNUMBER", "SNAME", "BIRTHDATE", "SRANK", "DEPLOYMENTDATE", "SQUADNUMBER")
values (720392, 'Cynthia Mitchell', to_date('1976-10-14', 'YYYY-MM-DD'), 'Colonel', to_date('2022-11-12', 'YYYY-MM-DD'), 732368);

insert into soldier ("PERSONALNUMBER", "SNAME", "BIRTHDATE", "SRANK", "DEPLOYMENTDATE", "SQUADNUMBER")
values (386661, 'Matthew Gonzalez', to_date('2002-07-27', 'YYYY-MM-DD'), 'Major', to_date('2021-07-08', 'YYYY-MM-DD'), 901751);

insert into soldier ("PERSONALNUMBER", "SNAME", "BIRTHDATE", "SRANK", "DEPLOYMENTDATE", "SQUADNUMBER")
values (173718, 'Andrea Torres', to_date('1987-03-27', 'YYYY-MM-DD'), 'Colonel', to_date('2023-08-31', 'YYYY-MM-DD'), 297087);

insert into soldier ("PERSONALNUMBER", "SNAME", "BIRTHDATE", "SRANK", "DEPLOYMENTDATE", "SQUADNUMBER")
values (496556, 'Tiffany Bonilla', to_date('1980-01-07', 'YYYY-MM-DD'), 'Colonel', to_date('2024-03-09', 'YYYY-MM-DD'), 644878);

insert into soldier ("PERSONALNUMBER", "SNAME", "BIRTHDATE", "SRANK", "DEPLOYMENTDATE", "SQUADNUMBER")
values (894236, 'Margaret Hernandez', to_date('1997-04-23', 'YYYY-MM-DD'), 'Corporal', to_date('2019-12-08', 'YYYY-MM-DD'), 265462);

insert into soldier ("PERSONALNUMBER", "SNAME", "BIRTHDATE", "SRANK", "DEPLOYMENTDATE", "SQUADNUMBER")
values (928302, 'Jamie Bell', to_date('1976-07-21', 'YYYY-MM-DD'), 'Major', to_date('2022-06-06', 'YYYY-MM-DD'), 322212);

insert into soldier ("PERSONALNUMBER", "SNAME", "BIRTHDATE", "SRANK", "DEPLOYMENTDATE", "SQUADNUMBER")
values (787204, 'Victoria Yoder', to_date('1985-07-07', 'YYYY-MM-DD'), 'Colonel', to_date('2024-01-06', 'YYYY-MM-DD'), 914194);

insert into soldier ("PERSONALNUMBER", "SNAME", "BIRTHDATE", "SRANK", "DEPLOYMENTDATE", "SQUADNUMBER")
values (544327, 'Katie Oliver', to_date('1991-04-10', 'YYYY-MM-DD'), 'Lieutenant', to_date('2024-05-30', 'YYYY-MM-DD'), 553551);

insert into soldier ("PERSONALNUMBER", "SNAME", "BIRTHDATE", "SRANK", "DEPLOYMENTDATE", "SQUADNUMBER")
values (457184, 'William Clark', to_date('1988-03-06', 'YYYY-MM-DD'), 'General', to_date('2019-07-10', 'YYYY-MM-DD'), 286568);

insert into soldier ("PERSONALNUMBER", "SNAME", "BIRTHDATE", "SRANK", "DEPLOYMENTDATE", "SQUADNUMBER")
values (745316, 'Alyssa Orr', to_date('1974-06-30', 'YYYY-MM-DD'), 'Private', to_date('2024-01-12', 'YYYY-MM-DD'), 322212);

insert into soldier ("PERSONALNUMBER", "SNAME", "BIRTHDATE", "SRANK", "DEPLOYMENTDATE", "SQUADNUMBER")
values (550089, 'Amber Sanchez', to_date('1995-11-29', 'YYYY-MM-DD'), 'Major', to_date('2021-05-01', 'YYYY-MM-DD'), 178540);

insert into soldier ("PERSONALNUMBER", "SNAME", "BIRTHDATE", "SRANK", "DEPLOYMENTDATE", "SQUADNUMBER")
values (326040, 'Kyle Li', to_date('1978-01-31', 'YYYY-MM-DD'), 'Captain', to_date('2024-02-23', 'YYYY-MM-DD'), 887422);

insert into soldier ("PERSONALNUMBER", "SNAME", "BIRTHDATE", "SRANK", "DEPLOYMENTDATE", "SQUADNUMBER")
values (283019, 'Todd Hunt', to_date('1985-04-29', 'YYYY-MM-DD'), 'Private', to_date('2022-08-27', 'YYYY-MM-DD'), 899994);

insert into soldier ("PERSONALNUMBER", "SNAME", "BIRTHDATE", "SRANK", "DEPLOYMENTDATE", "SQUADNUMBER")
values (243060, 'Mr. Kyle Mitchell DDS', to_date('1980-10-05', 'YYYY-MM-DD'), 'Lieutenant', to_date('2020-04-12', 'YYYY-MM-DD'), 831566);

insert into soldier ("PERSONALNUMBER", "SNAME", "BIRTHDATE", "SRANK", "DEPLOYMENTDATE", "SQUADNUMBER")
values (637296, 'Vincent Wright', to_date('1989-07-02', 'YYYY-MM-DD'), 'General', to_date('2021-06-30', 'YYYY-MM-DD'), 984622);

insert into soldier ("PERSONALNUMBER", "SNAME", "BIRTHDATE", "SRANK", "DEPLOYMENTDATE", "SQUADNUMBER")
values (419296, 'Jeremy Green', to_date('1988-04-06', 'YYYY-MM-DD'), 'Private', to_date('2024-03-26', 'YYYY-MM-DD'), 611147);

insert into soldier ("PERSONALNUMBER", "SNAME", "BIRTHDATE", "SRANK", "DEPLOYMENTDATE", "SQUADNUMBER")
values (482502, 'James Powell', to_date('1993-08-21', 'YYYY-MM-DD'), 'Private', to_date('2023-11-26', 'YYYY-MM-DD'), 635160);

insert into soldier ("PERSONALNUMBER", "SNAME", "BIRTHDATE", "SRANK", "DEPLOYMENTDATE", "SQUADNUMBER")
values (119704, 'Johnny Jackson', to_date('1990-03-24', 'YYYY-MM-DD'), 'Lieutenant', to_date('2019-09-06', 'YYYY-MM-DD'), 621802);

insert into soldier ("PERSONALNUMBER", "SNAME", "BIRTHDATE", "SRANK", "DEPLOYMENTDATE", "SQUADNUMBER")
values (234766, 'Tami Riley', to_date('1986-06-07', 'YYYY-MM-DD'), 'Corporal', to_date('2021-03-03', 'YYYY-MM-DD'), 632479);

insert into soldier ("PERSONALNUMBER", "SNAME", "BIRTHDATE", "SRANK", "DEPLOYMENTDATE", "SQUADNUMBER")
values (412228, 'Kyle Bowers', to_date('1979-08-09', 'YYYY-MM-DD'), 'Sergeant', to_date('2022-09-22', 'YYYY-MM-DD'), 616922);

insert into soldier ("PERSONALNUMBER", "SNAME", "BIRTHDATE", "SRANK", "DEPLOYMENTDATE", "SQUADNUMBER")
values (617486, 'Cory Haney', to_date('1980-10-19', 'YYYY-MM-DD'), 'Sergeant', to_date('2020-03-26', 'YYYY-MM-DD'), 653312);

insert into soldier ("PERSONALNUMBER", "SNAME", "BIRTHDATE", "SRANK", "DEPLOYMENTDATE", "SQUADNUMBER")
values (728479, 'Ana Smith', to_date('1974-11-04', 'YYYY-MM-DD'), 'Major', to_date('2022-06-09', 'YYYY-MM-DD'), 608453);

insert into soldier ("PERSONALNUMBER", "SNAME", "BIRTHDATE", "SRANK", "DEPLOYMENTDATE", "SQUADNUMBER")
values (290579, 'Donna Howard DDS', to_date('1977-02-24', 'YYYY-MM-DD'), 'Lieutenant', to_date('2022-08-06', 'YYYY-MM-DD'), 724798);

insert into soldier ("PERSONALNUMBER", "SNAME", "BIRTHDATE", "SRANK", "DEPLOYMENTDATE", "SQUADNUMBER")
values (839899, 'Justin Gonzalez', to_date('1995-03-24', 'YYYY-MM-DD'), 'Captain', to_date('2023-10-19', 'YYYY-MM-DD'), 421979);

insert into soldier ("PERSONALNUMBER", "SNAME", "BIRTHDATE", "SRANK", "DEPLOYMENTDATE", "SQUADNUMBER")
values (398130, 'Stephanie Willis', to_date('1981-09-06', 'YYYY-MM-DD'), 'General', to_date('2023-10-27', 'YYYY-MM-DD'), 737978);

insert into soldier ("PERSONALNUMBER", "SNAME", "BIRTHDATE", "SRANK", "DEPLOYMENTDATE", "SQUADNUMBER")
values (396069, 'Erin Robinson', to_date('1977-07-28', 'YYYY-MM-DD'), 'Corporal', to_date('2024-04-14', 'YYYY-MM-DD'), 858564);

insert into soldier ("PERSONALNUMBER", "SNAME", "BIRTHDATE", "SRANK", "DEPLOYMENTDATE", "SQUADNUMBER")
values (690528, 'Patricia Manning', to_date('1991-10-03', 'YYYY-MM-DD'), 'Lieutenant', to_date('2020-12-16', 'YYYY-MM-DD'), 358567);

insert into soldier ("PERSONALNUMBER", "SNAME", "BIRTHDATE", "SRANK", "DEPLOYMENTDATE", "SQUADNUMBER")
values (115157, 'Elizabeth Jimenez', to_date('1985-05-08', 'YYYY-MM-DD'), 'Major', to_date('2020-01-02', 'YYYY-MM-DD'), 244758);

insert into soldier ("PERSONALNUMBER", "SNAME", "BIRTHDATE", "SRANK", "DEPLOYMENTDATE", "SQUADNUMBER")
values (549048, 'Andrew Henry', to_date('2000-09-29', 'YYYY-MM-DD'), 'Colonel', to_date('2024-04-28', 'YYYY-MM-DD'), 339122);

insert into soldier ("PERSONALNUMBER", "SNAME", "BIRTHDATE", "SRANK", "DEPLOYMENTDATE", "SQUADNUMBER")
values (240269, 'Christopher Matthews', to_date('1998-08-11', 'YYYY-MM-DD'), 'Colonel', to_date('2022-12-07', 'YYYY-MM-DD'), 107280);

insert into soldier ("PERSONALNUMBER", "SNAME", "BIRTHDATE", "SRANK", "DEPLOYMENTDATE", "SQUADNUMBER")
values (640029, 'Taylor Melton', to_date('1979-03-08', 'YYYY-MM-DD'), 'General', to_date('2020-01-27', 'YYYY-MM-DD'), 143225);

insert into soldier ("PERSONALNUMBER", "SNAME", "BIRTHDATE", "SRANK", "DEPLOYMENTDATE", "SQUADNUMBER")
values (101906, 'Chad Cowan', to_date('1983-02-01', 'YYYY-MM-DD'), 'General', to_date('2020-09-12', 'YYYY-MM-DD'), 396713);

insert into soldier ("PERSONALNUMBER", "SNAME", "BIRTHDATE", "SRANK", "DEPLOYMENTDATE", "SQUADNUMBER")
values (979352, 'Kelly Richards', to_date('1977-01-14', 'YYYY-MM-DD'), 'Lieutenant', to_date('2022-07-27', 'YYYY-MM-DD'), 458763);

insert into soldier ("PERSONALNUMBER", "SNAME", "BIRTHDATE", "SRANK", "DEPLOYMENTDATE", "SQUADNUMBER")
values (351831, 'Mr. Michael Martin DVM', to_date('1990-08-09', 'YYYY-MM-DD'), 'Lieutenant', to_date('2020-10-07', 'YYYY-MM-DD'), 738482);

insert into soldier ("PERSONALNUMBER", "SNAME", "BIRTHDATE", "SRANK", "DEPLOYMENTDATE", "SQUADNUMBER")
values (222059, 'Ryan Small', to_date('1979-04-13', 'YYYY-MM-DD'), 'Corporal', to_date('2022-01-12', 'YYYY-MM-DD'), 263267);

insert into soldier ("PERSONALNUMBER", "SNAME", "BIRTHDATE", "SRANK", "DEPLOYMENTDATE", "SQUADNUMBER")
values (308498, 'Gina Ewing', to_date('1982-08-21', 'YYYY-MM-DD'), 'Private', to_date('2023-07-04', 'YYYY-MM-DD'), 402612);

insert into soldier ("PERSONALNUMBER", "SNAME", "BIRTHDATE", "SRANK", "DEPLOYMENTDATE", "SQUADNUMBER")
values (334785, 'Devin Green', to_date('1974-12-26', 'YYYY-MM-DD'), 'Colonel', to_date('2023-01-30', 'YYYY-MM-DD'), 216751);

insert into soldier ("PERSONALNUMBER", "SNAME", "BIRTHDATE", "SRANK", "DEPLOYMENTDATE", "SQUADNUMBER")
values (760957, 'Summer Brooks', to_date('1993-08-20', 'YYYY-MM-DD'), 'Sergeant', to_date('2020-02-21', 'YYYY-MM-DD'), 848300);

insert into soldier ("PERSONALNUMBER", "SNAME", "BIRTHDATE", "SRANK", "DEPLOYMENTDATE", "SQUADNUMBER")
values (162072, 'Mark Johnson', to_date('1973-12-06', 'YYYY-MM-DD'), 'Lieutenant', to_date('2019-07-15', 'YYYY-MM-DD'), 992754);

insert into soldier ("PERSONALNUMBER", "SNAME", "BIRTHDATE", "SRANK", "DEPLOYMENTDATE", "SQUADNUMBER")
values (893672, 'Shelby Kelley', to_date('2002-01-24', 'YYYY-MM-DD'), 'Sergeant', to_date('2019-11-15', 'YYYY-MM-DD'), 833855);

insert into soldier ("PERSONALNUMBER", "SNAME", "BIRTHDATE", "SRANK", "DEPLOYMENTDATE", "SQUADNUMBER")
values (241082, 'Mario Aguirre', to_date('2005-06-09', 'YYYY-MM-DD'), 'Lieutenant', to_date('2023-09-26', 'YYYY-MM-DD'), 291594);

insert into soldier ("PERSONALNUMBER", "SNAME", "BIRTHDATE", "SRANK", "DEPLOYMENTDATE", "SQUADNUMBER")
values (197597, 'Earl Chang', to_date('1999-12-21', 'YYYY-MM-DD'), 'Lieutenant', to_date('2020-12-25', 'YYYY-MM-DD'), 159357);

insert into soldier ("PERSONALNUMBER", "SNAME", "BIRTHDATE", "SRANK", "DEPLOYMENTDATE", "SQUADNUMBER")
values (722740, 'Lauren Chapman', to_date('2003-05-16', 'YYYY-MM-DD'), 'Corporal', to_date('2024-05-14', 'YYYY-MM-DD'), 232938);

insert into soldier ("PERSONALNUMBER", "SNAME", "BIRTHDATE", "SRANK", "DEPLOYMENTDATE", "SQUADNUMBER")
values (159232, 'Kristina Lucas', to_date('2004-09-29', 'YYYY-MM-DD'), 'Captain', to_date('2021-02-02', 'YYYY-MM-DD'), 629903);

insert into soldier ("PERSONALNUMBER", "SNAME", "BIRTHDATE", "SRANK", "DEPLOYMENTDATE", "SQUADNUMBER")
values (299646, 'Amanda Ramos', to_date('1988-02-09', 'YYYY-MM-DD'), 'General', to_date('2022-09-15', 'YYYY-MM-DD'), 776240);

insert into soldier ("PERSONALNUMBER", "SNAME", "BIRTHDATE", "SRANK", "DEPLOYMENTDATE", "SQUADNUMBER")
values (156706, 'Danielle Holmes', to_date('2002-05-13', 'YYYY-MM-DD'), 'Private', to_date('2022-04-17', 'YYYY-MM-DD'), 776933);

insert into soldier ("PERSONALNUMBER", "SNAME", "BIRTHDATE", "SRANK", "DEPLOYMENTDATE", "SQUADNUMBER")
values (746391, 'Mrs. Shari Martinez MD', to_date('1989-11-14', 'YYYY-MM-DD'), 'Corporal', to_date('2022-10-16', 'YYYY-MM-DD'), 504150);

insert into soldier ("PERSONALNUMBER", "SNAME", "BIRTHDATE", "SRANK", "DEPLOYMENTDATE", "SQUADNUMBER")
values (193784, 'Fernando Rivera', to_date('1998-05-16', 'YYYY-MM-DD'), 'Colonel', to_date('2021-02-02', 'YYYY-MM-DD'), 778590);

insert into soldier ("PERSONALNUMBER", "SNAME", "BIRTHDATE", "SRANK", "DEPLOYMENTDATE", "SQUADNUMBER")
values (580661, 'Jacob Calderon', to_date('1974-01-05', 'YYYY-MM-DD'), 'Sergeant', to_date('2023-03-13', 'YYYY-MM-DD'), 432608);

insert into soldier ("PERSONALNUMBER", "SNAME", "BIRTHDATE", "SRANK", "DEPLOYMENTDATE", "SQUADNUMBER")
values (894959, 'Christopher Ryan', to_date('1978-07-24', 'YYYY-MM-DD'), 'Sergeant', to_date('2022-05-29', 'YYYY-MM-DD'), 741740);

insert into soldier ("PERSONALNUMBER", "SNAME", "BIRTHDATE", "SRANK", "DEPLOYMENTDATE", "SQUADNUMBER")
values (498291, 'Jason Pena', to_date('2006-05-08', 'YYYY-MM-DD'), 'Colonel', to_date('2024-04-22', 'YYYY-MM-DD'), 501425);

insert into soldier ("PERSONALNUMBER", "SNAME", "BIRTHDATE", "SRANK", "DEPLOYMENTDATE", "SQUADNUMBER")
values (261738, 'Christian James', to_date('1977-12-10', 'YYYY-MM-DD'), 'Lieutenant', to_date('2024-02-01', 'YYYY-MM-DD'), 518712);

insert into soldier ("PERSONALNUMBER", "SNAME", "BIRTHDATE", "SRANK", "DEPLOYMENTDATE", "SQUADNUMBER")
values (906170, 'Barbara Rosario', to_date('1984-09-13', 'YYYY-MM-DD'), 'Corporal', to_date('2022-09-20', 'YYYY-MM-DD'), 244758);

insert into soldier ("PERSONALNUMBER", "SNAME", "BIRTHDATE", "SRANK", "DEPLOYMENTDATE", "SQUADNUMBER")
values (870314, 'Jeffrey Edwards', to_date('1986-03-12', 'YYYY-MM-DD'), 'Corporal', to_date('2021-02-14', 'YYYY-MM-DD'), 150575);

insert into soldier ("PERSONALNUMBER", "SNAME", "BIRTHDATE", "SRANK", "DEPLOYMENTDATE", "SQUADNUMBER")
values (464462, 'Brittany Jones', to_date('1985-08-03', 'YYYY-MM-DD'), 'General', to_date('2020-11-20', 'YYYY-MM-DD'), 994272);

insert into soldier ("PERSONALNUMBER", "SNAME", "BIRTHDATE", "SRANK", "DEPLOYMENTDATE", "SQUADNUMBER")
values (891759, 'Mariah Hoover', to_date('1983-06-13', 'YYYY-MM-DD'), 'Private', to_date('2022-07-14', 'YYYY-MM-DD'), 389245);

insert into soldier ("PERSONALNUMBER", "SNAME", "BIRTHDATE", "SRANK", "DEPLOYMENTDATE", "SQUADNUMBER")
values (509581, 'Ms. Elizabeth Hopkins', to_date('1992-10-24', 'YYYY-MM-DD'), 'Lieutenant', to_date('2022-03-11', 'YYYY-MM-DD'), 250770);

insert into soldier ("PERSONALNUMBER", "SNAME", "BIRTHDATE", "SRANK", "DEPLOYMENTDATE", "SQUADNUMBER")
values (990323, 'Jill Tapia', to_date('2004-11-06', 'YYYY-MM-DD'), 'General', to_date('2023-09-07', 'YYYY-MM-DD'), 633652);

insert into soldier ("PERSONALNUMBER", "SNAME", "BIRTHDATE", "SRANK", "DEPLOYMENTDATE", "SQUADNUMBER")
values (284011, 'Sandra Morgan', to_date('1997-06-01', 'YYYY-MM-DD'), 'Corporal', to_date('2020-03-14', 'YYYY-MM-DD'), 940703);

insert into soldier ("PERSONALNUMBER", "SNAME", "BIRTHDATE", "SRANK", "DEPLOYMENTDATE", "SQUADNUMBER")
values (364833, 'Lawrence Kennedy', to_date('2003-12-14', 'YYYY-MM-DD'), 'Corporal', to_date('2020-09-29', 'YYYY-MM-DD'), 902505);

insert into soldier ("PERSONALNUMBER", "SNAME", "BIRTHDATE", "SRANK", "DEPLOYMENTDATE", "SQUADNUMBER")
values (212671, 'Alejandra Grant', to_date('1982-11-04', 'YYYY-MM-DD'), 'Sergeant', to_date('2022-06-17', 'YYYY-MM-DD'), 426999);

insert into soldier ("PERSONALNUMBER", "SNAME", "BIRTHDATE", "SRANK", "DEPLOYMENTDATE", "SQUADNUMBER")
values (127172, 'Craig Krueger', to_date('1989-07-24', 'YYYY-MM-DD'), 'Lieutenant', to_date('2021-12-10', 'YYYY-MM-DD'), 875092);

insert into soldier ("PERSONALNUMBER", "SNAME", "BIRTHDATE", "SRANK", "DEPLOYMENTDATE", "SQUADNUMBER")
values (492074, 'David Anderson', to_date('1993-02-06', 'YYYY-MM-DD'), 'Captain', to_date('2020-11-02', 'YYYY-MM-DD'), 864628);

insert into soldier ("PERSONALNUMBER", "SNAME", "BIRTHDATE", "SRANK", "DEPLOYMENTDATE", "SQUADNUMBER")
values (102485, 'Kelsey Perry', to_date('1988-10-07', 'YYYY-MM-DD'), 'General', to_date('2024-03-17', 'YYYY-MM-DD'), 831566);

commit;

insert into soldier ("PERSONALNUMBER", "SNAME", "BIRTHDATE", "SRANK", "DEPLOYMENTDATE", "SQUADNUMBER")
values (167419, 'Lisa Thomas', to_date('1980-07-17', 'YYYY-MM-DD'), 'General', to_date('2023-04-14', 'YYYY-MM-DD'), 114900);

insert into soldier ("PERSONALNUMBER", "SNAME", "BIRTHDATE", "SRANK", "DEPLOYMENTDATE", "SQUADNUMBER")
values (670218, 'Glenn Mills', to_date('1974-08-17', 'YYYY-MM-DD'), 'Captain', to_date('2021-11-08', 'YYYY-MM-DD'), 103462);

insert into soldier ("PERSONALNUMBER", "SNAME", "BIRTHDATE", "SRANK", "DEPLOYMENTDATE", "SQUADNUMBER")
values (478775, 'Lisa Jenkins', to_date('1985-08-08', 'YYYY-MM-DD'), 'Colonel', to_date('2024-06-10', 'YYYY-MM-DD'), 341243);

insert into soldier ("PERSONALNUMBER", "SNAME", "BIRTHDATE", "SRANK", "DEPLOYMENTDATE", "SQUADNUMBER")
values (838432, 'Leonard Williams', to_date('1989-02-13', 'YYYY-MM-DD'), 'Major', to_date('2021-05-21', 'YYYY-MM-DD'), 277474);

insert into soldier ("PERSONALNUMBER", "SNAME", "BIRTHDATE", "SRANK", "DEPLOYMENTDATE", "SQUADNUMBER")
values (435116, 'Joseph Padilla', to_date('1980-05-17', 'YYYY-MM-DD'), 'Private', to_date('2021-06-05', 'YYYY-MM-DD'), 416174);

insert into soldier ("PERSONALNUMBER", "SNAME", "BIRTHDATE", "SRANK", "DEPLOYMENTDATE", "SQUADNUMBER")
values (576504, 'Kristen Williams', to_date('1997-08-08', 'YYYY-MM-DD'), 'Lieutenant', to_date('2020-08-11', 'YYYY-MM-DD'), 178540);

insert into soldier ("PERSONALNUMBER", "SNAME", "BIRTHDATE", "SRANK", "DEPLOYMENTDATE", "SQUADNUMBER")
values (680325, 'Michael Diaz', to_date('2004-03-01', 'YYYY-MM-DD'), 'Sergeant', to_date('2019-12-20', 'YYYY-MM-DD'), 321678);

insert into soldier ("PERSONALNUMBER", "SNAME", "BIRTHDATE", "SRANK", "DEPLOYMENTDATE", "SQUADNUMBER")
values (357745, 'Gregory Clark', to_date('1984-05-12', 'YYYY-MM-DD'), 'Corporal', to_date('2024-02-12', 'YYYY-MM-DD'), 984592);

insert into soldier ("PERSONALNUMBER", "SNAME", "BIRTHDATE", "SRANK", "DEPLOYMENTDATE", "SQUADNUMBER")
values (351623, 'Daniel Carter', to_date('2002-06-11', 'YYYY-MM-DD'), 'Lieutenant', to_date('2021-11-28', 'YYYY-MM-DD'), 323555);

insert into soldier ("PERSONALNUMBER", "SNAME", "BIRTHDATE", "SRANK", "DEPLOYMENTDATE", "SQUADNUMBER")
values (119949, 'Sara Wolfe', to_date('2006-03-07', 'YYYY-MM-DD'), 'Private', to_date('2019-11-09', 'YYYY-MM-DD'), 772206);

insert into soldier ("PERSONALNUMBER", "SNAME", "BIRTHDATE", "SRANK", "DEPLOYMENTDATE", "SQUADNUMBER")
values (148236, 'Laura Lewis', to_date('1984-01-29', 'YYYY-MM-DD'), 'Major', to_date('2019-09-17', 'YYYY-MM-DD'), 544107);

insert into soldier ("PERSONALNUMBER", "SNAME", "BIRTHDATE", "SRANK", "DEPLOYMENTDATE", "SQUADNUMBER")
values (508079, 'John Sanchez', to_date('1983-01-13', 'YYYY-MM-DD'), 'General', to_date('2023-10-04', 'YYYY-MM-DD'), 667509);

insert into soldier ("PERSONALNUMBER", "SNAME", "BIRTHDATE", "SRANK", "DEPLOYMENTDATE", "SQUADNUMBER")
values (912634, 'Ashley Finley', to_date('1973-09-28', 'YYYY-MM-DD'), 'Corporal', to_date('2021-03-30', 'YYYY-MM-DD'), 940860);

insert into soldier ("PERSONALNUMBER", "SNAME", "BIRTHDATE", "SRANK", "DEPLOYMENTDATE", "SQUADNUMBER")
values (712212, 'Alexis Obrien', to_date('2002-09-27', 'YYYY-MM-DD'), 'Captain', to_date('2020-11-23', 'YYYY-MM-DD'), 596985);

insert into soldier ("PERSONALNUMBER", "SNAME", "BIRTHDATE", "SRANK", "DEPLOYMENTDATE", "SQUADNUMBER")
values (125993, 'James Cain', to_date('1987-03-16', 'YYYY-MM-DD'), 'Corporal', to_date('2020-06-04', 'YYYY-MM-DD'), 225753);

insert into soldier ("PERSONALNUMBER", "SNAME", "BIRTHDATE", "SRANK", "DEPLOYMENTDATE", "SQUADNUMBER")
values (760950, 'Connie Richards', to_date('1994-04-22', 'YYYY-MM-DD'), 'Major', to_date('2019-11-21', 'YYYY-MM-DD'), 775720);

insert into soldier ("PERSONALNUMBER", "SNAME", "BIRTHDATE", "SRANK", "DEPLOYMENTDATE", "SQUADNUMBER")
values (779583, 'Adam Gonzales', to_date('1983-10-28', 'YYYY-MM-DD'), 'Lieutenant', to_date('2023-03-03', 'YYYY-MM-DD'), 192011);

insert into soldier ("PERSONALNUMBER", "SNAME", "BIRTHDATE", "SRANK", "DEPLOYMENTDATE", "SQUADNUMBER")
values (751372, 'George Hodges', to_date('1989-03-10', 'YYYY-MM-DD'), 'Major', to_date('2021-07-16', 'YYYY-MM-DD'), 960142);

insert into soldier ("PERSONALNUMBER", "SNAME", "BIRTHDATE", "SRANK", "DEPLOYMENTDATE", "SQUADNUMBER")
values (677896, 'John Rosales', to_date('1993-11-05', 'YYYY-MM-DD'), 'Lieutenant', to_date('2021-05-05', 'YYYY-MM-DD'), 250486);

insert into soldier ("PERSONALNUMBER", "SNAME", "BIRTHDATE", "SRANK", "DEPLOYMENTDATE", "SQUADNUMBER")
values (547816, 'Michael Kelley', to_date('1987-09-19', 'YYYY-MM-DD'), 'Corporal', to_date('2021-05-21', 'YYYY-MM-DD'), 604999);

insert into soldier ("PERSONALNUMBER", "SNAME", "BIRTHDATE", "SRANK", "DEPLOYMENTDATE", "SQUADNUMBER")
values (140981, 'Samantha Floyd', to_date('1995-02-22', 'YYYY-MM-DD'), 'General', to_date('2022-12-24', 'YYYY-MM-DD'), 553551);

insert into soldier ("PERSONALNUMBER", "SNAME", "BIRTHDATE", "SRANK", "DEPLOYMENTDATE", "SQUADNUMBER")
values (319585, 'Alison Wright', to_date('1987-04-27', 'YYYY-MM-DD'), 'Sergeant', to_date('2019-12-24', 'YYYY-MM-DD'), 934760);

insert into soldier ("PERSONALNUMBER", "SNAME", "BIRTHDATE", "SRANK", "DEPLOYMENTDATE", "SQUADNUMBER")
values (366605, 'Hayley Ellison', to_date('1988-10-26', 'YYYY-MM-DD'), 'Lieutenant', to_date('2024-01-21', 'YYYY-MM-DD'), 612397);

insert into soldier ("PERSONALNUMBER", "SNAME", "BIRTHDATE", "SRANK", "DEPLOYMENTDATE", "SQUADNUMBER")
values (343432, 'Kelly Ryan', to_date('1976-03-31', 'YYYY-MM-DD'), 'General', to_date('2023-04-18', 'YYYY-MM-DD'), 778590);

insert into soldier ("PERSONALNUMBER", "SNAME", "BIRTHDATE", "SRANK", "DEPLOYMENTDATE", "SQUADNUMBER")
values (809511, 'Rebecca Phillips', to_date('1997-12-07', 'YYYY-MM-DD'), 'Sergeant', to_date('2021-03-05', 'YYYY-MM-DD'), 867735);

insert into soldier ("PERSONALNUMBER", "SNAME", "BIRTHDATE", "SRANK", "DEPLOYMENTDATE", "SQUADNUMBER")
values (164984, 'Christina Thomas', to_date('1995-11-11', 'YYYY-MM-DD'), 'Colonel', to_date('2022-12-04', 'YYYY-MM-DD'), 244260);

insert into soldier ("PERSONALNUMBER", "SNAME", "BIRTHDATE", "SRANK", "DEPLOYMENTDATE", "SQUADNUMBER")
values (175584, 'Bradley Nelson', to_date('2003-06-16', 'YYYY-MM-DD'), 'Private', to_date('2021-07-21', 'YYYY-MM-DD'), 512820);

insert into soldier ("PERSONALNUMBER", "SNAME", "BIRTHDATE", "SRANK", "DEPLOYMENTDATE", "SQUADNUMBER")
values (800813, 'Mitchell Bowen', to_date('1973-12-08', 'YYYY-MM-DD'), 'General', to_date('2024-01-15', 'YYYY-MM-DD'), 818785);

insert into soldier ("PERSONALNUMBER", "SNAME", "BIRTHDATE", "SRANK", "DEPLOYMENTDATE", "SQUADNUMBER")
values (569943, 'Amy Griffin', to_date('2005-04-10', 'YYYY-MM-DD'), 'Major', to_date('2019-09-26', 'YYYY-MM-DD'), 790171);

insert into soldier ("PERSONALNUMBER", "SNAME", "BIRTHDATE", "SRANK", "DEPLOYMENTDATE", "SQUADNUMBER")
values (861474, 'Janice Ruiz', to_date('1985-11-27', 'YYYY-MM-DD'), 'Major', to_date('2021-09-14', 'YYYY-MM-DD'), 741740);

insert into soldier ("PERSONALNUMBER", "SNAME", "BIRTHDATE", "SRANK", "DEPLOYMENTDATE", "SQUADNUMBER")
values (112944, 'Joseph Campos', to_date('2002-12-20', 'YYYY-MM-DD'), 'Sergeant', to_date('2020-05-03', 'YYYY-MM-DD'), 984592);

insert into soldier ("PERSONALNUMBER", "SNAME", "BIRTHDATE", "SRANK", "DEPLOYMENTDATE", "SQUADNUMBER")
values (882680, 'Donald Turner', to_date('1983-10-29', 'YYYY-MM-DD'), 'Sergeant', to_date('2024-06-05', 'YYYY-MM-DD'), 826337);

insert into soldier ("PERSONALNUMBER", "SNAME", "BIRTHDATE", "SRANK", "DEPLOYMENTDATE", "SQUADNUMBER")
values (676159, 'Shelly Shea', to_date('1983-01-17', 'YYYY-MM-DD'), 'Lieutenant', to_date('2023-12-21', 'YYYY-MM-DD'), 146887);

insert into soldier ("PERSONALNUMBER", "SNAME", "BIRTHDATE", "SRANK", "DEPLOYMENTDATE", "SQUADNUMBER")
values (233322, 'Randy Davis', to_date('1989-07-26', 'YYYY-MM-DD'), 'Captain', to_date('2020-05-31', 'YYYY-MM-DD'), 996311);

insert into soldier ("PERSONALNUMBER", "SNAME", "BIRTHDATE", "SRANK", "DEPLOYMENTDATE", "SQUADNUMBER")
values (402676, 'Lee Torres', to_date('2005-02-05', 'YYYY-MM-DD'), 'Captain', to_date('2020-06-20', 'YYYY-MM-DD'), 494763);

insert into soldier ("PERSONALNUMBER", "SNAME", "BIRTHDATE", "SRANK", "DEPLOYMENTDATE", "SQUADNUMBER")
values (391683, 'Mark Mitchell', to_date('2005-12-02', 'YYYY-MM-DD'), 'Sergeant', to_date('2019-10-11', 'YYYY-MM-DD'), 375592);

insert into soldier ("PERSONALNUMBER", "SNAME", "BIRTHDATE", "SRANK", "DEPLOYMENTDATE", "SQUADNUMBER")
values (808732, 'Audrey Sampson', to_date('1978-07-20', 'YYYY-MM-DD'), 'Captain', to_date('2022-10-04', 'YYYY-MM-DD'), 968984);

insert into soldier ("PERSONALNUMBER", "SNAME", "BIRTHDATE", "SRANK", "DEPLOYMENTDATE", "SQUADNUMBER")
values (778148, 'Tony Stewart', to_date('1986-11-05', 'YYYY-MM-DD'), 'Corporal', to_date('2021-11-27', 'YYYY-MM-DD'), 205485);

insert into soldier ("PERSONALNUMBER", "SNAME", "BIRTHDATE", "SRANK", "DEPLOYMENTDATE", "SQUADNUMBER")
values (342347, 'Elizabeth Brown', to_date('1990-09-18', 'YYYY-MM-DD'), 'Lieutenant', to_date('2023-12-06', 'YYYY-MM-DD'), 432886);

insert into soldier ("PERSONALNUMBER", "SNAME", "BIRTHDATE", "SRANK", "DEPLOYMENTDATE", "SQUADNUMBER")
values (608449, 'Joshua Pierce', to_date('1997-08-14', 'YYYY-MM-DD'), 'Colonel', to_date('2023-10-17', 'YYYY-MM-DD'), 214924);

insert into soldier ("PERSONALNUMBER", "SNAME", "BIRTHDATE", "SRANK", "DEPLOYMENTDATE", "SQUADNUMBER")
values (884208, 'Diane Arellano', to_date('2004-02-05', 'YYYY-MM-DD'), 'General', to_date('2024-03-12', 'YYYY-MM-DD'), 143225);

insert into soldier ("PERSONALNUMBER", "SNAME", "BIRTHDATE", "SRANK", "DEPLOYMENTDATE", "SQUADNUMBER")
values (154913, 'Lindsey Williams', to_date('1979-06-04', 'YYYY-MM-DD'), 'Private', to_date('2019-07-11', 'YYYY-MM-DD'), 367780);

insert into soldier ("PERSONALNUMBER", "SNAME", "BIRTHDATE", "SRANK", "DEPLOYMENTDATE", "SQUADNUMBER")
values (425430, 'Joel Johnson', to_date('1977-06-24', 'YYYY-MM-DD'), 'Colonel', to_date('2021-09-03', 'YYYY-MM-DD'), 627050);

insert into soldier ("PERSONALNUMBER", "SNAME", "BIRTHDATE", "SRANK", "DEPLOYMENTDATE", "SQUADNUMBER")
values (192748, 'Amanda Carlson', to_date('1983-11-30', 'YYYY-MM-DD'), 'Corporal', to_date('2023-08-06', 'YYYY-MM-DD'), 733296);

insert into soldier ("PERSONALNUMBER", "SNAME", "BIRTHDATE", "SRANK", "DEPLOYMENTDATE", "SQUADNUMBER")
values (677419, 'Nicole Hess', to_date('1995-02-06', 'YYYY-MM-DD'), 'General', to_date('2020-06-16', 'YYYY-MM-DD'), 237909);

insert into soldier ("PERSONALNUMBER", "SNAME", "BIRTHDATE", "SRANK", "DEPLOYMENTDATE", "SQUADNUMBER")
values (161002, 'Emily Mccarthy', to_date('2002-12-10', 'YYYY-MM-DD'), 'Private', to_date('2021-03-31', 'YYYY-MM-DD'), 572532);

insert into soldier ("PERSONALNUMBER", "SNAME", "BIRTHDATE", "SRANK", "DEPLOYMENTDATE", "SQUADNUMBER")
values (414272, 'William Franklin', to_date('1984-07-24', 'YYYY-MM-DD'), 'General', to_date('2024-07-01', 'YYYY-MM-DD'), 516132);

insert into soldier ("PERSONALNUMBER", "SNAME", "BIRTHDATE", "SRANK", "DEPLOYMENTDATE", "SQUADNUMBER")
values (949805, 'Diana Moreno', to_date('2004-07-24', 'YYYY-MM-DD'), 'Sergeant', to_date('2022-02-09', 'YYYY-MM-DD'), 548925);

insert into soldier ("PERSONALNUMBER", "SNAME", "BIRTHDATE", "SRANK", "DEPLOYMENTDATE", "SQUADNUMBER")
values (441560, 'Benjamin Collins', to_date('2000-09-09', 'YYYY-MM-DD'), 'General', to_date('2021-08-18', 'YYYY-MM-DD'), 946115);

insert into soldier ("PERSONALNUMBER", "SNAME", "BIRTHDATE", "SRANK", "DEPLOYMENTDATE", "SQUADNUMBER")
values (112669, 'Alexander Johnson', to_date('2003-12-08', 'YYYY-MM-DD'), 'Sergeant', to_date('2023-10-16', 'YYYY-MM-DD'), 608453);

insert into soldier ("PERSONALNUMBER", "SNAME", "BIRTHDATE", "SRANK", "DEPLOYMENTDATE", "SQUADNUMBER")
values (150171, 'Andrew Hayden', to_date('1974-06-18', 'YYYY-MM-DD'), 'Captain', to_date('2023-03-13', 'YYYY-MM-DD'), 413818);

insert into soldier ("PERSONALNUMBER", "SNAME", "BIRTHDATE", "SRANK", "DEPLOYMENTDATE", "SQUADNUMBER")
values (848996, 'Leslie Brown', to_date('2005-08-01', 'YYYY-MM-DD'), 'Captain', to_date('2020-07-21', 'YYYY-MM-DD'), 612746);

insert into soldier ("PERSONALNUMBER", "SNAME", "BIRTHDATE", "SRANK", "DEPLOYMENTDATE", "SQUADNUMBER")
values (266222, 'Kimberly Baxter', to_date('1980-10-31', 'YYYY-MM-DD'), 'Colonel', to_date('2022-02-25', 'YYYY-MM-DD'), 784280);

insert into soldier ("PERSONALNUMBER", "SNAME", "BIRTHDATE", "SRANK", "DEPLOYMENTDATE", "SQUADNUMBER")
values (391074, 'Jacob Arellano', to_date('1982-01-08', 'YYYY-MM-DD'), 'General', to_date('2024-06-26', 'YYYY-MM-DD'), 401283);

insert into soldier ("PERSONALNUMBER", "SNAME", "BIRTHDATE", "SRANK", "DEPLOYMENTDATE", "SQUADNUMBER")
values (320474, 'Brian Stark', to_date('1994-06-10', 'YYYY-MM-DD'), 'General', to_date('2021-07-31', 'YYYY-MM-DD'), 426999);

insert into soldier ("PERSONALNUMBER", "SNAME", "BIRTHDATE", "SRANK", "DEPLOYMENTDATE", "SQUADNUMBER")
values (189007, 'Meagan Cameron', to_date('2000-05-23', 'YYYY-MM-DD'), 'General', to_date('2021-08-18', 'YYYY-MM-DD'), 984622);

insert into soldier ("PERSONALNUMBER", "SNAME", "BIRTHDATE", "SRANK", "DEPLOYMENTDATE", "SQUADNUMBER")
values (817744, 'Jennifer Wilkerson', to_date('1994-10-22', 'YYYY-MM-DD'), 'Colonel', to_date('2021-02-11', 'YYYY-MM-DD'), 358567);

insert into soldier ("PERSONALNUMBER", "SNAME", "BIRTHDATE", "SRANK", "DEPLOYMENTDATE", "SQUADNUMBER")
values (229848, 'Theresa Walker', to_date('1995-02-03', 'YYYY-MM-DD'), 'Lieutenant', to_date('2022-01-26', 'YYYY-MM-DD'), 429894);

insert into soldier ("PERSONALNUMBER", "SNAME", "BIRTHDATE", "SRANK", "DEPLOYMENTDATE", "SQUADNUMBER")
values (471029, 'Patrick Duarte', to_date('1993-06-01', 'YYYY-MM-DD'), 'Captain', to_date('2023-09-03', 'YYYY-MM-DD'), 224737);

insert into soldier ("PERSONALNUMBER", "SNAME", "BIRTHDATE", "SRANK", "DEPLOYMENTDATE", "SQUADNUMBER")
values (760695, 'Joshua Rubio', to_date('1977-03-16', 'YYYY-MM-DD'), 'Private', to_date('2019-09-03', 'YYYY-MM-DD'), 664550);

insert into soldier ("PERSONALNUMBER", "SNAME", "BIRTHDATE", "SRANK", "DEPLOYMENTDATE", "SQUADNUMBER")
values (126513, 'Matthew Morrow', to_date('1994-11-04', 'YYYY-MM-DD'), 'Corporal', to_date('2020-12-22', 'YYYY-MM-DD'), 730222);

insert into soldier ("PERSONALNUMBER", "SNAME", "BIRTHDATE", "SRANK", "DEPLOYMENTDATE", "SQUADNUMBER")
values (227679, 'Gavin Peterson', to_date('1993-01-05', 'YYYY-MM-DD'), 'Sergeant', to_date('2024-06-21', 'YYYY-MM-DD'), 250770);

insert into soldier ("PERSONALNUMBER", "SNAME", "BIRTHDATE", "SRANK", "DEPLOYMENTDATE", "SQUADNUMBER")
values (759914, 'Julie Moss', to_date('1979-01-21', 'YYYY-MM-DD'), 'Major', to_date('2020-02-21', 'YYYY-MM-DD'), 664550);

insert into soldier ("PERSONALNUMBER", "SNAME", "BIRTHDATE", "SRANK", "DEPLOYMENTDATE", "SQUADNUMBER")
values (760700, 'Deborah Gray', to_date('1996-03-31', 'YYYY-MM-DD'), 'Lieutenant', to_date('2024-04-11', 'YYYY-MM-DD'), 611451);

insert into soldier ("PERSONALNUMBER", "SNAME", "BIRTHDATE", "SRANK", "DEPLOYMENTDATE", "SQUADNUMBER")
values (588820, 'Valerie Reed', to_date('1999-10-23', 'YYYY-MM-DD'), 'Major', to_date('2020-10-02', 'YYYY-MM-DD'), 826337);

insert into soldier ("PERSONALNUMBER", "SNAME", "BIRTHDATE", "SRANK", "DEPLOYMENTDATE", "SQUADNUMBER")
values (945757, 'Adam Baxter', to_date('1997-07-28', 'YYYY-MM-DD'), 'Lieutenant', to_date('2021-03-05', 'YYYY-MM-DD'), 508340);

insert into soldier ("PERSONALNUMBER", "SNAME", "BIRTHDATE", "SRANK", "DEPLOYMENTDATE", "SQUADNUMBER")
values (915588, 'Meghan Nunez', to_date('1993-12-24', 'YYYY-MM-DD'), 'Private', to_date('2023-09-25', 'YYYY-MM-DD'), 221163);

insert into soldier ("PERSONALNUMBER", "SNAME", "BIRTHDATE", "SRANK", "DEPLOYMENTDATE", "SQUADNUMBER")
values (160454, 'Sarah Mcdonald', to_date('1974-05-15', 'YYYY-MM-DD'), 'General', to_date('2023-02-16', 'YYYY-MM-DD'), 713484);

insert into soldier ("PERSONALNUMBER", "SNAME", "BIRTHDATE", "SRANK", "DEPLOYMENTDATE", "SQUADNUMBER")
values (849794, 'John Ford', to_date('1979-11-23', 'YYYY-MM-DD'), 'Private', to_date('2023-01-09', 'YYYY-MM-DD'), 451076);

insert into soldier ("PERSONALNUMBER", "SNAME", "BIRTHDATE", "SRANK", "DEPLOYMENTDATE", "SQUADNUMBER")
values (695936, 'Michelle Salazar', to_date('2003-12-18', 'YYYY-MM-DD'), 'Major', to_date('2024-03-27', 'YYYY-MM-DD'), 940703);

insert into soldier ("PERSONALNUMBER", "SNAME", "BIRTHDATE", "SRANK", "DEPLOYMENTDATE", "SQUADNUMBER")
values (731472, 'Teresa Martinez', to_date('1992-10-19', 'YYYY-MM-DD'), 'Colonel', to_date('2022-03-06', 'YYYY-MM-DD'), 945270);

insert into soldier ("PERSONALNUMBER", "SNAME", "BIRTHDATE", "SRANK", "DEPLOYMENTDATE", "SQUADNUMBER")
values (434384, 'Matthew Murphy', to_date('1987-10-30', 'YYYY-MM-DD'), 'Colonel', to_date('2023-12-14', 'YYYY-MM-DD'), 232938);

insert into soldier ("PERSONALNUMBER", "SNAME", "BIRTHDATE", "SRANK", "DEPLOYMENTDATE", "SQUADNUMBER")
values (573370, 'Elizabeth Guzman', to_date('1999-05-28', 'YYYY-MM-DD'), 'Major', to_date('2022-10-02', 'YYYY-MM-DD'), 221163);

insert into soldier ("PERSONALNUMBER", "SNAME", "BIRTHDATE", "SRANK", "DEPLOYMENTDATE", "SQUADNUMBER")
values (209031, 'James Faulkner', to_date('1979-08-17', 'YYYY-MM-DD'), 'Private', to_date('2023-03-21', 'YYYY-MM-DD'), 244260);

insert into soldier ("PERSONALNUMBER", "SNAME", "BIRTHDATE", "SRANK", "DEPLOYMENTDATE", "SQUADNUMBER")
values (594850, 'Denise Clayton', to_date('1988-01-02', 'YYYY-MM-DD'), 'Colonel', to_date('2021-03-05', 'YYYY-MM-DD'), 775720);

insert into soldier ("PERSONALNUMBER", "SNAME", "BIRTHDATE", "SRANK", "DEPLOYMENTDATE", "SQUADNUMBER")
values (133365, 'Brian Martinez', to_date('1974-11-17', 'YYYY-MM-DD'), 'Corporal', to_date('2020-04-14', 'YYYY-MM-DD'), 632307);

insert into soldier ("PERSONALNUMBER", "SNAME", "BIRTHDATE", "SRANK", "DEPLOYMENTDATE", "SQUADNUMBER")
values (876163, 'Christopher Hopkins', to_date('2001-01-10', 'YYYY-MM-DD'), 'Corporal', to_date('2021-05-08', 'YYYY-MM-DD'), 250770);

insert into soldier ("PERSONALNUMBER", "SNAME", "BIRTHDATE", "SRANK", "DEPLOYMENTDATE", "SQUADNUMBER")
values (156876, 'Janet Fisher', to_date('1996-04-09', 'YYYY-MM-DD'), 'Colonel', to_date('2021-08-02', 'YYYY-MM-DD'), 533479);

insert into soldier ("PERSONALNUMBER", "SNAME", "BIRTHDATE", "SRANK", "DEPLOYMENTDATE", "SQUADNUMBER")
values (300708, 'Reginald Dyer', to_date('1996-06-07', 'YYYY-MM-DD'), 'Corporal', to_date('2021-05-11', 'YYYY-MM-DD'), 951524);

insert into soldier ("PERSONALNUMBER", "SNAME", "BIRTHDATE", "SRANK", "DEPLOYMENTDATE", "SQUADNUMBER")
values (440461, 'Kaylee Bray', to_date('2004-04-18', 'YYYY-MM-DD'), 'Corporal', to_date('2023-11-15', 'YYYY-MM-DD'), 861700);

insert into soldier ("PERSONALNUMBER", "SNAME", "BIRTHDATE", "SRANK", "DEPLOYMENTDATE", "SQUADNUMBER")
values (765039, 'Andrew Watts', to_date('1989-01-10', 'YYYY-MM-DD'), 'Captain', to_date('2019-11-11', 'YYYY-MM-DD'), 897344);

insert into soldier ("PERSONALNUMBER", "SNAME", "BIRTHDATE", "SRANK", "DEPLOYMENTDATE", "SQUADNUMBER")
values (832291, 'Jim Burgess', to_date('2002-02-04', 'YYYY-MM-DD'), 'Captain', to_date('2020-12-08', 'YYYY-MM-DD'), 544107);

insert into soldier ("PERSONALNUMBER", "SNAME", "BIRTHDATE", "SRANK", "DEPLOYMENTDATE", "SQUADNUMBER")
values (724432, 'Eric Petersen', to_date('1997-08-26', 'YYYY-MM-DD'), 'General', to_date('2022-09-24', 'YYYY-MM-DD'), 775720);

insert into soldier ("PERSONALNUMBER", "SNAME", "BIRTHDATE", "SRANK", "DEPLOYMENTDATE", "SQUADNUMBER")
values (142021, 'Kim Guerra DDS', to_date('1990-07-17', 'YYYY-MM-DD'), 'Private', to_date('2022-12-24', 'YYYY-MM-DD'), 641897);

insert into soldier ("PERSONALNUMBER", "SNAME", "BIRTHDATE", "SRANK", "DEPLOYMENTDATE", "SQUADNUMBER")
values (660264, 'Lee Ortiz', to_date('2005-07-18', 'YYYY-MM-DD'), 'Private', to_date('2023-03-07', 'YYYY-MM-DD'), 561581);

insert into soldier ("PERSONALNUMBER", "SNAME", "BIRTHDATE", "SRANK", "DEPLOYMENTDATE", "SQUADNUMBER")
values (688025, 'Vernon Tran', to_date('1980-09-27', 'YYYY-MM-DD'), 'Sergeant', to_date('2023-11-25', 'YYYY-MM-DD'), 984592);

insert into soldier ("PERSONALNUMBER", "SNAME", "BIRTHDATE", "SRANK", "DEPLOYMENTDATE", "SQUADNUMBER")
values (459211, 'Stacy Brewer', to_date('1980-04-15', 'YYYY-MM-DD'), 'Sergeant', to_date('2023-02-20', 'YYYY-MM-DD'), 439346);

insert into soldier ("PERSONALNUMBER", "SNAME", "BIRTHDATE", "SRANK", "DEPLOYMENTDATE", "SQUADNUMBER")
values (508018, 'Tommy Padilla', to_date('1977-08-09', 'YYYY-MM-DD'), 'Private', to_date('2020-06-17', 'YYYY-MM-DD'), 544614);

insert into soldier ("PERSONALNUMBER", "SNAME", "BIRTHDATE", "SRANK", "DEPLOYMENTDATE", "SQUADNUMBER")
values (580622, 'Heather Allen', to_date('1981-07-04', 'YYYY-MM-DD'), 'Private', to_date('2022-09-23', 'YYYY-MM-DD'), 103462);

insert into soldier ("PERSONALNUMBER", "SNAME", "BIRTHDATE", "SRANK", "DEPLOYMENTDATE", "SQUADNUMBER")
values (808113, 'Nathaniel Richardson', to_date('1992-09-26', 'YYYY-MM-DD'), 'Private', to_date('2022-09-14', 'YYYY-MM-DD'), 825317);

insert into soldier ("PERSONALNUMBER", "SNAME", "BIRTHDATE", "SRANK", "DEPLOYMENTDATE", "SQUADNUMBER")
values (878735, 'Melinda Lopez', to_date('1988-03-30', 'YYYY-MM-DD'), 'Captain', to_date('2023-01-14', 'YYYY-MM-DD'), 368653);

insert into soldier ("PERSONALNUMBER", "SNAME", "BIRTHDATE", "SRANK", "DEPLOYMENTDATE", "SQUADNUMBER")
values (668640, 'Sarah Miller DDS', to_date('2003-10-12', 'YYYY-MM-DD'), 'General', to_date('2022-03-02', 'YYYY-MM-DD'), 821941);

insert into soldier ("PERSONALNUMBER", "SNAME", "BIRTHDATE", "SRANK", "DEPLOYMENTDATE", "SQUADNUMBER")
values (326825, 'Sarah Scott', to_date('1999-11-13', 'YYYY-MM-DD'), 'Sergeant', to_date('2020-07-31', 'YYYY-MM-DD'), 926558);

insert into soldier ("PERSONALNUMBER", "SNAME", "BIRTHDATE", "SRANK", "DEPLOYMENTDATE", "SQUADNUMBER")
values (292501, 'Clinton Lawrence', to_date('1992-03-02', 'YYYY-MM-DD'), 'Private', to_date('2020-05-11', 'YYYY-MM-DD'), 178540);

insert into soldier ("PERSONALNUMBER", "SNAME", "BIRTHDATE", "SRANK", "DEPLOYMENTDATE", "SQUADNUMBER")
values (862987, 'James Velazquez', to_date('1999-06-01', 'YYYY-MM-DD'), 'Captain', to_date('2023-07-25', 'YYYY-MM-DD'), 356605);

insert into soldier ("PERSONALNUMBER", "SNAME", "BIRTHDATE", "SRANK", "DEPLOYMENTDATE", "SQUADNUMBER")
values (546051, 'Elizabeth Park', to_date('1997-04-05', 'YYYY-MM-DD'), 'General', to_date('2023-09-09', 'YYYY-MM-DD'), 945270);

insert into soldier ("PERSONALNUMBER", "SNAME", "BIRTHDATE", "SRANK", "DEPLOYMENTDATE", "SQUADNUMBER")
values (423978, 'Kenneth Hill', to_date('1975-04-03', 'YYYY-MM-DD'), 'Private', to_date('2020-08-31', 'YYYY-MM-DD'), 403863);

insert into soldier ("PERSONALNUMBER", "SNAME", "BIRTHDATE", "SRANK", "DEPLOYMENTDATE", "SQUADNUMBER")
values (217566, 'Alexander Sandoval', to_date('1989-01-21', 'YYYY-MM-DD'), 'Major', to_date('2022-08-28', 'YYYY-MM-DD'), 492796);

insert into soldier ("PERSONALNUMBER", "SNAME", "BIRTHDATE", "SRANK", "DEPLOYMENTDATE", "SQUADNUMBER")
values (766958, 'Dr. Christopher Serrano', to_date('1992-07-16', 'YYYY-MM-DD'), 'Sergeant', to_date('2023-02-23', 'YYYY-MM-DD'), 861700);

insert into soldier ("PERSONALNUMBER", "SNAME", "BIRTHDATE", "SRANK", "DEPLOYMENTDATE", "SQUADNUMBER")
values (880146, 'Brady Alvarez', to_date('1999-12-06', 'YYYY-MM-DD'), 'Lieutenant', to_date('2023-11-03', 'YYYY-MM-DD'), 675422);

commit;










